شمال	ʃ o m ɑː l
چنانکه	t͡ʃ o n ɑː n k e
مخاطب	m o x ɑː t a b
واکسن	v ɑ k s a n
نااهل	n ɑː ʔ a h l
بینی	b i n iː
جانباز	d͡ʒ ɑː m b ɑː z
موی	m uː j
دوست	d oː s t
فرق	f a ɾ q
زود	z u d
لوبیا	l oː b i i̯ ɑː
تازه‌ترین	t ɑː z e t a ɾ iː n
تصحیح	t a s h e h
صحرا	s a h ɾ ɑː
اجازه	e d͡ʒ ɑː z e
نظام	n e z ɑː m
شناختن	ʃ e n ɑː x t a n
الماس‌ها	a l m ɑː s h ɑː
بریدن	b o ɾ iː d a n
دقت	d e ɢ ɢ a t
ثابت	s ɑː b e tʰ
تار	t ɑː ɾ
تصویر	t a s v i ɾ
جان	d͡ʒ uː n
شپش	ʃ e p e ʃ
خدا	x o d ɑː
ابری	ʔ a b ɾ iː
برداشتن	b a ɾ d ɑː ʃ t a n
وسط	v a s a t
پیسه	p a j s a
زیرسیگاری	z iː ɾ s iː ɡ ɑː ɾ iː
رسمی	ɾ a s m iː
مهندسی	m o h a n d e s iː
زیر	z e ɾ
آفند	ɑː f a n d
سیر	s e ɾ
مرشدقلی	m o ɾ ʃ e d ɢ o l iː
فرج	f a ɾ d͡ʒ
مروارید	m o ɾ v ɑː ɾ iː d
قبرستان	q a b ɾ i s t ɑː n
غریب	ɢ a ɾ iː b
مقطع	m a q t a ʔ
نغز	n a ɣ z
ساده	s ɑː d a
خوراک	x o ɾ ɑː k
فرمان	f a ɾ m ɑː n
درآوردن	d a ɾ ɑː w a ɾ d a n
مؤمن	m o ʔ m e n
وج	v a d͡ʒ
شهادت	ʃ a h ɑː d̪ a t̪
مردانه	m a ɾ d ɑː n a
بچگی	b a t t͡ʃ a ɡ iː
نشاط	n e ʃ ɑː t
بخارا	b o x ɑː ɾ ɑː
ذاتی	z ɑː t iː
مرغ‌ها	m o ɾ ɣ h ɑː
جویدن	d͡ʒ a v i d a n
مرمر	m a ɾ m a ɾ
جدا	d͡ʒ e d d a n
ژامبون	ʒ ɑː m b o n
ارغوان	a ɾ ɣ a v ɑː n
جانورشناسی	d͡ʒ ɑː n w a ɾ ʃ i n ɑː s iː
تاجگذاری	t ɑː d͡ʒ ɡ u z ɑː ɾ iː
خودکشی	x o d k o ʃ iː
چاپگر	t͡ʃ ɑː p ɡ a ɾ
آژیر	ɑː ʔ ʒ iː ɾ
اداره	e d ɑː ɾ e
امید	o m iː d
برادر	b a ɾ ɑː d a ɾ
کلپ	k l a p
زمی	z m iː
ابرنواختر	a b a ɾ n a v a x t a ɾ
عسل	a s a l
ناژو	n ɑː ʒ uː
خستگی	x a s t i ɡ iː
پستان	p e s t ɑː n
تیمارستان	t i m ɑː ɾ i s t ɑː n
سلام	s a l ɑː m
علم	a l a m
شمسی	ʃ a m s iː
سوزن	s u z a n
مؤدب	m o ʔ a d d e b
مکتب	m a k t a b
ارتش	a ɾ t i ʃ
نیرومند	n iː ɾ uː m a n d̪
فعالیت	f a ʔ ɑː l i j j a t
پرنده	p a ɾ a n d a
فرانسه	f a ɾ ɑː n s a
حیران	h a i ɾ ɑː n
جیب	d͡ʒ e b
بدن	b a d a n
کردن	k a d a n
سوگ	s oː ɡ
نیم	n i m
سقرلات	s a q i ɾ l ɑː t
اختیار	e x t i j ɑː ɾ
نهفتن	n a h o f t a n
لو	l o w
شعب	ʃ o ʔ a b
صورتی	s uː ɾ a tʰ iː
آغاز	ɑː ɣ ɑː z
نو	n a v
سرحد	s a ɾ h a d
پردیس	p a ɾ d e s
کلفخشنگ	k a l a f a x ʃ a n ɡ
ناوخدا	n ɑː v x o d ɑː
زره	z e ɾ e h
ازبکستان	o z b a k e s t ɑː n
تنیدن	t a n iː d a n
نومد	n o w m a d
خوب	x u b
مسافر	m o s ɑː f e ɾ
مجرد	m o d͡ʒ a ɾ ɾ a d
دوران	d a w a ɾ ɑː n
ارزان	a ɾ z ɑː n
بعث	b a ʔ s
بیابان	b i j ɑː b ɑː n
پروگرام	p e ɾ o ɡ e ɾ ɑː m
دبیرستان	d a b i ɾ i s tʰ ɑː n
دراییدن	d a ɾ ɑː j iː d a n
شنبه	ʃ a n b a
ژوژ	ʒ oː ʒ
رسیدن	ɾ a s i d a n
خوشگل	x o ʃ ɡ e l
سیلاس	s iː l ɑː s
اخذ	ʔ a x z
فرزندخوانده	f a ɾ z a n d x ɑː n d a
خودکار	x o d k ɑː ɾ
کاخ	k ɑː x
سهم	s a h m
ولایت	v e l ɑː j a t
قانون	q ɑː n uː n
سال	s ɑː l
شجر	ʃ a d ʒ a r
خشم	x i ʃ m
روش	ɾ a v i ʃ
فارغ	f ɑː ɾ i ɣ
باعث	b ɑː ʔ i s
چاقو	t͡ʃ ɑː q uː
ـی	e
چنان	t ʃ o n ɑː n
شوربا	ʃ oː ɾ b ɑː
هی	h e j
لهذا	l e h ɑː z ɑː
معنی	m a ʔ n iː
چمیدن	t͡ʃ a m i d a n
درخت	d a ɾ a x t
هندوانه	h e n d e v ɑː n e
جدایی	d͡ʒ o d ɑː j iː
شاپور	ʃ ɑː p uː ɾ
کالیفرنیا	k ɑː l iː f o r n i j ɑː
شوکران	ʃ a v k a ɾ ɑː n
مادرانه	m ɑː d a ɾ ɑː n a
بالا	b ɑː l ɑː
نویسه‌گردانی	n e v iː s e ɡ a ɾ d ɑː n iː
زرین	z a ɾ ɾ i n
پیمودن	p a j m u d a n
ترشک	t o ɾ ʃ a k
پاپ	p ɑː p
خشمگین	x a ʃ m ɡ i n
هندوستان	h e n d uː s t ɑː n
زهره	z o h ɾ e
پاپوش	p ɑː p oː ʃ
بیچاره	b e t͡ʃ ɑː ɾ a
سیماب	s i m ɑː b
وکیل	v a k i l
نعناع	n a ʔ n ɑː ʔ
غنی	ɢ a n iː
گذاشتن	ɡ o z ɑː ʃ t a n
ناک	n ɑː k
زراوند	z a ɾ ɑː w a n d
خرگوش	x a ɾ ɡ oː ʃ
ثابت‌ها	s ɑː b e tʰ h ɑː
تفسیدن	t a f s i d a n
رسانیدن	ɾ a s ɑː n iː d a n
نالان	n ɑː l ɑː n
ستاره‌شناس	s e t ɑː ɾ e ʃ e n ɑː s
مکانیک	m e k ɑː n iː k
اولی	a v v a l iː
پوشاک	p oː ʃ ɑː k
خویش	x e ʃ
بدبخت	b a d b a x t
حکومت	h o k uː m a t
نیوشا	n i j oː ʃ ɑː
بهبود	b e h b uː d
آمیزش	ɑː m iː z e ʃ
بستن	b a s t a n
سایه	s ɑː j a
غسل	ɢ o s l
می‌خواهم	m iː x ɑː h a m
خالو	x ɑː l uː
تسخیر	t a s x i ɾ
ژاله	ʒ ɑː l a
نبض	n a b z
هرتز	h e ɾ t z
سمیعی	s a m iː ʔ iː
قیچی	q a j t͡ʃ iː
ایران‌ویج	e ɾ ɑː n v e d͡ʒ
من	m a n
نژادی	n e ʒ ɑː d iː
خشکاندن	x o ʃ k ɑː n d a n
چلنگر	t͡ʃ e l e n ɡ a ɾ
برنامه	b a ɾ n ɑː m a
بوران	b uː ɾ ɑ n
موفقیت	m o v a f f a ɢ iː j a t
توریستی	t u ɾ i s t
مثلا	m a s a l a n
پرتوقع	p o ɾ t a v a ɢ ɢ o ʔ
سنجاب	s a n d͡ʒ ɑː b
بوالعجب	b o l ʔ a d͡ʒ a b
لاعلاج	l ɑː ʔ i l ɑː d͡ʒ
سازمان	s ɑː z i m ɑː n
ـیسم	i s m
دیسال	d i s ɑː l
تا	t ɑː
حداکثر	h a d d i a k s a ɾ
آرامی	ɑː ɾ ɑː m iː
متضاد	m o t a z ɑː d
آچار	ɑː t͡ʃ ɑː ɾ
تمر	t a m u ɾ
پالایش	p ɑː l ɑː j i ʃ
بزرگ	b o z o ɾ ɡ
بالغ	b ɑː l e ɣ
سبد	s a b a d
پاک	p ɑː k
آب	ɑː b
اردیبهشت	o ɾ d iː b e h e ʃ t
غافت	ɢ ɑː f e t
جایگاه	d͡ʒ ɑː j ɡ ɑː h
کوفته	k oː f t a
کاهش	k ɑː h i ʃ
پتک	p o t k
ایالت	i j ɑː l a t
قهوه‌ای	q a h v a ʔ iː
تکیدن	t a k i d a n
ارزش	a ɾ z i ʃ
سری	s a ɾ iː
قهوه‌خانه	q a h v a x ɑː n a
دشوار	d o ʃ v ɑː ɾ
لایه	l ɑː j e
رستن	ɾ o s t a n
غم	ɢ a m
خنیا	x o n i j ɑː
آکندن	ʔ ɑː k a n d a n
حفاظت	h e f ɑː z a t
پایتخت	p ɑː j t a x t
عالم	ɑː l a m
شورش	ʃ u ɾ i ʃ
زیبیدن	z e b i d a n
موز	m a v z
سپر	s e p a ɾ
اذیت	a z i j a t
آستانه	ɑː s t ɑː n a
حتما	h a t m a n
سرپوش	s a ɾ p oː ʃ
دلاور	d e l ɑː v a ɾ
نجس‌تر	n a d ʒ a s t a ɾ
بیش	b e ʃ
الهام	e l h ɑː m
شغل	ʃ o ɢ l
آشوب	ɑː ʃ oː b
زیباترین	z iː b ɑː t a ɾ iː n
عدد	ʔ a d a d
داشتن	d ɑː ʃ t a n
فرهنگ	f a ɾ h a n ɡ
کلمه	k a l a m a
غمناک	ɢ a m n ɑː k
سلجوق	s a l d͡ʒ u q
صوت	s a v t
کبوتر	k a b oː t a ɾ
دعوت	d a ʔ v a t
بلد	b a l a d
اشترخار	o ʃ t o ɾ x ɑː ɾ
چطور	t͡ʃ e t o w ɾ
ستاره	s e t ɑː ɾ e
هامون	h ɑː m uː n
نفت	n a f t
تهرون	t e h ɾ uː n
خزاعی	x a z ɑː ʔ iː
بی‌شمار	b e ʃ u m ɑː ɾ
ادیان	a d j ɑː n
رنگین	ɾ a n ɡ i n
ختنه‌گاه	x a t n a ɡ ɑː h
نوشیدنی	n u ʃ i d a n iː
نژادپرست	n e ʒ ɑː d p a ɾ a s t
کشتن	k e ʃ t a n
خدنگ	x a d a n ɡ
وقت	v a q t
ظهور	z o h uː ɾ
انتقام	e n t e ɢ ɑː m
هنی	h a n iː
مقداد	m e ɣ d ɑː d
اصفهانی	e s f a h ɑː n iː
تاکنون	t ɑː k u n uː n
بهترین	b e h t a ɾ i n
مژده	m o ʒ d e
همنوع‌خواری	h a m n a v ʔ x ɑː ɾ iː
چینی	t͡ʃ i n iː
سنگین	s a n ɡ i n
کهف	k a h f
بوم	b u m
خاطره	x ɑː t i ɾ a
رودابه	ɾ uː d ɑː b e
ابهام	e b h ɑː m
عصر	ʔ a s ɾ
دستار	d a s t ɑː ɾ
همجنس‌گراهراس	h a m d͡ʒ i n s ɡ a ɾ ɑː h a ɾ ɑː s
الموت	ʔ a l a m uː t
استراتژی	ɛ s t ɾ ɑː t ɛ ʒ iː
بار	b ɑː ɾ
تولد	t a v a l l u d
جادو	d͡ʒ ɑː d uː
رازی	ɾ ɑː z iː
ول	v e l
بری	b e ɾ e j
قبر	q a b ɾ
تازه	t ɑː z a
استعداد	e s t e ʔ d ɑː d
مربا	m o r a b b ɑ
دنیا	d o n j ɑː
طوفان	t u f ɑː n
شیردال	ʃ e ɾ d ɑː l
پیکار	p a j k ɑː ɾ
خجالتی	x e d͡ʒ ɑː l a t iː
مغرور	m a ɣ ɾ uː ɾ
پی	p e j
زورمند	z oː ɾ m a n d
قند	q a n d
الله‌قلی	a l l ɑː h q u l iː
شکافتن	ʃ e k ɑː f t a n
نیمروز	n e m ɾ ɵː z
خلوت	x a l v a t
عضوها	o z v h ɑ
پا	p ɑː
کتاب	k e t ɑː b
مهمان	m e h m ɑː n
ژرفی	ʒ a ɾ f iː
سیب	s e b
سوسمار	s uː s m ɑː r
پرتگاه	p a ɾ t ɡ ɑː h
مردم‌شناس	m a ɾ d u m ʃ i n ɑː s
خوشگل‌ترین	x o ʃ ɡ e l t a ɾ iː n
کادو	k ɑː d u
فرشته	f a ɾ i ʃ t a
هند	h e n d
سیاست	s i j ɑː s a t
مرد	m a ɾ d
کلاس	k e l ɑː s
شجاعت	ʃ a d͡ʒ ɑ ʔ a t
چرک	t ʃ e ɾ k
قیمه	q a j m a
چهارده	t͡ʃ a h ɑː ɾ d a h
تشریح	t a ʃ ɾ e h
نواختن	n a v ɑː x t a n
اشک	a ʃ k
جنس	d͡ʒ e n s
شاهنامه	ʃ ɑː h n ɑː m a
اسکندر	e s k a n d a ɾ
دلسوز	d̪ i l s oː z
چو	t ʃ o w
همدم	h a m d a m
موقعیت	m a v q i ʔ i j a t
بنابراین	b e n ɑː b a ɾ iː n
مهر	m a h ɾ
پرندگان	p a ɾ a n d a ɡ ɑː n
پرکار	p o ɾ k ɑː ɾ
شراب	ʃ a ɾ ɑː b
کود	k oː d
اعضا	a ʔ z ɑː
تولید	t a v l i d
مقدس	m o ɢ a d d a s
زرشکی	z e ɾ e ʃ k iː
مس	m e s
فامیل	f ɑː m iː l
معبد	m a ʔ b a d
ذکر	z a k a ɾ
پرستار	p a ɾ a s t ɑː ɾ
فرستادن	f e ɾ e s t ɑː d a n
تودری	t u d a ɾ iː
بی‌وفا	b e v a f ɑː
پدر	p e d e ɾ
مملکت	m a m l a k a t
برزیستن	b a r z iː s t a n
اسفند	e s f a n d̪
زمین‌شناسی	z a m i n ʃ i n ɑː s iː
ثنویت	s a n a v i j j a t
اختصار	e x t e s ɑː ɾ
نمایندگان	n a m ɑː j a n d e ɡ ɑː n
اصلاً	a s l a n
حشیش	h a ʃ i ʃ
حضور	h o z uː ɾ
آزادی	ɑː z ɑː d iː
شاداب	ʃ ɑː d ɑː b
کارمند	k ɑː ɾ m a n d
ارس	a ɾ a s
جامعه	d͡ʒ ɑː m i ʔ a
رنده	ɾ a n d a
زیگ	z iː ɡ
مشرک	m o ʃ ɾ e k
قهوه	q a h v a
بازنشسته	b ɑː z n i ʃ a s t a
قاره	q ɑː ɾ a
دشنام	d o ʃ n ɑː m
سبز	s a b z
سنت‌ها	s o n a t h ɑː
نمونه	n a m u n a
نه	n o h
آذرخش	ɑː ð a ɾ a x ʃ
باغ‌ها	b ɑː ɣ h ɑː
پنگان	p e n ɡ ɑː n
بو	b oː
معتدل	m o ʔ t a d e l
شبیه	ʃ a b e h
جعبه	d͡ʒ a ʔ b a
کابلی	k ɑː b u l iː
خاستن	x ɑː s t a n
آبگینه	ʔ ɑː b ɡ iː n e
تهران	t a h ɾ ɑː n
دم	d a m
شگرد	ʃ e ɡ e ɾ d
بازوبند	b ɑː z uː b a n d
آلودن	ɑː l uː d a n
کجا	k o d͡ʒ ɑː
آجر	ɑː d͡ʒ u ɾ
کلیچه	k o l iː t͡ʃ e
پرسمان	p o r s e m ɑː n
خلیج	x a l i d͡ʒ
تفنگ	t o f a ŋ ɡ
کنده	k a n d a
زائر	z ɑː ʔ i ɾ
همیشه	h a m e ʃ a
پوزخند	p uː z x a n d
نیفه	n e f a
تکیه	t a k j a
تفاوت	t a f ɑː w u t
پراندن	p a ɾ ɑː n d a n
زیاد	z i j ɑː d
شکال	ʃ e k ɑː l
فرآیند	f a ɾ ɑː j a n d
باز	b ɑː z
ناف	n ɑː f
صحیح	s a h e h
آقا	ɑː q ɑː
خو	x o
رکورد	ɾ e k o w ɾ d
دیوشناسی	d e v ʃ i n ɑː s iː
بغداد	b a ɣ d ɑː d
آری	ɑː ɾ eː
ضعف	z a ʔ f
دنیدن	d a n iː d a n
ناراحت	n ɑː ɾ ɑː h a t
قلم	q a l a m
بابل	b ɑː b i l
ژاژ	ʒ ɑː ʒ
بیدادی	b eː d ɑː d iː
ابزار	a b z ɑː ɾ
کن	k e n
فعال	f a ʔ ɑː l
عنابی	a n ɑː b iː
جگر	d ʒ e ɡ a ɾ
لقب	l a q a b
شکسته‌نستعلیق	ʃ e k a s t e n a s t a ʔ l iː ɢ
باستانی	b ɑː s t ɑː n iː
ربع	ɾ o b ʔ
دور	d a v ɾ
هرکس	h a r k a s
دپارتمان	d e p ɑ r tʰ e m ɑ n
کمک	k o m a k
ذبح	z e b h
دارو	d ɑː ɾ uː
ائتلاف	e ʔ t e l ɑː f
تاجیک	t ɑː d͡ʒ i k
عربی	ʔ a ɾ a b iː
محبت	m a h a b b a t
چایدان	t͡ʃ ɑː j d ɑː n
سرعت	s o ɾ ʔ a t
مسئول	m a s ʔ u l
شب	ʃ a b
صنعت	s a n ʔ a t
اعنی	a ʔ n iː
آشفته	ɑː ʃ u f t a
روباه	ɾ oː b ɑː h
صاحب	s ɑː h i b
مژه	m e ʒ e
اسپندان	e s p a n d ɑː n
شهوتی	ʃ a h v a t iː
برجسته	b a ɾ d͡ʒ a s t a
مصنوعی	m a s n u ʔ iː
زیستن	z i s t a n
مرداد	m o ɾ d̪ ɑː d̪
ریگ	ɾ e ɡ
تکفور	t a k f uː ɾ
رومی	ɾ oː m iː
غاز	ɢ ɑː z
نمایه	n a m ɑː j e
شاخه	ʃ ɑː x e
هنگ	h a n ɡ
انطاکیه	a n t ɑː k i j a
مردم	m a ɾ d u m
نامیدن	n ɑː m iː d a n
رتیل	ɾ o t e j l
خاتم	x ɑː t a m
فرارود	f a ɾ ɑː ɾ uː d
ژکفری	ʒ a k f a ɾ iː
طمطراق	t o m t o ɾ ɑː ɢ
کتب	k o t o b
بوستان	b oː s t ɑː n
فراموشیدن	f a ɾ ɑː m uː ʃ iː d̪ a n
لاغر	l ɑː ɣ a ɾ
خواستار	x ɑː s t̪ ɑː ɾ
سیم	s e j o m
داغ	d ɑː ɣ
مجازات	m o d ʒ ɑː z ɑː t
شاه	ʃ ɑː h
کفاش	k a f f ɑ ʃ
اعدام	e ʔ d ɑː m
کوهستان	k oː h i s t ɑː n
حدس	h a d s
ثروت	s a ɾ v a t
چندین	t͡ʃ a n d i n
درشت	d o ɾ o ʃ t
ظرف	z a ɾ f
زدن	z a d a n
خرداد	x o ɾ d̪ ɑː d̪
خیز	x e z
اصول‌گرا	o s uː l ɡ a ɾ ɑː
احتمال	e h t e m ɑː l
پیچیدن	p e t͡ʃ i d a
مؤسسه	m o ʔ a s s a s e
مجروح	m a d͡ʒ ɾ uː h
باد	b ɑː d
پایگاه	p ɑː j i ɡ ɑː h
پژوهش	p a ʒ u h i ʃ
عقرب	ʔ a ɣ ɾ a b
به‌آفرید	b e h ɑː f a ɾ iː d
همه	h a m e
داخل	d ɑː x i l i
تابع	t ɑː b i ʔ
خوره	x o rː a h
واش	v ɑ ʃ
پیاله	p i j ɑː l a
بحث	b a h s
البرز	ʔ a l b o ɾ z
خط	x a t
تاج	t ɑː d͡ʒ
ریدک	r e j d a k
اسپرزه	e s p a ɾ z e
پدافند	p a d ɑː f a n d
جاری	d͡ʒ ɑː ɾ i
ارگ	o ɾ ɡ
ژوپیتر	ʒ u p i t e ɾ
آلفته	ɑː l u f t a
بیل	b e l
خاتمه	x ɑː t i m a
اعلام	e ʔ l ɑː m
دفعه	d a f ʔ a
مشکی	m e ʃ kʰ iː
نژادها	n e ʒ ɑː d h ɑː
باغات	b ɑː ɣ ɑː t̪
شکلاتی	ʃ o kʰ o l ɑ tʰ i
اتفاق	e t t e f ɑː ɢ
شب‌بو	ʃ a b b oː
پروسه	p e ɾ o s e
تنیسور	t e n iː s o ɾ
غمگین	ɢ a m ɡ iː n
سرخوش	s a ɾ x u ʃ
بنیاد	b o n j ɑː d
مناسب	m o n ɑː s e b
آهن	ɑː h a n
جلسه	d͡ʒ a l a s a
برپا	b a ɾ p ɑː
بیشه	b e ʃ a
دستکند	d a s t k a n d
تهدید	t a h d i d
مشاهده	m o ʃ ɑː h a d e
ابری‌سازی	ʔ a b ɾ iː s ɑː z iː
اقمار	a q m ɑː ɾ
غره	ɢ a ɾ ɾ e
بلافاصله	b e l ɑː f ɑː s e l e
رسم	ɾ a s m
صنف	s a n f
آش	ʔ ɑː ʃ
آزاد	ɑː z ɑː d
خراب	x a ɾ ɑː b
ضد	z e d
شرط	ʃ a ɾ t
تازه‌تر	t ɑː z e t a ɾ
بادام	b ɑː d ɑː m
دوجنس‌گرا	d o d͡ʒ e n s ɡ a ɾ ɑː
قاچاقچی	q ɑː t͡ʃ ɑː q t͡ʃ iː
مفتی	m o f t iː
جنسی	d͡ʒ e n s iː
وفات	v a f ɑː t
مروزی	m a ɾ v e z iː
سوی	s oː j
ثانیه	s ɑː n i j a
خوشه	x oː ʃ a
پسی	p o s eː
فردوس	f e ɾ d o w s
قدرت	q u d ɾ a t
کهنه	k o h n e
افزودن	a f z u d a n
اسم	e s m
شروع	ʃ o r uː ʔ
بسته	b a s t a
چکمه	t͡ʃ a k m a
تنیس‌باز	t e n iː s b ɑː z
ناچار	n ɑː t͡ʃ ɑː ɾ
آدینه	ɑː d iː n a
ستبر	s e tʰ a b ɾ
بایستی	b ɑː j a s t iː
درنگ	d e ɾ a n ɡ
آدم‌ها	ɑː d a m h ɑː
مرغان	m o ɾ ɣ ɑː n
کلید	k a l i d
جزیره	d͡ʒ a z i ɾ a
چکیدن	t͡ʃ a k i d a n
مراسم	m a ɾ ɑː s i m
گاراژ	ɡ ɑː ɾ ɑː ʒ
آغوش	ɑː ɣ oː ʃ
کلاغ	k a l ɑː ɣ
نامه	n ɑː m a
ترجمه	t a ɾ d͡ʒ u m a
جهان	d͡ʒ a h ɑː n
نحو	n a h v
منگنه	m a ŋ ɡ a n a
انبار	ʔ a m b ɑː ɾ
هرمز	h o ɾ m o z
اصلاح	e s l ɑː h
صاعقه	s ɑː ʔ i q a
ایران	e ɾ ɑː n
انگیزه	a n ɡ e z a
زنبق	z a m b a q
نارنجک	n ɑː ɾ a n d͡ʒ a k
داماد	d uː m ɑː d
دروغ	d o ɾ uː ɢ
ورز	v a ɾ z
بحر	b a h ɾ
آتش	ɑː tʰ a ʃ
بی‌نظیر	b e n a z i ɾ
مضحک	m o z h e k
ماست	m ɑː s t
تاریخچه	t ɑː ɾ iː x t͡ʃ a
آفریدن	ɑː f a ɾ iː d a n
بادرنگ	b ɑː d ɾ a n ɡ
صورت	s u ɾ a t
دین‌داری	d i n d ɑː ɾ iː
درنده	d a ɾ a n d a
تشکیلات	t a ʃ k i l ɑː t
هفده	h a b d a h
صفت	s e f a t
مذهبی	m a z h a b iː
خوراندن	x o ɾ ɑː n d a n
ماندن	m ɑː n d a n
مستقیم	m o s t a ɢ iː m
ژرف‌ترین	ʒ a ɾ f t a ɾ iː n
سوغات	s a v ɣ ɑː t
طاووس	t ɑː w uː s
نشدنی	n a ʃ o d a n i
انجامیدن	a n d͡ʒ ɑː m iː d a n
جشن	d͡ʒ a ʃ n
شیوا	ʃ eː w ɑː
منتظر	m o n t a z e ɾ
وروجک	v o ɾ uː d͡ʒ a kʲ
متخصص	m o t a x a sː e s
قبلا	q a b l a n
نگهداری	n e ɡ a h d ɑː ɾ iː
دیسک‌ها	d iː s k h ɑː
غلامی	ɢ o l ɑː m iː
ختو	x o t uː
سنبه	s o m b e
میخانه	m a j x ɑː n a
صحبت	s o h b a t
تلاش	t a l ɑː ʃ
گاز	ɡ ɑː z
ارده	a ɾ d a
گرختن	ɡ o ɾ eː x t a n
پوییدن	p u j i d a n
سهل	s a h l
غلط	ɢ a l a t
زیباتر	z iː b ɑː t a ɾ
بیور	b eː w a ɾ
شخص	ʃ a x s
اراده	e ɾ ɑː d e
پرداختن	p a ɾ d ɑː x t a n
هفته‌ها	h a f t e h ɑː
بین‌المللی	b a j n a l m i l a l iː
فرد	f a ɾ d
تنها	t a n h ɑː
ققنوس	q u q n u s
تلویحی	t a l v iː h iː
منع	m a n ʔ
چهارشنبه	t͡ʃ a h ɑː ɾ ʃ a n b a
شاذ	ʃ ɑː z
شدنی	ʃ o d a n iː
بارداری	b ɑː ɾ d ɑː ɾ iː
شرکت	ʃ e ɾ k a t
خدای	x o d ɑː j
بعل	b a ʔ l
حرکت	h a ɾ a k a t
لابد	l ɑː b u d
سیزده	s e n z d a h
شوروی	ʃ uː ɾ a v iː
القاعده	a l q ɑː ʔ i d a
تیهو	t i h ɵː
اوگاندا	u ɡ ɑː n d ɑː
فروغ	f o ɾ uː ɢ
بنگاه	b o n ɡ ɑː h
استاندار	o s tʰ uː n d ɑː ɾ
فضایی	f a z ɑː j iː
کشتار	k o ʃ t ɑː ɾ
حساب	h e s ɑː b
پاییز	p ɑː iː z
هیچ‌کدام	h e t͡ʃ k u d ɑː m
وجود	v o d͡ʒ uː d
نصیحت	n a s i h a t
پایه	p ɑː j a
وارد	v ɑː ɾ e d
انفجار	e n f e d͡ʒ ɑː ɾ
منوچهر	m a n u t͡ʃ e h ɾ
بیرون	b e ɾ u n
خواندن	x ɑː n d a n
آینده	ɑː j a n d a
تختخواب	t a x t i x ɑː b
شکستن	ʃ e kʲ a s t̪ʰ a n
مجید	m a d͡ʒ iː d
وضوح	v o z uː h
مصر	m e s ɾ
اقتصادی	e ɢ t e s ɑː d iː
خوشی	x o ʃ iː
کمزور	k a m z oː ɾ
قرن	q a ɾ n
روان‌شناس	ɾ a v ɑː n ʃ i n ɑː s
ستوان	s o t v ɑː n
پادشاه	p ɑː d i ʃ ɑː h
هول	h a v l
مسلحانه	m o s a l l a h ɑː n e
استراحت	e s t e ɾ ɑː h a t
گذشته	ɡ o z a ʃ t e
مغازه	m a ɣ ɑː z a
کارگاه	k ɑː ɾ ɡ ɑː h
سختن	s o x t a n
دریافت	d a ɾ j ɑː f t
مهبل	m a h b a l
چشم	t͡ʃ a ʃ m
مریض	m a ɾ i z
آبی	ɑː b iː
خاص‌تر	x ɑː s tʰ a ɾ
ایرانی	e ɾ ɑː n iː
بانو	b ɑː n uː
موجود	m a v d͡ʒ u d
پنهان	p e n h uː n
انه	ɑː n a
هیس	sː
ایستگاه	i s t ɡ ɑː h
ابرو	a b ɾ u
کوتاه‌ترین	k uː t ɑː h t a ɾ iː n
قسم	q a s a m
غمگینی	ɢ a m ɡ iː n iː
باریک	b ɑː ɾ iː k
سرطان	s a ɾ a t ɑː n
افزایش	a f z ɑː j i ʃ
خودرو	x o d ɾ o w
الان	ʔ a l ʔ ɑː n
خانقاه	x ɑː n q ɑː h
قطار	q a t ɑː ɾ
برازیدن	b a ɾ ɑː z iː d a n
ازاله	e z ɑː l e
پوشیدن	p oː ʃ iː d a n
فریفتن	f a ɾ e f t a n
می	m a j
لحظه	l a h z a
واژه‌نامه	v ɑː ʒ e n ɑː m e
کنعان	k a n ʔ ɑː n
اخراج	e x ɾ ɑː d͡ʒ
اسبغول	e s b a ɢ uː l
پرسیدن	p o ɾ s iː d a n
قربک	q o ɾ b a k
صحنه	s a h n e
احترام	e h t e ɾ ɑː m
کشیش	k a ʃ i ʃ
شریک	ʃ a ɾ i k
گردن	ɡ a ɾ d a n
افسر	a f s a ɾ
رفتار	ɾ a f t ɑː ɾ
شهود	ʃ o h uː d
بسد	b e s a d
چین	t͡ʃ i n
قاطر	q ɑː t i ɾ
زرناپا	z u r n ɑː p ɑː
درد	d a ɾ d
سوگند	s a v ɡ a n d
الهه	e l ɑː h e
پرانتز	p a ɾ ɑː n t i z
بهمن	b a h m a n
لنگر	l a n ɡ a ɾ
بخصوص	b a x u s u s
درس	d a ɾ s
مشرقی	m a ʃ ɾ i q iː
اندیشه	a n d e ʃ a
پنج	p a n d͡ʒ
قلمدان	q a l a m d ɑː n
اتفاقاً	e t t e f ɑː ɢ a n
زمان	z a m ɑː n
گام	ɡ ɑː m
آموزش	ɑː m oː z i ʃ
قرمز	q i ɾ m i z
مشکل‌تر	m o ʃ k e l t a ɾ
خلاف	x e l ɑː f
لهجه	l a h d͡ʒ a
فلاخن	f a l ɑː x a n
خیال	x a j ɑː l
بیجاده	b i d͡ʒ ɑː d i
شوخی	ʃ oː x iː
روشنی	ɾ a v ʃ a n iː
شوق	ʃ a v q
همساده	h o m s ɑː d e
فشار	f e ʃ ɑː ɾ
همسده	h a m s e d a
ققنس	q u q n u s
آلایش	ɑː l ɑː j i ʃ
شش	ʃ a ʃ
زوو	z v oː
آشتی	ɑː ʃ t iː
باردار	b ɑː ɾ d ɑː ɾ
سرکه	s e ɾ k e
ضربه	z a ɾ b a
مرگ	m a ɾ ɡ
بازنشستگی	b ɑː z n i ʃ a s t a ɡ iː
پسوند	p a s v a n d
بختر	b e x t a ɾ
پیرترین	p iː ɾ t a ɾ iː n
خباز	x a b b ɑː z
بی‌گناه	b e ɡ u n ɑː h
خز	x a z
شغال‌ها	ʃ o ɣ ɑː l ɑː
میلاد	m e l ɑː d
شامل	ʃ ɑː m i l
ماه	m ɑː h
عالی	ɑː l iː
دویدن	d a v i d a n
ویس	v i s
دهقان	d e h q ɑː n
آخوند	ɑː x uː n d
مادربزرگ	m ɑː d a ɾ b u z u ɾ ɡ
قفسه	ɢ a f a s e
سالگرد	s ɑː l ɡ a ɾ d
تمرین	t a m ɾ i n
تأکید	t a ʔ k i d
فروش	f o ɾ uː ʃ
سیاسی	s i j ɑː s iː
پوده	p uː d a
هرچه	h a ɾ t͡ʃ i
زشت	z e ʃ t
آمارگر	ɑː m ɑː ɾ ɡ a ɾ
فردا	f a ɾ d ɑː
مارمولک	m ɑː ɾ m uː l a k
آسان	ɑː s ɑː n
کافی	k ɑː f iː
جمعاً	d͡ʒ a m ʔ a n
سلیمان	s o l e j m ɑː n
توجه	t a v a d d͡ʒ ɵː h
عضو	o z v
زشتی	z e ʃ t iː
بازدید	b ɑː z d iː d
سپهسالار	s e p a h s ɑː l ɑː ɾ
شپش‌ها	ʃ e p e ʃ h ɑː
رهبر	ɾ a h b a ɾ
گرا	ɡ a ɾ ɑː
زر	z a ɾ
آدم	ɑː d a m
جبر	d͡ʒ a b ɾ
اعتقاد	e ʔ t e ɢ ɑː d
هیزم	h e z u m
معمول	m a ʔ m u l
آنجا	ɑː n d͡ʒ ɑː
تعلیم	t a ʔ l i m
ریشه‌شناسی	ɾ e ʃ a ʃ i n ɑː s iː
توزیع	tʰ o ʊ̯ z iː ʔ
هندو	h e n d uː
تلف	t a l a f
ساده‌تر	s ɑː d e t a ɾ
درود	d a ɾ oː d
روستا	ɾ oː s t ɑː
منظور	m a n z u ɾ
انقلابی	e n ɢ e l ɑː b iː
فعل	f e ʔ l
سورپرایز	s u r p e ɾ ɑ j z
آفرین	ɑː f a ɾ iː n
اخیرا	a x i ɾ a n
آمرزیدن	ɑː m u ɾ z iː d a n
قول	q a v l
پزشک	p e z e ʃ k
دما	d a m ɑː
برهنگی	b a ɾ a h n a ɡ iː
عوض	i w a z
مرو	m a ɾ v
سرداب	s a ɾ d ɑː b
کوکب	k a v k a b
آشنا	ɑː ʃ i n ɑː
كنج	k o n d͡ʒ
اسپغول	e s p a ɢ uː l
سرکار	s a ɾ k ɑː ɾ
انگور	a n ɡ u ɾ
تخم	t o x m
مرخ	m a ɾ x
سفید	s a f e d
منطقه	m i n t a q a
شلوار	ʃ a l v ɑː ɾ
میانجیگری	m i j ɑː n d͡ʒ i ɡ a ɾ iː
مالی	m ɑː l iː
خرامیدن	x e ɾ ɑː m iː d a n
پیاده	p i j ɑː d a
ابرش	a b ɾ a ʃ
خوشبخت	x o ʃ b a x t
قاقم	ɢ ɑː ɢ o m
بحران	b o h ɾ ɑː n
خسروانی	x o s ɾ a v ɑː n iː
قدر	q a d a ɾ
رعد	ɾ a ʔ d
چشمان	t ʃʰ e ʃ m ɑː
شستن	ʃ o s t a n
سالار	s ɑː l ɑː ɾ
روادید	r a v ɑː d̪ iː d̪
بردن	b o ɾ d a n
فائده	f ɑː ʔ e d e
مطلب	m a t l a b
حرف	h a ɾ f
چوکی	t ʃ a w k iː
زهر	z a h ɾ
دودل	d o d e l
دیشب	d i ʃ a b
بهشت	b e h e ʃ t
دانشجو	d ɑː n i ʃ d͡ʒ uː j
حقوق	h o q u q
امتحان	e m t e h ɑː n
رعنا	ɾ a ʔ n ɑː
پرتو	p a ɾ t a v
دنب	d o n b
شهلا	ʃ a h l ɑː
نوین	n a v i n
لیمو	l i m u
ژغار	ʒ a ɣ ɑː ɾ
حتی	h a t t ɑː
شکستنی	ʃ i k a s t̪ a n iː
در	d a ɾ
تاریخ	t ɑː ɾ iː x
سیلاب	s a j l ɑː b
صندوق	s a n d u q
باریک‌ترین	b ɑː ɾ iː k t a ɾ iː n
نکاح	n e k ɑː h
کودکان	k uː d a k ɑː n
کارواژگان	k ɑː r v ɑː ʒ e ɡ ɑː n
عروس	ʔ a ɾ u s
شوره	ʃ oː ɾ e
افرنگ	a f ɾ a n ɡ
گاب	ɡ ɑː b
تقدیر	t a q d i ɾ
ضعیف	z a ʔ i f
رقص	ɾ a q s
نکونام	n e k uː n ɑː m
غارت	ɢ ɑː ɾ a t
بلگ	b a l ɡ
درزی	d a ɾ z iː
خاده	x ɑː d a
والا	v a e l l ɑː
پیروزی	p e ɾ ɵː z iː
خاموش	x ɑː m oː ʃ
دگرجنس‌گرا	d e ɡ a ɾ d͡ʒ e n s ɡ a ɾ ɑː
شترمرغ	ʃ o t o ɾ m o ɾ ɢ
تکواژ	t a k v â ʒ
سمت	s a m t
نشور	n o ʃ uː ɾ
دادن	d ɑː d a n
سالم	s ɑː l i m
افغانی	a f ɣ ɑː n iː
پرگار	p a ɾ ɡ ɑː ɾ
افلاطون	a f l ɑː t uː n
آرامگاه	ɑː ɾ ɑː m ɡ ɑː h
مو	m o
شلغم	ʃ a l ɣ a m
خیم	x iː m
نمودار	n e m u d ɑː ɾ
وسیع	v a s e ʔ
مهربان	m e h ɾ a b ɑː n
نواختر	n a v a x t a ɾ
ادویه	a d v i j a
آگاه	ɑː ɡ ɑː h
کمند	k a m a n d
بیکار	b e k ɑː ɾ
خامه	x ɑː m a
دلبستگی	d e l b a s t e ɡ iː
ممنون	m a m n u n
نجس	n a d ʒ e s
رد	ɾ a d d
دلفین	d o l f iː n
اسلامی	e s l ɑː m iː
جرم	d͡ʒ e ɾ m
چل	t ʃʰ e l
تاریک‌ترین	t ɑː ɾ iː k t a ɾ iː n
ویه	uː j e
شطرنج‌باز	ʃ a t ɾ a n d͡ʒ b ɑː z
لوله	l uː l e
خطا	x a t ɑː
میان	m i j ɑː n
جهانگیر	d͡ʒ a h ɑː n ɡ iː ɾ
خاص‌ترین	x ɑː s tʰ a ɾ iː n
انزروت	a n z a ɾ u t
نانوشته	n ɑː n i w i ʃ t a
ابوبکر	a b u b a k ɾ
هرگز	h a ɾ ɡ i z
نیست	n e s t
نمک	n e m e k
نتیجه	n a t i d͡ʒ a
اتحاد	e t t e h ɑː d
شماره	ʃ o m ɑː ɾ e
اسپست	a s p i s t
محسن	m o h s e n
سنگ	s a ŋ ɡ
اژدها	a ʒ d a h ɑː
قدمت	q i d m a t
کین	k iː n
خیابان	x i j ɑː b ɑː n
ترش	t o ɾ ʃ
بیان	b a j ɑː n
نارنج	n ɑː ɾ a n d͡ʒ
چیش	t ʃ i ʃ
اندیشیدن	a n d e ʃ i d a n
زوال	z a v ɑː l
شورا	ʃ o ʊ̯ ɾ ɑː
آسانی	ɑː s ɑː n iː
زلیخا	z o l e j x ɑː
اصفهان	e s f a h ɑː n
نهج	n a h a d͡ʒ
محمدقلی	m o h a m m a d ɢ o l iː
نازک	n ɑː z u k
دوش	d oː ʃ
چیست	t͡ʃ i s t
مدرسه	m a d ɾ a s a
برگ	b a ɾ ɡ
تقویت	t a q v i j a t
خاتون	x ɑː t uː n
اقلا	a q a l l a n
مسعود	m a s ʔ uː d
اتراق	o t ɾ ɑː ɢ
خراسانی	x o ɾ ɑː s ɑː n iː
ماساژ	m ɑː s ɑː ʒ
فریب	f a ɾ e b
درباره	d a ɾ b ɑː ɾ a j i
آلمان	ɑː l m ɑː n
ابتدا	e b t e d ɑː
هخامنش	h a x ɑː m a n i ʃ
متوجه	m o t a v a d d͡ʒ e h
شفقت	ʃ a f a q a t
مثل	m a s a l
خیس	x iː s
کارزار	k ɑː ɾ z ɑː ɾ
دریا	d a ɾ j ɑː
فن	f a n
بلا	b e l ɑː
صفحه	s a f h a
اثر	a s a ɾ
غور	ɢ o w ɾ
فحش	f o h ʃ
گاومیش	ɡ ɑː w m eː ʃ
فاس	f ɑː s
ناقص	n ɑː q i s
طرفدار	t a ɾ a f d ɑː ɾ
دریدن	d a ɾ i d a n
چنین	t ʃ o n iː n
مدت	m o d d a t
نوروزی	n a v ɾ ɵː z iː
کمانچه	k a m ɑː n t͡ʃ a
آرزو	ɑː ɾ i z uː
سر	s a ɾ
تشکر	t a ʃ a k k u ɾ
کون	kʰ u n
راهب	ɾ ɑː h i b
چپ	t ʃ a p
کنشگر	k o n e ʃ ɡ a ɾ
پالایشگاه	p ɑː l ɑː j i ʃ ɡ ɑː h
نیروگاه	n i ɾ u ɡ ɑː h
ابلیس	e b l iː s
سمند	s a m a n d
مطبوعات	m a t b u ʔ ɑː t
مینو	m i n ɵː
اسفناج	e s f e n ɑː d͡ʒ
معدنی	m a ʔ d a n iː
سرباز	s a ɾ b ɑː z
شکایت	ʃ e k ɑː j a t
خوشاب	x u ʃ ɑː b
اسطوره	o s t uː ɾ e
حاد	h ɑː d
راحت	ɾ ɑː h a t
تسو	t a s u
غرق	ɣ a ɾ ɣ
عام‌المنفعه	ʔ ɑː m o l m a n f a ʔ e
ملیت	m e l l i j a t
طبق	t a b a q
فاصله	f ɑː s i l a
بلوط	b a l u t
معراج	m e ʔ ɾ ɑː d͡ʒ
سخن	s o x a n
وشم	v a ʃ m
عجب	ʔ a d͡ʒ a b
ویستا	v i s t ɑ
دارم	d ɑː ɾ a m
اکثر	a k s a ɾ
خندق	x a n d a q
کرامت	k a ɾ ɑː m a t
تیرداد	t i ɾ d ɑː d
آرایش	ɑː ɾ ɑː j i ʃ
شدید	ʃ a d i d
قدیمی	q a d i m iː
فارسی	f ɑː ɾ s iː
مانند	m ɑː n a n d i
ارغوانی	a ɾ ɣ a v ɑː n iː
کمتر	k a m t a ɾ
جور	d͡ʒ u ɾ
رحیم	r a h iː m
ناپسند	n ɑː p a s a n d
امین	a m iː n
مشهور	m a ʃ h u ɾ
سوختن	s oː x t a n
انتحار	e n t e h ɑː ɾ
ما	m ɑː
خواستن	x ɑː s t a n
عیب	a j b
کنشت	k e n e ʃ t
تکور	t a k v o ɾ
چقدر	t͡ʃ e ɢ a d a ɾ
کنکور	k o ŋ k uː r
اً	t a n v i n
خوانش	x ɑː n e ʃ
نر	n a ɾ
ندارد	n a d ɑː ɾ a d
قرار	q a ɾ ɑː ɾ
ژکفر	ʒ a k f a ɾ
ارزیدن	a ɾ z i d a n
روشن	ɾ a v ʃ a n
دل	d e l
چایخانه	t͡ʃ ɑː j x ɑː n a
قالب	q ɑː l i b
نزدیک‌تر	n a z d iː k t a ɾ
خرم	x o ɾː a m
نهادن	n i h ɑː d a n
آمد	ɑː m a d
پریستان	p a ɾ i j i s t ɑː n
کیهانی	k a j h ɑː n iː
نشان	n e ʃ ɑː n
نهور	n o h uː ɾ
حکم	h o k m
مشق	m a ʃ ɢ
خزان	x a z ɑː n
قوت	q u v v a t
نفر	n a f a ɾ
فصیح	f a s e h
دعا	d o ʔ ɑː
سیلابی	s a j l ɑː b eː
پیر	p i j a ɾ
چریک	t͡ʃ a ɾ i k
غذا	ɢ e z ɑː
معالجه	m o ʔ ɑː l e d͡ʒ e
خطر	x a t a ɾ
لله	l a l a
اسلیمی	e s l iː m iː
حاشیه	h ɑː ʃ i j a
شاهانه	ʃ ɑː h ɑː n a
چلوکباب	t͡ʃ e l o w k a b ɑː b
آزمودن	ɑː z m uː d a n
نقاشی	n a q q ɑː ʃ iː
عباسی	ʔ a b b ɑː s iː
آستانه‌ای	ɑː s t ɑː n a iː
زمستان	z e m e s t ɑː n
درخواست	d a ɾ x ɑː s t
خونین	x u n i n
کیهان	k a j h ɑː n
لی	l iː
ارمنستان	a ɾ m a n i s t ɑː n
سیاره‌ها	s a j ɑː ɾ e h ɑː
آباد	ɑː b ɑː d
وام	v ɑː m
شاهان	ʃ ɑː h ɑː n
جواب‌ها	d ʒ a v ɑː b h ɑː
توپ	t oː p
کفگیر	k a f ɡ i ɾ
جریان	d͡ʒ a ɾ a j ɑː n
المزده	a l a m z a d e
کابل	k ɑː b u l
بون	b uː n
رایگان	ɾ ɑː j i ɡ ɑː n
تعارف	t a ʔ ɑː ɾ u f
امضاء	e m z ɑː
عجان	ʔ e d ʒ ɑː n
باقلوا	b ɑː q l a w ɑː
خدمت	x e d m a t
امت	o m m a t
کهکشان	k a h k a ʃ ɑː n
شاهدخت	ʃ ɑː h d u x t
اصل	a s l
پیغامبر	p a j ɣ ɑː m b a ɾ
دستاویز	d a s t ɑː w eː z
غیر	ɢ e j ɾ
خواننده	x ɑː n a n d a
ژرفا	ʒ a ɾ f ɑː
تمیزتر	t a m iː z t a ɾ
انگیختن	a ŋ ɡ iː x t a n
اسپریس	ʔ e s p a ɾ eː s
دفاع	d e f ɑː ʔ
جمعیت	d͡ʒ a m ʔ i j j a t
دیو	d e v
سرنشین	s a ɾ n i ʃ i n
آسایش	ɑː s ɑː j i ʃ
کر	k a ɾ
زوجیت	z a v d͡ʒ i j a t
قلاووز	q u l ɑː w uː z
ناتمام	n ɑː t a m ɑː m
مخصوص	m a x s u s
ضمیر	z a m i ɾ
سکه	s e kː e
زمین	z a m i n
مجلس	m a d͡ʒ l i s
پیشوا	p e ʃ v ɑ
بوسه	b oː s a
دهیار	d e h j ɑː ɾ
دگر	d e ɡ a ɾ
زندانی	z e n d ɑː n iː
مجموعه	m a d͡ʒ m u ʔ a
ممکن	m o m k e n
آمیتیست	ɑː m iː t iː s t
نمایان	n e m ɑː j ɑː n
ژیرش	ʒ i ɾ i ʃ
تکوک	t a k oː k
حمایت	h e m ɑː j a t
سقف	s a q f
زنبور	z a m b u ɾ
معلوم	m a ʔ l u m
مله	m a l a
سلماس	s a l m ɑː s
ارسطو	a ɾ a s t u
خارج	x ɑː ɾ i d͡ʒ
لوترا	l u t a ɾ ɑː
تمبر	t a m b ɾ
روسیه	ɾ u s i j a
ناشنوا	n ɑː ʃ i n a w ɑː
کیر	k e ɾ
میزان	m i z ɑ n
اثبات	e s b ɑː t
خارجی	x ɑː ɾ i d͡ʒ iː
دانش	d ɑː n i ʃ
ذره	z a r r a
شمع	ʃ a m ʔ
فروختن	f o ɾ uː x t a n
کارخانه	k ɑː ɾ x ɑː n a
ستون	s ʊ t uː n
رندیدن	ɾ a n d i d a n
پش	p a ʃ
سوداگر	s a v d ɑː ɡ a ɾ
واقعا	v ɑː ɣ e ʔ a n
بخش	b a x ʃ
خوابیدن	x ɑː b iː d a n
بارش	b ɑː ɾ i ʃ
شنبلیله	ʃ a m b a l iː l e
اعتماد	e ʔ t e m ɑː d
توصیه	t a v s i j a
لازم	l ɑː z i m
اخبار	a x b ɑː ɾ
خایه	x â j a
حدادی	h a dː ɑː d iː
شکم	ʃ e k a m
نقطه	n o ɢ t e
آوازه	ɑː w ɑː z a
بلور	b ɪ l oː ɾ
جمهوری	d͡ʒ o m h uː ɾ iː
آرپا	ɑː ɾ p ɑː
ونوس	v e n uː s
نغمه	n a ɣ m a
زحمت	z a h m a t
بیخودی	b i x u d iː
هنوز	h a n oː z
ناز	n ɑː z
قونیه	q u n i j a
کارورزی	k ɑː ɾ v a ɾ z iː
فاعل	f ɑː ʔ i l
داوود	d ɑː v uː d
پشت	p o ʃ t e
جاهل	d͡ʒ ɑː h i l
عصبانی	a s a b ɑː n iː
مایه	m ɑː j a
مصدر	m a s d a ɾ
استادانه	ʔ o s tʰ ɑː d̪ ɑː n e
چکش	t͡ʃ a k u ʃ
حسن	h a s a n
بوییدن	b uː j iː d a n
تمیزترین	t a m iː z t a ɾ iː n
گاه	ɡ ɑː h
جزدان	d͡ʒ o z d ɑː n
دوزخ	d oː z a x
نیزه	n e i̯ z e
زئوس	z e uː s
سیاه‌گوش	s i j ɑː h ɡ oː ʃ
سقوط	s o ɢ uː t
کاکوتی	k ɑː k uː t iː
اغلب	a ɣ l a b
منظومه	m a n z u m a
وزن	v a z n
تور	t o w a ɾ
آزمایشگاه	ɑː z m ɑː j i ʃ ɡ ɑː h
مردان	m a ɾ d ɑː n
سیستم	s iː s tʰ e m
صابون	s ɑː b uː n
خوک	x uː k
مبهم	m o b h a m
قلعه	q a l ʔ a
اصیل	a s i l
سیلو	s i l u
دول	d oː l
دست‌نماز	d a s t n a m ɑː z
کندن	k a n d a n
چوب	t͡ʃ oː b
حادثه	h ɑː d i s a
دیم	d e m
روح	ɾ uː h
قیصر	q a j s a ɾ
بی‌میل	b e m a j l
عدس	ʔ a d a s
جنوب	d͡ʒ a n u b
باستان‌شناس	b ɑː s t ɑː n ʃ i n ɑː s
پیش	p e ʃ
شانزده	ʃ uː n z d a h
ضربان	z a ɾ a b ɑː n
عطر	ʔ e t ɾ
نام	n ɑː m
هفته	a f t a
فانی	f ɑː n iː
معروف	m a ʔ ɾ u f
نور	n u ɾ
فضاپیما	f a z ɑː p a j m ɑː
دماغ	d a m ɑː ɣ
طور	t a v ɾ
پشمین	p a ʃ m iː n
مثال	m e s ɑː l
همبازی	h a m b ɑː z iː
خزیدن	x a z i d a n
بوی	b oː j
سردار	s a ɾ d ɑː ɾ
کشیدن	k a ʃ i d a n
خبر	x a b a ɾ
آهنگ	ɑː h a n ɡ
فعلا	f e ʔ l a n
زبان	z a b ɑː n
مسخره	m a s x a ɾ a
هل	h e l
صیغه	s iː ɣ a
برهنه	b a ɾ a h n a
محل	m a h a l l
لوخن	l oː x a n
سید	s a j j i d
بدرود	b e d ɾ uː d
علاءالدین	a l ɑː ʔ u d d ī n
شیراز	ʃ e ɾ ɑː z
شگفت	ʃ e ɡ e f t
شک	ʃ ɑː k k
جفت	d͡ʒ o f t
تباه	t a b ɑː h
نوروز	n a v ɾ ɵː z
ماک	m ɑː k
کرفس	k a ɾ a f s
برگزیدن	b a ɾ ɡ u z i d a n
چاشت	t ʃʰ ɑː ʃ tʰ
اقرار	e ɢ ɾ ɑː ɾ
ترساندن	t a ɾ s ɑː n d a n
دیر	d a j ɾ
فصل	f a s l
کاریز	k ɑː ɾ eː z
ته	t a h
خوارزم	x ɑː ɾ a z m
اقلیت	a q a l l i j a t
ارغنون	a ɾ ɣ a n uː n
شترغار	ʃ o t o ɾ ɢ ɑː ɾ
خوشحال	x o ʃ h ɑː l
پاکستان	p ɑː k i s t ɑː n
آشوب‌ها	ɑː ʃ uː b h ɑː
چله	t ʃʰ e l e
بد	b a d
سگالیدن	s e ɡ ɑː l iː d a n
کره	k a ɾ a
مشاور	m o ʃ ɑː v e ɾ
بام	b ɑː m
جودر	d͡ʒ a v d a ɾ
آسمان	ɑː s i m ɑː n
جعفری	d͡ʒ a ʔ f a ɾ iː
کالب	k ɑː l e b
ترسیدن	t a ɾ s i d a n
نستعلیق	n a s t a ʔ l i q
سمفونی	s a m f oː n iː
جوان	d͡ʒ a v ɑː n
دردناک	d a ɾ d n ɑː k
خرید	h a ɾ i d
بابا	b ɑː b ɑː
هجران	h i d͡ʒ ɾ ɑː n
نزد	n a z d
بشقاب	b o ʃ ɢ ɑː b
اتحادیه	e t t e h ɑː d iː j e
مازریون	m ɑː z a ɾ j oː n
سهمگین	s a h m ɡ i n
تقریبا	t a ɣ ɾ iː b a n
ایوب	a j j u b
مراقب	m o ɾ ɑː ɢ e b
جنگ	d͡ʒ a ŋ ɡ
کونی	k u n iː
چمن	t͡ʃ a m a n
ره	r a h
هشت	h a ʃ t
زیست‌شناسی	z iː s t ʃ e n ɑː s iː
نذل	n a z l
ملاقات	m o l ɑː ɢ ɑː t
هزینه	h a z e n a
منشار	m e n ʃ ɑː ɾ
کنفرانس	k o n f e ɾ ɑː n s
شیدا	ʃ e j d ɑː
بلبل	b o l b o l
عربستان	a ɾ a b i s t ɑː n
افیون	ʔ a f j uː n
ادغام	e d ɢ ɑː m
شهرزاد	ʃ a h ɾ z ɑː d
غیرت	ɢ e j ɾ a t
ماوراءالنهر	m ɑː w a ɾ ɑː ʔ u n n a h ɾ
صرع	s a ɾ ʔ
راسته	ɾ ɑː s t a
ژاپن	ʒ ɑː p u n
نالون	n ɑː l uː n
بیمار	b e m ɑː ɾ
بی‌سیم	b e s i m
فضا	f a z ɑː
مرحله	m a ɾ h a l a
ذهن	z e h n
آبلیمو	ɑː b l iː m uː
شاگرد	ʃ ɑː ɡ i ɾ d̪
ابتکار	e b t e k ɑː ɾ
رژیمان	ɾ e ʒ i m ɑ n
خردل	x a ɾ d a l
فشنگ	f e ʃ a n ɡ
مصون	m a s uː n
چون	t͡ʃ oː n
شترخار	ʃ o t o ɾ x ɑː ɾ
ماهر	m ɑː h i ɾ
زوبین	z oː b iː n
عشق	e ʃ ɢ
پناهگاه	p a n ɑː h ɡ ɑː h
خبره	x e b ɾ e
خونریزی	x u n ɾ e z iː
قلبی	q a l b iː
مقاومت	m o ɢ ɑː v e m a t
شور	ʃ oː ɾ
آشپزخانه	ɑː ʃ p a z x ɑː n a
طبقه	t a b a q a
فرودگاه	f o ɾ uː d ɡ ɑː h
اهورامزدا	a h u ɾ ɑː m a z d ɑː
مرغاب	m o ɾ ɢ ɑː b
اذان	a z ɑː n
سلجوقی	s a l d͡ʒ u q iː
شنفتن	ʃ e n o f t a n
هرزگی	h a ɾ z a ɡ iː
اشتر	ʔ o ʃ t o ɾ
پری	p a ɾ iː
بوته	b oː t a
مازندرانی	m ɑː z a n d a ɾ ɑː n iː
ستان	e s t ɑː n
جبهه	d͡ʒ e b h e
حاجت	h ɑː d͡ʒ a t
افتادن	o f t ɑː d a n
پوپک	p oː p a k
کنونی	k o n uː n iː
مجازات‌ها	m o d ʒ ɑː z ɑː t h ɑː
ساعت	s ɑː ʔ a t
شکست	ʃ e k a s t
هفت	h a f t
صرف	s e ɾ f
لهستان	l a h i s t ɑː n
پرشور	p o ɾ ʃ uː ɾ
وکالت	v e k ɑː l a t
خشونت	x o ʃ uː n a t
مازو	m ɑː z uː
سازش	s ɑː z i ʃ
بیمناک	b i n m ɑː k
پارسه	p ɑː ɾ s e
زغال	z o ɢ ɑː l
سیاح	s a j j ɑː h
ننه	n a n e
قاضی	q ɑː z iː
گذراندن	ɡ o z a ɾ ɑː n d a n
چاق	t͡ʃ ɑː q
نشلیدن	n e ʃ e l iː d a n
کبریت	kʰ e b ɾ iː t
سلاح	s e l ɑː h
دراز	d a ɾ ɑː z
ظهر	z o h ɾ
انعکاس	e n ʔ e k ɑː s
خداحافظ	x o d ɑː h ɑː f e z
کشتگی	k o ʃ t a ɡ iː
اسلام‌گرا	e s l ɑː m ɡ a ɾ ɑː
گران	ɡ a ɾ ɑː n
قفس	q a f a s
حافظ	h ɑː f e z
گاو	ɡ o ʊ
حق	h a q q
مادیان	m ɑː d i i̯ ɑː n
لیو	l e v
انکار	e n k ɑː ɾ
ایرانشهر	e ɾ ɑː n ʃ a h ɾ
نار	n ɑː ɾ
فراصوت	f a ɾ ɑː s a w t
کلنگ	k o l o ŋ ɡ
رختن	r e x t a n
با	b ɑː
نگار	n e ɡ ɑː ɾ
پیشوند	p e ʃ v a n d
قرعه‌کشی	q u ɾ ʔ a k a ʃ iː
ابراهیم	e b ɾ ɑː h iː m
آخر	ɑː x a ɾ
تقویم	t a q v i m
سعید	s a ʔ i d
بی‌ستاره	b e s i t ɑː ɾ a
مهاجر	m o h ɑː d͡ʒ e ɾ
سینا	s iː n ɑː
رضا	ɾ e z ɑː
فصح	f e s h
ابد	a b a d
اشرج	a ʃ r a d ʒ
قهرمان	q a h ɾ a m ɑː n
منشی	m u n ʃ iː
خنجر	x a n d͡ʒ a ɾ
چی	t͡ʃ e
کبود	k a b oː d
سرهنگ	s a ɾ h a n ɡ
مسافرت	m o s ɑː f e ɾ a t
خوان	x ɑː n
سرندیپ	s a r a n d iː p
انگاشتن	a n ɡ ɑː ʃ t a n
خواهش	x ɑː h e ʃ
برهمن	b a ɾ a h m a n
جواری	d͡ʒ o v ɑː ɾ iː
شهوت	ʃ a h v a t
گاهی	ɡ ɑː h iː
نریمان	n a ɾ eː m ɑː n
قطع	q a t ʔ
بامزه‌تر	b ɑː m a z e t a ɾ
مومیا	m oː m i j ɑː
داد	d ɑː d
بز	b o z
کنار	k a n ɑː ɾ
اشترغار	o ʃ t o ɾ ɢ ɑː ɾ
ماهواره	m ɑː h w ɑː ɾ a
پیشنهاد	p e ʃ n i h ɑː d
حقیقت	h a q i q a t
پریدن	p a ɾ i d a n
اگرچه	a ɡ a ɾ t ʃ e
فروهر	f o ɾ uː h a ɾ
نیک	n e k
شوریدن	ʃ oː ɾ iː d a n
بایستن	b ɑː j i s t a n
اشتباه	e ʃ t e b ɑː h
دیروز	d i ɾ ɵː z
قاموس	q ɑː m uː s
تمام	t a m ɑː m
واج	v ɑː d͡ʒ
بازار	b ɑː z ɑː ɾ
پیوسیدن	p a j oː s iː d a n
روزها	ɾ oː z h ɑː
فرمایش	f a ɾ m ɑː j i ʃ
افغان	a f ɣ ɑː n
ریگستان	ɾ e ɡ i s t ɑː n
خالق	x ɑː l i q
احمق	a h m a q
بعد	b a ʔ d
خریدن	x a ɾ i d a n
قبول	q a b u l
ویر	v i ɾ
رباعی	ɾ o b ɑː ʔ iː
میرزا	m e ɾ z ɑː
ماموت	m ɑː m uː t
صهیونی	s a h j u n iː
خسیس	x a s i s
شعر	ʃ e ʔ ɾ
سپاهی	s e p ɑː h iː
شیرین‌ترین	ʃ iː ɾ iː n t a ɾ iː n
سفره	s o f ɾ e
مرتبه	m a ɾ t a b a
فهرست	f e h ɾ e s t
لک	l a k
شاهقلی	ʃ ɑː h q u l iː
چوپ	t͡ʃ oː p
ژاندرم	ʒ ɑː n d a r m
وارث	v ɑː ɾ e s
آفتاب	ɑː f t ɑː b
هنر	h o n a ɾ
سخت	s a x t
مهره	m o h ɾ e
خرس	x e ɾ s
کوزه	k u z a
دو	d o
فرانسوی	f a ɾ ɑː n s a w iː
قاشق	q ɑː ʃ u q
پدرام	p a d ɾ ɑː m
دانشکده	d ɑː n i ʃ k a d a
کاغد	k ɑː ɣ a d
بین	b a j n
شبح	ʃ a b a h
سرای	s a ɾ ɑː j
طرف	t a ɾ a f
پنجره	p a n d͡ʒ a ɾ a
آموزگار	ɑː m oː z ɡ ɑː ɾ
شمعدان	ʃ a m ʔ d ɑː n
شمردن	ʃ e m o ɾ d a n
طول	t u l
هجده	h a d͡ʒ d a h
سفیر	s a f i ɾ
آیا	ɑː j ɑː
آمیختن	ɑː m eː x t a n
قطر	q a t a ɾ
کم‌مایه	k a m m ɑː j a
ادامه	e d ɑː m e
شدن	ʃ o d a n
خواجه	x ɑː d͡ʒ a
شاهزاده	ʃ ɑː h z ɑː d a
مدیر	m o d iː ɾ
ندا	n e d ɑː
چاه‌کور	t͡ʃ ɑː h k a w ɾ
ثروتمند	s a ɾ v a t m a n d
میز	m e z
لاف	l ɑː f
بختیار	b a x t i j ɑː ɾ
لشکر	l a ʃ k a ɾ
رشت	r o ʃ t
دوغ	d oː ɣ
بی‌وقفه	b e v a q f a
سخنرانی	s o x a n ɾ ɑː n iː
انجام	a n d͡ʒ ɑː m
سوسن	s oː s a n
کفتر	k e f t a ɾ
مین	m iː n
نخیر	n a x a j ɾ
خوابگاه	x ɑː b ɡ ɑː h
فاک	f ɑː k
هوشیار	h oː ʃ j ɑː ɾ
دیدگاه	d i d ɡ ɑː h
قرغیزستان	q ɪ ɾ ɣ iː z ɪ s t ɑː n
آدرس	ɑː d ɾ e s
کاسه	k ɑː s e
دفتر	d a f t a r
ناخواسته	n ɑː xʷ ɑː s t a
هوتن	h uː t a n
منفور	m a n f u ɾ
راستگو	ɾ ɑː s t ɡ uː
ژاپنی	ʒ ɑː p u n iː
تغییرات	t a ɣ j iː ɾ ɑː t
کماشیر	k a m ɑː ʃ eː ɾ
آسمانخراش	ɑː s m ɑː n x a ɾ ɑː ʃ
شایعه	ʃ ɑː j i ʔ a
عصمت	e s m a t
پاره	p ɑː ɾ a
پرویز	p a ɾ v iː z
دندان	d a n d ɑː n
مزنه	m o z n e
دهان	d a h ɑː n
نامور	n ɑː m w a ɾ
شب‌بوی	ʃ a b b oː j
آزمایش	ɑː z m ɑː j i ʃ
خر	x a ɾ
زوج	z a v d͡ʒ
جدول	d͡ʒ a d v a l
رستوران	r e s t o ɾ ɑː n
برس	b o ɾ s
وای	v ɑː j
زورق	z o w ɾ a q
حمله	h a m l a
سرگیجه	s a ɾ ɡ i d͡ʒ a
رخام	ɾ o x ɑː m
مردن	m o ɾ d a n
پیشگیر	p e ʃ ɡ i ɾ
دزد	d o z d
زندان	z e n d ɑː n
ویدیو	v iː d iː j o
بزاق	b o z ɑː ɣ
خون‌شناسی	x u n ʃ i n ɑː s iː
بندر	b a n d a ɾ
شیطانی	ʃ a j t ɑː n iː
کهکشان‌ها	k a h k a ʃ ɑː n h ɑː
مظهر	m a z h a ɾ
سوزش	s oː z i ʃ
واژگان	v ɑː ʒ e ɡ ɑː n
شاهین	ʃ ɑː h iː n
درفش	d a ɾ a f ʃ
مرند	m a ɾ a n d
می‌گم	m iː ɡ a m
دادگاه	d ɑː d ɡ ɑː h
وزیدن	v a z iː d a n
روند	ɾ a v a n d
آمار	ɑː m ɑː ɾ
شنگار	ʃ a n ɡ ɑː ɾ
ورد	v a ɾ d
بی‌معنی	b e m a ʔ n iː
کو	k oː
مرکب	m o ɾ a k k a b
خیر	x a j ɾ
قو	q u
امین‌ها	a m iː n h ɑː
خاندان	x ɑː n d ɑː n
خربوزه	x a ɾ b u z a
کاغذ	k ɑː ɣ a ð
فریبا	f a ɾ e b ɑː
لسان	l e s ɑː n
اطمینان	e t m iː n ɑː n
پاداش	pʰ ɑː d̪ ɑː ʃ
جامعه‌شناس	d͡ʒ ɑː m i ʔ a ʃ i n ɑː s
مستعمره	m o s t a ʔ m a ɾ e
ایستادن	i s t ɑː d a n
خزنده	x a z a n d e
طرح	t a ɾ h
قرنفل	q a ɾ a n f u l
ماهور	m ɑː h uː ɾ
زال	z ɑː l
انقلاب	e n ɢ e l ɑː b
ژنو	ʒ e n e v
نمکدان	n a m a k d ɑː n
قلیان	q a l j ɑː n
بی‌عرضه	b e u ɾ z a
شیک	ʃ iː k
کیمیا	k iː m i j ɑː
آبان	ɑː b ɑː n
هلو	h o l uː
سرانجام	s a ɾ a n d͡ʒ ɑː m
تمثیل	t a m s i l
وضعیت	v a z ʔ i j j a t
گائیدن	ɡ ɑː j iː d a n
فکر	f e k
خصومت	x o s uː m a t
بازیچه	b ɑː z iː t ʃʰ e
اریحا	a ɾ i h ɑː
بحریه	b a h ɾ i j a
پولدار	p u l d ɑː ɾ
رود	ɾ oː d
الحاق	e l h ɑː ɢ
باریک‌تر	b ɑː ɾ iː k t a ɾ
آلاله	ɑː l ɑː l a
تصمیم	t a s m i m
عنایت	ʔ e n ɑː j a t
خندون	x a n d uː n
جوره	d͡ʒ oː ɾ a
دلیل	d a l i l
درها	d a ɾ h ɑː
آغیل	ɑː ɣ iː l
بیرق	b a j ɾ a q
طاقت	t ɑː q a t
فرمودن	f a ɾ m u d a n
دادار	d ɑː d ɑː r
نوک	n v a k
خواه	x ɑː h
آرایشگاه	ɑː ɾ ɑː j i ʃ ɡ ɑː h
امروز	e m ɾ uː z
بیدار	b e d ɑː ɾ
آرژانتین	ɑː ɾ ʒ ɑː n t iː n
الماس	a l m ɑː s
ارتعاش	e ɾ t e ʔ ɑː ʃ
چرا	t ʃ a ɾ ɑː
کاروان	k ɑː ɾ w ɑː n
ملت	m e l l a t
تمساح	t e m s ɑː h
محیط	m o h iː t
زندگی	z e n d e ɡ iː
کثیف	k a s i f
واژه	v ɑː ʒ e
کافر	k ɑː f e r
موضوع	m a v z ɵː ʔ
نان	n ɑː n
به	b a
دیوان	d e v ɑː n
باژ	b ɑː ʒ
تعظیم	t a ʔ z i m
جنگجو	d͡ʒ a n ɡ d͡ʒ u
طلا	t e l ɑː
امکان	e m kʰ ɑː n
جنگل	d ʒ a n ɡ a l
کنگره	k o n ɡ r e
عادی	ʔ ɑː d iː
ترگمان	t a ɾ ɡ u m ɑː n
چرخیدن	t ʃ e ɾ x i d̪ a n
آغا	ɑː ɣ ɑː
چرخه	t͡ʃ a ɾ x a
اساتید	a s ɑː t iː d
ترسایی	t a ɾ s ɑː j iː
کرایه	k i ɾ ɑː j a
اصطبل	e s t a b l
بیمارستان	b e m ɑː ɾ i s t ɑː n
ایمان	i m ɑː n
ماله	m ɑː l a
لجن	l a d͡ʒ a n
غافث	ɢ ɑː f e s
پراکندگی	p a ɾ ɑː k a n d a ɡ iː
می‌دوم	m i d a v a m
اسلام	ʔ e s l ɑː m
خاطر	x ɑː t i ɾ
تشکیل	t a ʃ k i l
رخ	r o x
چرمه	t͡ʃ a ɾ m a
خەر	x aː ɾ
حرب	h a ɾ b
فراموش	f a ɾ ɑː m oː ʃ
آهار	ɑː h ɑː ɾ
ایدون	e d u n
رب	ɾ a bː
عنصر	o n s o ɾ
فاحش	f ɑː h e ʃ
لیوان	l iː v ɑː n
تغییر	t a ɣ j i ɾ
تصادف	t a s ɑː d u f
معادل	m o ʔ ɑː d e l
نسرین	n a s ɾ iː n
بر	b a ɾ
قزوین	q a z v i n
خوفناک	x a v f n ɑː k
پور	p u ɾ
اسفرزه	e s f a ɾ z e
سامانه	s ɑː m ɑː n a
سمع	s a m ʔ
پریشان	p a ɾ e ʃ ɑː n
وحی	v a h j
باره	b ɑː ɾ a
شهریور	ʃ a h ɾ iː v a ɾ
چندان	t͡ʃ a n d ɑː n
چاشنی	t ʃʰ ɑː ʃ n iː
آهسته	ɑː h i s t a
آفرینش	ɑː f a ɾ iː n i ʃ
تک	t a k
دهلی	d e h l iː
حلوا	h a l v ɑː
استان	o s t ɑː n
ویرایش	v i ɾ ɑː j i ʃ
پدیدار	p a d i d ɑː ɾ
خسته	x a s t a
نارسنگ	n ɑː ɾ s a n ɡ
شلوغ‌تر	ʃ o l uː ɣ t a ɾ
نمایش	n a m ɑː j i ʃ
سرین	s o ɾ iː n
ساختار	s ɑː x t ɑː ɾ
اجاق	o d͡ʒ ɑː ɢ
شاعر	ʃ ɑː ʔ i ɾ
فاخره	f ɑː x i ɾ a
فر	f o ɾ
سه	s e
تفریح	t a f ɾ e h
آویختن	ɑː w eː x t a n
ببر	b a b ɾ
ویژه	v e ʒ a
نسک	n a s k
حجاب	h e d͡ʒ ɑː b
خجالت	x e d͡ʒ ɑː l a t
باران	b ɑː ɾ ɑː n
استخدام	e s t e x d ɑː m
مجسمه	m o d͡ʒ a s s a m e
آلرژی	ɑː l i ɾ ʒ iː
ترشه	t o ɾ ʃ e
بی‌هوش	b e h ɵː ʃ
قیمتی	q a j m a t iː
نورانی	n u ɾ ɑː n iː
خان	x ɑː n
مسیح	m a s e h
مخرج	m a x ɾ a d͡ʒ
کشکول	k a ʃ k uː l
شال	ʃ ɑː l
جستجو	d͡ʒ o s t o d͡ʒ uː j
خاله	x ɑː l a
بخار	b o x ɑː ɾ
اشتراک	e ʃ t e ɾ ɑː k
مختلف	m o x t a l e f
دردمند	d a ɾ d m a n d
سن	s e n
او	oː
بسنده	b a s a n d e
افغانستان	a f ɣ ɑː n i s t ɑː n
قاصدک	q ɑː s i d a k
خف	x o f
چهل	t͡ʃ e h e l
خیار	x i j ɑː ɾ
آجیل	ɑː d͡ʒ iː l
هم	h a m
روزنامه	ɾ oː z n ɑː m a
زنجبیل	z a n d͡ʒ a b iː l
هم‌جنس‌گرا	h a m d͡ʒ i n s ɡ a ɾ ɑː
تمیز	t a m i z
استقبال	e s t e ɢ b ɑː l
معمار	m e ʔ m ɑː ɾ
آفت	ɑː f a t
بنیادگرا	b o n j ɑː d ɡ a ɾ ɑː
تزیین	t a z j i n
خاور	x ɑː w a ɾ
امسال	e m s ɑː l
سهراب	s o h ɾ ɑː b
زاوش	z ɑː w u ʃ
کلان	k a l ɑː n
جامعه‌شناسی	d͡ʒ ɑː m i ʔ a ʃ i n ɑː s iː
سلیمانی	s o l e j m ɑː n iː
گاش	ɡ ɑː ʃ
مرمی	m a r m iː
تنبور	t a n b u ɾ
خودنویس	x o d n e v iː s
چامه‌سرایی	t͡ʃ ɑː m a s a ɾ ɑː j iː
تلخ	t a l x
امشب	e m ʃ a b
فقیر	f a q i ɾ
کوتاه‌تر	k uː t ɑː h t a ɾ
لنگرگاه	l a n ɡ a ɾ ɡ ɑː h
توپچى	t oː p t͡ʃ iː
سرمه	s a ɾ m a
بارود	b ɑː ɾ uː d
پشه	p a ʃ e
لاله	l ɑː l e
اورشلیم	ʔ o ɾ ʃ a l iː m
تبدیل	t a b d i l
مشتق	m o ʃ t a ɢ
طلاق	t a l ɑː q
عراقچی	a ɾ ɑː q t͡ʃ iː
مامانی	m ɑː m ɑː n iː
طب	t e bː
شاید	ʃ ɑː j a d
سفر	s a f a ɾ
تهیه	t a h i j j a
همچنین	h a m t͡ʃ a n i n
مسافت	m a s ɑː f a t
قانونی	q ɑː n uː n iː
خوانندگان	x ɑː n a n d e ɡ ɑː n
نزدیک	n a z d i k
زور	z a v ɾ
اتم	a t o m
بفرمایید	b e f a ɾ m ɑː j iː d
چامه	t͡ʃ ɑː m a
جوراب	d ʒ oː ɾ ɑː b
سپندان	s e p a n d ɑː n
دیس	d e s
اتمام	e t m ɑː m
پوست‌شناسی	p oː s t ʃ i n ɑː s iː
ظاهر	z ɑː h i ɾ
فریدون	f e ɾ e i̯ d uː n
خفگی	x a f i ɡ iː
خزینه	x a z i n a
سوز	s oː z
برخی	b a r x iː
انزال	e n z ɑː l
دلگیری	d e l ɡ iː ɾ iː
بەت	b aː t
جبار	d ʒ a b ɑː ɾ
مریضی	m a ɾ iː z iː
نظر	n a z a ɾ
کنجکاو	k o n d͡ʒ k ɑː v
طاس	t ɑː s
معلم	m o ʔ a l l e m
لثه	l a s e
شات	ʃ ɑː t
منابع	m a n ɑː b i ʔ
باحال‌تر	b ɑː h ɑː l t a ɾ
توسی	t uː s iː
تیز	t e z
مفرط	m o f ɾ e t
گربه	ɡ o ɾ b e
خود	x o d
اهمیت	a h a m i j a t
تقریباً	t a q ɾ i b a n
همراه	h a m ɾ ɑː h
کیچه	kʰ iː t͡ʃʰ e
زوش	z u ʃ
وطن‌پرست	v a t a n p a ɾ a s t
آذربایجان	ɑː z a ɾ b ɑː j d͡ʒ ɑː n
رعایت	ɾ e ʔ ɑː j a t
بیضه	b a j z a
منیژه	m a n iː ʒ a
موسیقی‌شناسی	m u s i q i ʃ i n ɑː s iː
کینه	k iː n e
فانوس	f ɑː n uː s
خیریه	x a j ɾ i j j a
سریدن	s o ɾ iː d a n
مولانا	m o w l ɑː n ɑː
مازوج	m ɑː z uː d͡ʒ
مشارکت	m o ʃ ɑː ɾ e k a t
دربار	d a ɾ b ɑː ɾ
دجله	d e d͡ʒ l e
افشاندن	a f ʃ ɑː n d a n
بیگانه	b e ɡ ɑː n a
ادبیات	a d a b i j ɑː t
ویژگی‌ها	v iː ʒ e ɡ iː h ɑː
امام	e m ɑː m
مقدار	m e ɢ d ɑː ɾ
دنیوی	d o n j a v e
بوسیدن	b oː s iː d a n
حرفه	h e ɾ f e
بایست	b ɑː j e s t
عاصی	ʔ ɑː s iː
مسکه	m a s k a
کوه	k oː h
احساس	e h s ɑː s
مختلط	m o x t a l e t
سه‌شنبه	s e ʃ a n b e
ضخیم	z a x iː m
شلوغ‌ترین	ʃ o l uː ɣ t a ɾ iː n
موتر	m oː t a ɾ
جدید	d͡ʒ a d i d
شهر	ʃ a h ɾ
خوبانی	x u b ɑː n iː
مخالف	m o x ɑː l e f
اهریمن	ʔ a h ɾ iː m a n
غژب	ɢ o ʒ b
خندیدن	x a n d i d a n
مرتب	m o ɾ a t t a b
قشنگ	ɢ e ʃ a ŋ ɡ
شرک	ʃ e ɾ e k
شهری	ʃ a h ɾ iː
نارگیله	n ɑː ɾ ɡ iː l a
دیگر	d i ɡ a ɾ
مرکزی	m a ɾ k a z iː
برگشتن	b a ɾ ɡ a ʃ t a n
روشنگری	ɾ a v ʃ a n ɡ a ɾ iː
هزار	h a z ɑː ɾ
همسایه	h a m s ɑː j a
تقسیم	t a q s i m
بعید	b a ʔ i d
فیض	f a j z
میغ	m eː ɣ
رنگارنگ	ɾ a ŋ ɡ ɑː ɾ a ŋ ɡ
طعم	t a ʔ m
بتکده	b o t k a d e
ملکه	m a l i k a
شماریدن	ʃ o m ɑː ɾ iː d a n
بزرگ‌امید	b o z o ɾ ɡ ʔ o m iː d
سرد	s a ɾ d
مالیات	m ɑː l iː j ɑː t
هیچ	h e t͡ʃ
شبنم	ʃ a b n a m
انسان	e n s ɑː n
موافق	m o v ɑː f e ɣ
نوکر	n a w k a r
کفن	k a f a n
بخور	b o x uː ɾ
خارگیل	x ɑː ɾ ɡ iː l
استاد	o s t ɑː d
شانه	ʃ ɑː n a
جانور	d͡ʒ ɑː n w a ɾ
داروشناس	d ɑː ɾ uː ʃ i n ɑː s
زین	z i n
آموختن	ɑː m oː x t a n
کمو	k a m uː
جواب	d͡ʒ a v ɑː b
امامقلی	e m ɑː m ɢ o l iː
بال	b ɑː l
حاکم	h ɑː k i m
زیرک	z i ɾ a k
هشتن	h e ʃ t a n
بشکه	b o ʃ k e
مراکش	m a ɾ ɑː k i ʃ
فقرا	f o ɢ a ɾ ɑː
اندی	a n d eː
چه	t͡ʃ a
خروس	x o ɾ uː s
خوشنویسی	x o ʃ n e v iː s iː
ابر	a b a ɾ
بیمارتر	b iː m ɑː ɾ t a ɾ
وضع	v a z ʔ
اسپهسالار	ʔ e s p a h s ɑː l ɑː ɾ
پختن	p o x t a n
مربوط	m a ɾ b u t
مواظب	m o v ɑː z e b
محبوب	m a h b u b
قید	ɢ e j d
خصم	x a s m
اضافه	e z ɑː f e
مختار	m o x t ɑː ɾ
علاقه	a l ɑː q a
دستور	d a s t u ɾ
پذیرفتن	p a z i ɾ u f t a n
عادت	ʔ ɑː d a t
گراز	ɡ o ɾ ɑː z
مد	m o d
دست	d a s t
پاکستانی	p ɑː k i s t ɑː n iː
اهواز	a h w ɑː z
کالبد	k ɑː l b u d
مدهوش	m a d h u ʃ
صادق	s ɑː d i q
بخشش	b a x ʃ i ʃ
قمر	q a m a ɾ
حماس	h a m ɑː s
بی‌پروا	b e p a ɾ v ɑː
تحفه	t o h f e
جمشید	d͡ʒ a m ʃ e d
استقلال	e s t e ɢ l ɑː l
ابریشم	a b ɾ i ʃ a m
پاستا	p ɑː s t ɑː
کنسرت	k o n s e ɾ t
دربان	d a ɾ b ɑː n
تاریک‌تر	t ɑː ɾ iː k t a ɾ
خال	x ɑː l
خروشیدن	x o ɾ uː ʃ iː d a n
برای	b a ɾ ɑː j i
ذرت	z o rː a t
ماهی	m ɑː h iː
پررونق	p o ɾ ɾ o w n a ɢ
جسور	d͡ʒ a s u ɾ
درودن	d o ɾ uː d a n
مترجم	m o t a ɾ d͡ʒ e m
مغز	m a ɣ z
رم	ɾ a m
سمور	s a m oː ɾ
فهم	f a h m
خراسان	x o ɾ ɑː s ɑː n
جایزه	d͡ʒ ɑː j i z a
لیک	l iː k
برهنه‌گرا	b a ɾ a h n a ɡ a ɾ ɑː
مار	m ɑː ɾ
تصویب	t a s v i b
کفش	k a f ʃ
پرسش	p o ɾ s e ʃ
کرشن	k ɾ i ʃ n
تاجیکستان	t ɑː d͡ʒ iː k i s t ɑː n
بکارت	b a k ɑː ɾ a t
جام	d͡ʒ ɑː m
بهتر	b e h t a ɾ
فروردین	f a ɾ v a ɾ d̪ iː n
شاهکار	ʃ ɑː h k ɑː ɾ
شما	ʃ o m ɑː
مهربانی	m e h ɾ a b ɑː n iː
کسشعر	k o s e ʃ e ɾ
پیشمرگه	p e ʃ m a ɾ ɡ e
متخلف	m o t a x a l l e f
مورچه	m oː ɾ t͡ʃ a
طلایی	t a l ɑː j iː
خواهر	x ɑː h a ɾ
اشکال	a ʃ k ɑː l
مهرداد	m e h ɾ d ɑː d
بان	b ɑː n
ارض	a ɾ z
پنجشیر	p a n d͡ʒ ʃ e ɾ
انجمن	ʔ a n d͡ʒ o m a n
بامداد	b ɑː m d ɑː n
بهتان	b o h t u n
هیئت	h a j ʔ a t
کم	k a m
اصلی	a s l iː
دانستن	d uː n e s t a n
آتنا	ɑː t i n ɑː
تفلیس	t e f l iː s
ژم	ʒ a m
صنوبر	s a n a v b a ɾ
بعضی	b a ʔ z e
سوخ	s oː x
دیگ	d e ɡ
خوار	x ɑː ɾ
مک	m a k
مقصد	m a q s a d
افسانه	a f s ɑː n a
وصل	v a s l
زقاق	z o ɢ ɑː ɢ
پله	pʰ e l l e
اشتباهی	e ʃ t e b ɑː h iː
سینه	s i n a
تقوا	t a q v ɑː
معنوی	m a ʔ n a v iː
سبزی	s a b z iː
درویش	d a ɾ v e ʃ
آمدن	ɑː m a d a n
مشکل‌ترین	m o ʃ k e l t a ɾ iː n
سنان	s e n ɑː n
نشستن	n e ʃ a s t a n
از	a z
دارفلفل	d ɑː ɾ f i l f i l
لوز	l a v z
شوید	ʃ e v iː d
ترک	t a ɾ k
ران	ɾ ɑː n
هوش	h oː ʃ
غصه	ɢ o s s e
بانک	b ɑː n k
اتاق	o t ɑː ɢ
عباء	a b ɑː
سنگواره	s a n ɡ v ɑː ɾ a
متعلق	m o t a ʔ a l l e ɢ
مالک	m ɑː l i k
خریطه	x a ɾ i t a
باجی	b ɑː d ʒ iː
آن	ɑː n
سرنوشت	s a ɾ n a v i ʃ t
بگران	b a ɡ ɾ ɑː n
رأی	ɾ a ʔ j
آلت	ɑː l a t
چند	t͡ʃ a n d
آخ	ɑː χ
متحد	m o t t a h e d
احتیاج	e h t i j ɑː d͡ʒ
تازگی	t ɑː z a ɡ iː
پلخته	p a l a x t a
سالن	s ɑː l o n
پاریس	pʰ ɑː ɾ iː s
نفرین	n e f ɾ iː n
نقشه	n a q ʃ a
آشپز	ɑː ʃ p a z
سده	s a d a
بامزه‌ترین	b ɑː m a z e t a ɾ iː n
کرس	k e ɾ s
فوق‌العاده	f a w q o l ʔ ɑ d a
رخت	ɾ a x t
استیون	e s t iː v e n
رابطه	ɾ ɑː b i t a
بیشتر	b e ʃ t a ɾ
لندن	l a n d a n
خانه	x ɑː n a
قوم	q a v m
ملی	m e l l iː
نفرت	n a f ɾ a t
ابریق	e b ɾ iː ɢ
بابک	b ɑː b a k
خور	x o ɾ
بهار	b a h ɑː ɾ
شخصیت	ʃ a x s i j a t
سرخ	s o ɾ x
باید	b ɑː j a d
پیچ	p e t͡ʃ
روحانی	r o ʊ h ɑː n iː
عکس	a k s
چنگال	t͡ʃ a n ɡ ɑː l
قلاوز	q u l ɑː w u z
رابط	ɾ ɑː b i t
ارادت	e ɾ ɑː d a t
بودن	b u d a n
شباهت	ʃ a b ɑː h a t
چیدن	t͡ʃ i d a n
بهاری	b a h ɑː ɾ iː
دانشمند	d ɑː n i ʃ m a n d
عمر	o m a ɾ
تنبسه	t a n b a s a
صفحه‌کلید	s a f h a k a l i d
ریشه	ɾ e ʃ a
شیرین	ʃ i ɾ i n
مسیحی	m a s i h iː
تابستان	t ɑː b i s t ɑː n
برخوردار	b a ɾ x o ɾ d ɑː ɾ
تبریک	t a b ɾ i k
میوه	m e v a
بچه	b a t t͡ʃ a
زیست‌شناس	z iː s t ʃ e n ɑː s
سرپرستی	s a ɾ p a ɾ a s t iː
سیل	s a j l
ژولیدن	ʒ uː l iː d a n
قدرتمند	q u d ɾ a t m a n d
شیرین‌تر	ʃ iː ɾ iː n t a ɾ
مناسبت	m o n ɑː s e b a t
چهار	t͡ʃ a h ɑː ɾ
فیروزه	f i ɾ u z a
پشیمان	p a ʃ iː m ɑː n
نماینده	n a m ɑː j a n d e
ناتوان	n ɑː t a w ɑː n
بلعیدن	b a l ʔ iː d a n
قسطنطنیه	q u s t a n t a n i j a
مند	m a n d
خزندگان	x a z a n d e ɡ ɑː n
ارشد	a ɾ ʃ a d
قایق	ɢ ɑː j e ɣ
لزوماً	l o z uː m a n
کس	k a s
جذاب	d͡ʒ a z z ɑː b
تجربه	t a d͡ʒ ɾ i b a
کوچک‌ترین	k uː t ʃ e k t a ɾ iː n
سرو	s a ɾ v
میرزاخانی	m i ɾ z ɑː x ɑː n iː
مشابه	m o ʃ ɑː b e
خار	x ɑː ɾ
زیبا	z e b ɑː
صلح	s u l h
پرندوش	p a ɾ a n d oː ʃ
سنگسار	s a n ɡ s ɑː ɾ
نیرو	n e ɾ ɵː
عثمان	o s m ɑː n
اله	e l ɑː h
نارون	n ɑː ɾ w a n
عنوان	o n v ɑː n
نشاندن	n e ʃ ɑː n d a n
شهنشاه	ʃ a h a n ʃ ɑː h
سیبویه	s i b u j a
اتصال	e t t e s ɑː l
منفی	m a n f iː
رغبت	r a ɣ b a t
بی‌مغز	b e m a ɣ z
خدشه	x a d ʃ a
زورخانه	z oː ɾ x ɑː n a
کله	k a l l a
درست	d o ɾ o s
خیلی	x a j l e
قندوز	q o n d uː z
شاهزادگان	ʃ ɑː h z ɑː d e ɡ ɑː n
تکرار	t a k ɾ ɑː ɾ
تجربی	t a d ʒ ɾ o b iː
نسخه	n o s x e
ماجرا	m ɑː d͡ʒ a ɾ ɑː
ام	e m
کی	k a j
حلال	h a l ɑː l
موزه	m oː z a
چغندر	t͡ʃ o ɢ o n d a ɾ
سوریه	s uː ɾ i j e
خندان	x a n d ɑ n
مسلمون	m o s a l m uː n
معشوق	m a ʔ ʃ u q
بی‌طرف	b e t a ɾ a f
قلب	q a l b
عمو	a m u
انتقاد	e n t e ɢ ɑː d
کباب	k a b ɑː b
بیمه	b i m a
خدیو	x a d e v
داروساز	d ɑː ɾ uː s ɑː z
ایام	ʔ a j j ɑː m
خربزه	x a ɾ b u z a
ممنوع	m a m n uː ʔ
مهم	m o h e m m
نوع	n a v ʔ
کسی	k a s e
باژدار	b ɑː ʒ d ɑː ɾ
سرچشمه	s a ɾ t͡ʃ a ʃ m a
دیوانه	d e v ɑː n a
انگبین	a n ɡ a b i n
تخریب	t a x ɾ i b
بیمارترین	b iː m ɑː ɾ t a ɾ iː n
دروغ‌ها	d o ɾ uː ɣ h ɑː
بم	b ə m
انگشت	a n ɡ i ʃ t
معمولا	m a ʔ m u l a n
آراستن	ɑː ɾ ɑː s t a n
علت	e l l a t
جنون	d ʒ o n uː n
شوهر	ʃ a v h a ɾ
خبری	x a b a ɾ j a
دوره	d a v ɾ a
واژه‌ها	v ɑː ʒ e h ɑː
ملا	m o lː ɑː
فغفور	f a ɣ f uː ɾ
اقیانوس	o ɢ j ɑː n uː s
خاموشی	x ɑː m oː ʃ iː
خالی	x ɑː l iː
سند	s e n d
مشکل‌ها	m o ʃ k e l h ɑː
صنم	s a n a m
شاهنشاه	ʃ ɑː h a n ʃ ɑː h
غالب	ɢ ɑː l e b
دلگیر	d e l ɡ iː ɾ
منبع	m a n b a ʔ
عمیق	a m iː q
آوا	ɑː w ɑː
چم	t͡ʃ a m
حیات	h a j ɑː t
جامه‌دان	d͡ʒ ɑː m i d ɑː n
فوت	f a v t
اثاث	a s ɑː s
برابر	b a ɾ ɑː b a ɾ
زیره	z iː ɾ e
بلی	b a l e
هیچ‌وقت	eː t͡ʃ w a q t
گاه‌شماری	ɡ ɑː h ʃ u m ɑː ɾ iː
کوچک‌تر	k uː t ʃ e k t a ɾ
هواپیما	h a v ɑː p a j m ɑː
شکسته	ʃ e k a s t e
ترنج	t o ɾ o n d͡ʒ
جستن	d͡ʒ a s t a n
میدان	m a j d ɑː n
ویژگی	v i ʒ a ɡ iː
غایب	ɢ ɑː j e b
قشنگی	q a ʃ a n ɡ iː
ناو	n ɑː w
بی	b e
بردار	b a ɾ d ɑː ɾ
شجاع	ʃ o d͡ʒ ɑː ʔ
محکمه	m a h k a m a
سرمایه	s a ɾ m ɑː j a
ساحل	s ɑː h i l
مقعد	m a q ʔ a d
فراموشی	f a ɾ ɑː m oː ʃ iː
کوتاهی	k u t ɑː h iː
نوشیدن	n oː ʃ iː d a n
والله	v a l l ɑː h
ساختن	s ɑː x t a n
ان‌شاءالله	e n ʃ ɑː ʔ a l l ɑː h
بوزه	b oː z a
منازل	m a n ɑː z i l
بیرونی	b eː ɾ uː n iː
خوردن	x o ɾ d a n
بعدا	b a ʔ d a n
تب	t a b
حیوان	h a j v ɑː n
بلال	b a l ɑː l
نیاز	n i j ɑː z
پناهندگان	p a n ɑː h a n d e ɡ ɑː n
خنداندن	x a n d ɑː n d a n
قطره	q a t ɾ a
