زمین‌شناسی	z a m i n ʃ i n ɑː s iː
دانشکده	d ɑː n i ʃ k a d a
هیس	s
جرم	d͡ʒ e ɾ m
سرپوش	s a ɾ p oː ʃ
خاطب	x ɑː t i b
دلیل	d a l i l
فهماندن	f a h m ɑː n d a n
درآمد	d a ɾ ɑː m a d
مازوج	m ɑː z uː d͡ʒ
باسن	b ɑː s a n
تقریباً	t a ɢ ɾ i b a n
شیردال	ʃ e ɾ d ɑː l
خواندن	x ɑː n d a n
گلو	ɡ a l oː
دگرجنس‌گرا	d e ɡ a ɾ d͡ʒ e n s ɡ a ɾ ɑː
ژوپیتر	ʒ u p i t e ɾ
شغل	ʃ o ɢ l
مفرط	m o f ɾ e t
آکندن	ʔ ɑː k a n d a n
ازدواج	e z d e v ɑː d͡ʒ
معمار	m e ʔ m ɑː ɾ
مرند	m a ɾ a n d
راستگو	ɾ ɑː s t ɡ uː
حمام	h a m m ɑː m
کتاب	k e t ɑː b
اعضا	a ʔ z ɑː
مشعل	m a ʃ ʔ a l
پیچیدن	p e t͡ʃ i d a
عربستان	a ɾ a b i s t ɑː n
حیوان	h a j v ɑː n
خطا	x a t ɑː
پرسیدن	p o ɾ s iː d a n
برادر	b a ɾ ɑː d a ɾ
رفتار	ɾ a f t ɑː ɾ
شور	ʃ oː ɾ
بوی	b oː j
بی‌معنی	b e m a ʔ n iː
شعر	ʃ e ʔ ɾ
چطور	t͡ʃ e t o v ɾ
آلمان	ɑː l m ɑː n
زیرک	z i ɾ a k
سطح	s a t h
بنیادگرا	b o n j ɑː d ɡ a ɾ ɑː
رأی	ɾ a ʔ j
مرمی	m a r m iː
سوسمار	s uː s m ɑː r
مهرداد	m e h ɾ d ɑː d
دیروز	d i ɾ s z
غافت	ɢ ɑː f e t
هشت	h a ʃ t
پاکستانی	p ɑː k i s t ɑː n iː
ذهن	z e h n
باردار	b ɑː ɾ d ɑː ɾ
خواهر	x ɑː h a ɾ
بهشت	b e h e ʃ t
نیک	n e k
توجه	t a v a d d͡ʒ s h
رباعی	ɾ o b ɑː ʔ iː
فهرست	f e h ɾ e s t
چنبره	t͡ʃ a m b a ɾ a
تهیه	t a h i j j a
قاچاق	ɢ ɑː t͡ʃ ɑː ɢ
قاموس	ɢ ɑː m uː s
یزد	j a z d
دراییدن	d a ɾ ɑː j iː d a n
اتم‌ها	a t o m h ɑː
باغ	b ɑː ɢ
شایعه	ʃ ɑː j i ʔ a
بشکه	b o ʃ k e
کس	k a s
بختر	b e x t a ɾ
فاخره	f ɑː x i ɾ a
قزوین	ɢ a z v i n
اصیل	a s i l
فاک	f ɑː k
چو	t ʃ o v
آنجا	ɑː n d͡ʒ ɑː
شعب	ʃ o ʔ a b
نفت	n a f t
آهنگ	ɑː h a n ɡ
چاشنی	t ʃ ɑː ʃ n iː
سلجوق	s a l d͡ʒ u ɢ
تاکنون	t ɑː k u n uː n
تاریخ	t ɑː ɾ iː x
بز	b o z
صورتی	s uː ɾ a t iː
هی	h e j
ترشی	t o ɾ ʃ iː
کره	k a ɾ a
نزدیک‌ترین	n a z d iː k t a ɾ iː n
مظهر	m a z h a ɾ
دفاع	d e f ɑː ʔ
ارتش	a ɾ t i ʃ
سلیمان	s o l e j m ɑː n
متخلف	m o t a x a l l e f
اجازه	e d͡ʒ ɑː z e
پوشیدن	p oː ʃ iː d a n
بژ	b e ʒ
سیاره‌ها	s a j ɑː ɾ e h ɑː
گاه	ɡ ɑː h
مجلس	m a d͡ʒ l i s
قطار	ɢ a t ɑː ɾ
قسمت	ɢ i s m a t
اسطوره	o s t uː ɾ e
زیرسیگاری	z iː ɾ s iː ɡ ɑː ɾ iː
مغز	m a ɢ z
پختن	p o x t a n
تقوا	t a ɢ v ɑː
ثابت‌ها	s ɑː b e t h ɑː
افزایش	a f z ɑː j i ʃ
پاسخ	p ɑː s u x
جعفر	d͡ʒ a ʔ f a r
تمیز	t a m i z
برخوردار	b a ɾ x o ɾ d ɑː ɾ
بامداد	b ɑː m d ɑː n
باستان	b ɑː s t ɑː n
برخی	b a r x iː
معماری	m e ʔ m ɑː ɾ iː
هرتز	h e ɾ t z
کهکشان‌ها	k a h k a ʃ ɑː n h ɑː
قاسم	ɢ ɑː s e m
دچار	d o t͡ʃ ɑː ɾ
سرودن	s o ɾ uː d a n
ژامبون	ʒ ɑː m b o n
ناخواسته	n ɑː x ɑː s t a
پتک	p o t k
آینده	ɑː j a n d a
حساب	h e s ɑː b
هفده	h a b d a h
آبدست	ɑː b d a s t
طلایی	t a l ɑː j iː
گیان	ɡ o j ɑː n
شاعر	ʃ ɑː ʔ i ɾ
هنر	h o n a ɾ
اشرج	a ʃ r a d ʒ
فعلا	f e ʔ l a n
زورخانه	z oː ɾ x ɑː n a
استاد	o s t ɑː d
گواه	ɡ o v ɑː h
پرتگاه	p a ɾ t ɡ ɑː h
علاءالدین	a l ɑː ʔ u d d i n
سردار	s a ɾ d ɑː ɾ
آجیل	ɑː d͡ʒ iː l
مهم	m o h e m m
جریان	d͡ʒ a ɾ a j ɑː n
بی‌هوش	b e h s ʃ
اسپرزه	e s p a ɾ z e
مختل	m o x t a l
بالا	b ɑː l ɑː
نقره	n o ɢ ɾ e
جادو	d͡ʒ ɑː d uː
منتظر	m o n t a z e ɾ
بری	b e ɾ e j
زبان	z a b ɑː n
عجیب‌ترین	a d ʒ iː b t a ɾ iː n
خربزه	x a ɾ b u z a
گی	a ɡ iː
شلغم	ʃ a l ɢ a m
عباسی	ʔ a b b ɑː s iː
آهسته	ɑː h i s t a
نسخه	n o s x e
گذراندن	ɡ o z a ɾ ɑː n d a n
مردها	m a ɾ d h ɑː
باقلوا	b ɑː ɢ l a v ɑː
مؤسسه	m o ʔ a s s a s e
کیمیا	k iː m i j ɑː
سال	s ɑː l
کاروان	k ɑː ɾ v ɑː n
برجسته	b a ɾ d͡ʒ a s t a
زوش	z u ʃ
فاعل	f ɑː ʔ i l
پیاله	p i j ɑː l a
تمبر	t a m b ɾ
مهربانی	m e h ɾ a b ɑː n iː
اعتیاد	e ʔ t i j ɑː d
خوابیدن	x ɑː b iː d a n
بهتر	b e h t a ɾ
حافظ	h ɑː f e z
فضا	f a z ɑː
تقسیم	t a ɢ s i m
موضوع	m a v z s ʔ
شاهزادگان	ʃ ɑː h z ɑː d e ɡ ɑː n
زیرزمین	z iː ɾ z a m iː n
دستور	d a s t u ɾ
گره	ɡ e r e h
مزنه	m o z n e
لاله	l ɑː l e
پناهنده	p a n ɑː h a n d e
همبازی	h a m b ɑː z iː
قلمدان	ɢ a l a m d ɑː n
ریدک	r e j d a k
قبر	ɢ a b ɾ
شگفت	ʃ e ɡ e f t
سده	s a d a
ترازو	t a ɾ ɑː z uː
ابرنواختر	a b a ɾ n a v a x t a ɾ
شهرت	ʃ o h ɾ a t
گوناگون	ɡ u n ɑː ɡ u n
بچه	b a t t͡ʃ a
رقص	ɾ a ɢ s
دراز	d a ɾ ɑː z
ندارد	n a d ɑː ɾ a d
پیشگیر	p e ʃ ɡ i ɾ
باب	b ɑː b
فکاهی	f o k ɑː h iː
مملکت	m a m l a k a t
درنگ	d e ɾ a n ɡ
ذبح	z e b h
دادار	d ɑː d ɑː r
پنجه	p a n d͡ʒ a
اتاق	o t ɑː ɢ
جمله	d͡ʒ o m l e
آلرژی	ɑː l i ɾ ʒ iː
بریدن	b o ɾ iː d a n
غافث	ɢ ɑː f e s
زین	z i n
دزد	d o z d
سپر	s e p a ɾ
مترجم	m o t a ɾ d͡ʒ e m
ذکر	z a k a ɾ
نشستن	n e ʃ a s t a n
پالایشگاه	p ɑː l ɑː j i ʃ ɡ ɑː h
گران	ɡ a ɾ ɑː n
پرشور	p o ɾ ʃ uː ɾ
توضیح	t a v z e h
زلیخا	z o l e j x ɑː
کتب	k o t o b
بی‌سیم	b e s i m
سهمگین	s a h m ɡ i n
مسافت	m a s ɑː f a t
کندن	k a n d a n
کنفرانس	k o n f e ɾ ɑː n s
سرب	s o ɾ b
برپا	b a ɾ p ɑː
نیایش	n i j ɑː j i ʃ
میغ	m e ɢ
عصبانی	a s a b ɑː n iː
بین‌المللی	b a j n a l m i l a l iː
جنسی	d͡ʒ e n s iː
ابراهیم	e b ɾ ɑː h iː m
هم‌جنس‌گرا	h a m d͡ʒ i n s ɡ a ɾ ɑː
عنوان	o n v ɑː n
تصمیم	t a s m i m
حاشیه	h ɑː ʃ i j a
مهره	m o h ɾ e
بیش	b e ʃ
گردون	ɡ a ɾ d u n
فصیح	f a s e h
آستانه‌ای	ɑː s t ɑː n a iː
گلابی	ɡ o l ɑː b iː
کوشک	k oː ʃ k
حداکثر	h a d d i a k s a ɾ
زیاد	z i j ɑː d
شادمان	ʃ ɑː d m ɑː n
نار	n ɑː ɾ
زدن	z a d a n
جسور	d͡ʒ a s u ɾ
وضع	v a z ʔ
شلوغ‌ترین	ʃ o l uː ɢ t a ɾ iː n
تکیدن	t a k i d a n
فرق	f a ɾ ɢ
بهتان	b o h t u n
جایگاه	d͡ʒ ɑː j ɡ ɑː h
گفتن	ɡ o f t a n
زیست‌شناس	z iː s t ʃ e n ɑː s
ایدون	e d u n
بابل	b ɑː b i l
طرف	t a ɾ a f
جواب‌ها	d ʒ a v ɑː b h ɑː
مربوط	m a ɾ b u t
ظهور	z o h uː ɾ
عشق‌آباد	e ʃ ɢ ɑː b ɑː d
جامعه‌شناسی	d͡ʒ ɑː m i ʔ a ʃ i n ɑː s iː
تخریب	t a x ɾ i b
بزرگ‌امید	b o z o ɾ ɡ ʔ o m iː d
بعث	b a ʔ s
کوهستان	k oː h i s t ɑː n
گزاف‌تر	ɡ a z ɑː f t a ɾ
آسایش	ɑː s ɑː j i ʃ
افطار	e f t ɑː ɾ
غور	ɢ o v ɾ
پاداش	p ɑː d ɑː ʃ
نژادی	n e ʒ ɑː d iː
بیمار	b e m ɑː ɾ
لثه	l a s e
البرز	ʔ a l b o ɾ z
کافی	k ɑː f iː
هدیه	h a d i j a
ملاقات	m o l ɑː ɢ ɑː t
فریدون	f e ɾ e i d uː n
نماینده	n a m ɑː j a n d e
باز	b ɑː z
مجازات	m o d ʒ ɑː z ɑː t
شکوفه	ʃ e k uː f e
شوره	ʃ oː ɾ e
مرغاب	m o ɾ ɢ ɑː b
بختیار	b a x t i j ɑː ɾ
ذرت	z o r a t
ویر	v i ɾ
پادشاه	p ɑː d i ʃ ɑː h
گریختن	ɡ o ɾ iː x t a n
چمیدن	t͡ʃ a m i d a n
کالبد	k ɑː l b u d
سرپرستی	s a ɾ p a ɾ a s t iː
یخچال	j a x t͡ʃ ɑː l
ادغام	e d ɢ ɑː m
تصویب	t a s v i b
آنغوزه	ɑː n ɢ u z a
پردیس	p a ɾ d e s
هنوز	h a n oː z
قرغیزستان	ɢ i ɾ ɢ iː z i s t ɑː n
گراز	ɡ o ɾ ɑː z
صفحه‌کلید	s a f h a k a l i d
شوکران	ʃ a v k a ɾ ɑː n
مفعول	m a f ʔ u l
ارس	a ɾ a s
قهرمان	ɢ a h ɾ a m ɑː n
کباب	k a b ɑː b
مدهوش	m a d h u ʃ
فرآیند	f a ɾ ɑː j a n d
ترش	t o ɾ ʃ
آتش	ɑː t a ʃ
هرکس	h a r k a s
بیمناک	b i n m ɑː k
ژولیدن	ʒ uː l iː d a n
گشتن	ɡ a ʃ t a n
واش	v ɑ ʃ
می‌خواهم	m iː x ɑː h a m
باران	b ɑː ɾ ɑː n
پرندگان	p a ɾ a n d a ɡ ɑː n
شیوا	ʃ e v ɑː
سورپرایز	s u r p e ɾ ɑ j z
دماغ	d a m ɑː ɢ
خاکستری	x ɑː k i s t a ɾ iː
فکر	f e k
جوره	d͡ʒ oː ɾ a
شب	ʃ a b
افغان	a f ɢ ɑː n
هوشیار	h oː ʃ j ɑː ɾ
ژرفا	ʒ a ɾ f ɑː
زرناپا	z u r n ɑː p ɑː
گذشته	ɡ o z a ʃ t e
بازدید	b ɑː z d iː d
بانو	b ɑː n uː
دو	d o
بردن	b o ɾ d a n
دین‌داری	d i n d ɑː ɾ iː
بلعیدن	b a l ʔ iː d a n
ذات	z ɑː t
مله	m a l a
چیش	t ʃ i ʃ
کله	k a l l a
همیشه	h a m e ʃ a
جلوگیری	d͡ʒ e l o v ɡ iː ɾ iː
اشترغار	o ʃ t o ɾ ɢ ɑː ɾ
متوجه	m o t a v a d d͡ʒ e h
مرغ	m o ɾ ɢ
غرق	ɢ a ɾ ɢ
باژ	b ɑː ʒ
طاقت	t ɑː ɢ a t
اولی	a v v a l iː
تنیدن	t a n iː d a n
وقت	v a ɢ t
فصل	f a s l
تکور	t a k v o ɾ
پیشمرگه	p e ʃ m a ɾ ɡ e
یک	j a k
یافتن	j ɑː f t a n
انگیزه	a n ɡ e z a
زغال	z o ɢ ɑː l
خوشبو	x o ʃ b uː j
کنونی	k o n uː n iː
پیکر	p a j k a ɾ
حرب	h a ɾ b
بلور	b i l oː ɾ
بنگاه	b o n ɡ ɑː h
شاید	ʃ ɑː j a d
نقشه	n a ɢ ʃ a
کاکوتی	k ɑː k uː t iː
لی	l iː
نوشتن	n a v i ʃ t a n
زحمت	z a h m a t
هوش	h oː ʃ
خود	x o d
دعا	d o ʔ ɑː
شاهنشاه	ʃ ɑː h a n ʃ ɑː h
صفت	s e f a t
تشکر	t a ʃ a k k u ɾ
پاپ	p ɑː p
وارث	v ɑː ɾ e s
ضمیر	z a m i ɾ
اتفاقاً	e t t e f ɑː ɢ a n
اعتقاد	e ʔ t e ɢ ɑː d
کوچک‌ترین	k uː t ʃ e k t a ɾ iː n
آمار	ɑː m ɑː ɾ
شناختن	ʃ e n ɑː x t a n
ایستادن	i s t ɑː d a n
پزشک	p e z e ʃ k
خورشید	x o ɾ ʃ iː d
ایمان	i m ɑː n
چتر	t͡ʃ a t ɾ
یواش	j a v ɑː ʃ
هل	h e l
آلایش	ɑː l ɑː j i ʃ
سیاست	s i j ɑː s a t
یمن	j a m a n
کثیف	k a s i f
دوش	d oː ʃ
پرچم	p a ɾ t͡ʃ a m
خوره	x o r a h
شهنشاه	ʃ a h a n ʃ ɑː h
کاغذها	k ɑː ɢ a z h ɑː
رژیمان	ɾ e ʒ i m ɑ n
عشق	e ʃ ɢ
بخاطر	b a x ɑː t i ɾ i
مانند	m ɑː n a n d i
اکثر	a k s a ɾ
گروه	ɡ o ɾ uː h
محل	m a h a l l
خواهش	x ɑː h e ʃ
حیران	h a i ɾ ɑː n
گفتگو	ɡ o f t o ɡ uː j
ابهام	e b h ɑː m
علاوه	a l ɑː v a
خط	x a t
سبک	s a b k
درجه	d a ɾ a d͡ʒ a
به‌آفرید	b e h ɑː f a ɾ iː d
می	m a j
انعکاس	e n ʔ e k ɑː s
مؤدب	m o ʔ a d d e b
یاب	j ɑː b
گو	ɡ o v
ائتلاف	e ʔ t e l ɑː f
جمعیت	d͡ʒ a m ʔ i j j a t
غصه	ɢ o s s e
روسی	ɾ u s iː
یراق	j a ɾ ɑː ɢ
مهر	m a h ɾ
جلسه	d͡ʒ a l a s a
به	b a
مبهم	m o b h a m
نویسه‌گردانی	n e v iː s e ɡ a ɾ d ɑː n iː
مردانه	m a ɾ d ɑː n a
پنیر	p a n i ɾ
اشکال	a ʃ k ɑː l
خراسانی	x o ɾ ɑː s ɑː n iː
صنم	s a n a m
نجومی	n o d͡ʒ uː m iː
خار	x ɑː ɾ
مرو	m a ɾ v
مسلمون	m o s a l m uː n
فراموشیدن	f a ɾ ɑː m uː ʃ iː d a n
سمند	s a m a n d
سیلابی	s a j l ɑː b e
تار	t ɑː ɾ
سنان	s e n ɑː n
پرگار	p a ɾ ɡ ɑː ɾ
گیاخن	ɡ o j ɑː x a n
بردار	b a ɾ d ɑː ɾ
ژرفی	ʒ a ɾ f iː
شوید	ʃ e v iː d
زور	z a v ɾ
حکومت	h o k uː m a t
گون	ɡ oː n
درودن	d o ɾ uː d a n
سفینه	s a f i n a
آشفته	ɑː ʃ u f t a
دست	d a s t
گزارش	ɡ o z ɑː ɾ e ʃ
کشتی‌گیر	k o ʃ t iː ɡ iː ɾ
شاه	ʃ ɑː h
گیس	ɡ e s
اعدام	e ʔ d ɑː m
عربی	ʔ a ɾ a b iː
صورتى	s u ɾ a t iː
تذرو	t a z a ɾ v
اصفهانی	e s f a h ɑː n iː
توپولوژی	t o p o l o ʒ iː
چوپان	t͡ʃ u p ɑː n
شمعدان	ʃ a m ʔ d ɑː n
باژدار	b ɑː ʒ d ɑː ɾ
سهم	s a h m
گوجه	ɡ a v d͡ʒ a
قفس	ɢ a f a s
قشنگ	ɢ e ʃ a n ɡ
شامل	ʃ ɑː m i l
شوهر	ʃ a v h a ɾ
رستن	ɾ o s t a n
پرواز	p a ɾ v ɑː z
ارسطو	a ɾ a s t u
حضور	h o z uː ɾ
رسانیدن	ɾ a s ɑː n iː d a n
سنبه	s o m b e
پایتخت	p ɑː j t a x t
کالب	k ɑː l e b
بازنشسته	b ɑː z n i ʃ a s t a
تلویحی	t a l v iː h iː
اً	t a n v i n
بوقلمون	b u ɢ a l a m u n
صبور	s a b u ɾ
انکار	e n k ɑː ɾ
نیرو	n e ɾ s
گشادی	ɡ o ʃ ɑː d iː
میهن‌پرست	m i h a n p a ɾ a s t
پدرام	p a d ɾ ɑː m
باغبان	b ɑː ɢ b ɑː n
افرنگ	a f ɾ a n ɡ
لک	l a k
دستگاه	d a s t ɡ ɑː h
انطاکیه	a n t ɑː k i j a
اندیشیدن	a n d e ʃ i d a n
مریض	m a ɾ i z
اردیبهشت	o ɾ d iː b e h e ʃ t
خاک	x ɑː k
سحر	s a h a ɾ
ادا	a d ɑː
اله	e l ɑː h
کود	k oː d
نهفتن	n a h o f t a n
نیروگاه	n i ɾ u ɡ ɑː h
محمدقلی	m o h a m m a d ɢ o l iː
چرخ	t͡ʃ a ɾ x
ان	ɑː n
قوم	ɢ a v m
دوغ	d oː ɢ
تهدید	t a h d i d
سرانجام	s a ɾ a n d͡ʒ ɑː m
جاذبه	d͡ʒ ɑː z i b a
لیو	l e v
نمایش	n a m ɑː j i ʃ
شهوتی	ʃ a h v a t iː
خالو	x ɑː l uː
نیازها	n iː j ɑː z h ɑː
صادق	s ɑː d i ɢ
کاریز	k ɑː ɾ e z
تقریبا	t a ɢ ɾ iː b a n
استان	o s t ɑː n
جگر	d ʒ e ɡ a ɾ
صورت	s u ɾ a t
گچ	ɡ a t͡ʃ
بعل	b a ʔ l
چکیدن	t͡ʃ a k i d a n
ران	ɾ ɑː n
نسرین	n a s ɾ iː n
دری	d a ɾ iː
منگنه	m a n ɡ a n a
یونانی	j u n ɑː n iː
توریستی	t u ɾ i s t
اسلوب	o s l uː b
افلاطون	a f l ɑː t uː n
تازگی	t ɑː z a ɡ iː
مغ	m a ɢ
نوک	n v a k
مجرد	m o d͡ʒ a ɾ ɾ a d
اقلیم	e ɢ l iː m
آلفته	ɑː l u f t a
حکم	h o k m
فشار	f e ʃ ɑː ɾ
وهم	v a h m
ابزار	a b z ɑː ɾ
طلا	t e l ɑː
خالق	x ɑː l i ɢ
افغانی	a f ɢ ɑː n iː
میلادی	m iː l ɑː d iː
سادگی	s ɑː d a ɡ iː
احترام	e h t e ɾ ɑː m
تحقیق	t a h ɢ i ɢ
بوته	b oː t a
فقط	f a ɢ a t
تخت	t a x t
ویدیو	v iː d iː j o
نستعلیق	n a s t a ʔ l i ɢ
موم	m uː m
شات	ʃ ɑː t
نتیجه	n a t i d͡ʒ a
دیگر	d i ɡ a ɾ
پور	p u ɾ
زرشک	z e ɾ e ʃ k
قاقم	ɢ ɑː ɢ o m
سیاه‌گوش	s i j ɑː h ɡ oː ʃ
دیوانه	d e v ɑː n a
قیمت	ɢ a j m a t
شاهد	ʃ ɑː h i d
آبی	ɑː b iː
سوزش	s oː z i ʃ
چکمه	t͡ʃ a k m a
سپهسالار	s e p a h s ɑː l ɑː ɾ
ابرش	a b ɾ a ʃ
بحران	b o h ɾ ɑː n
قند	ɢ a n d
وزن	v a z n
هشتن	h e ʃ t a n
قلاووز	ɢ u l ɑː v uː z
کابلی	k ɑː b u l iː
تبر	t a b a ɾ
انتقام	e n t e ɢ ɑː m
پهلوان	p a h l a v ɑː n
خواب	x ɑː b
وظیفه	v a z i f a
چگونه	t͡ʃ e ɡ uː n e
انرژی	a n a ɾ ʒ iː
گدازه	ɡ o d ɑː z e
توپ	t oː p
مناسبت	m o n ɑː s e b a t
بخار	b o x ɑː ɾ
زان	z ɑː n
حجره	h o d͡ʒ ɾ e
تعلیم	t a ʔ l i m
مدرسه	m a d ɾ a s a
بیشتر	b e ʃ t a ɾ
باروت	b ɑː ɾ uː t
ناو	n ɑː v
حشیش	h a ʃ i ʃ
ادویه	a d v i j a
آغیل	ɑː ɢ iː l
پستان	p e s t ɑː n
سورپریز	s u r p i ɾ i z
فروغ	f o ɾ uː ɢ
گذاشتن	ɡ o z ɑː ʃ t a n
شاهانشاه	ʃ ɑː h ɑː n ʃ ɑː h
آمرزیدن	ɑː m u ɾ z iː d a n
بدرود	b e d ɾ uː d
بیگانه	b e ɡ ɑː n a
الموت	ʔ a l a m uː t
خوان	x ɑː n
شراب	ʃ a ɾ ɑː b
اگرچه	a ɡ a ɾ t ʃ e
خەر	x ɑː ɾ
شکافتن	ʃ e k ɑː f t a n
ساده	s ɑː d a
گنجینه	ɡ a n d͡ʒ i n a
لهستان	l a h i s t ɑː n
کیر	k e ɾ
دشوار	d o ʃ v ɑː ɾ
خاده	x ɑː d a
سلاح	s e l ɑː h
کبریت	k e b ɾ iː t
نوروز	n a v ɾ s z
جستن	d͡ʒ a s t a n
فضازمان	f a z ɑː z a m ɑː n
تنها	t a n h ɑː
پیامک	p a j ɑː m a k
سخنرانی	s o x a n ɾ ɑː n iː
اخترمار	a x t a ɾ m ɑː ɾ
فر	f o ɾ
ژاله	ʒ ɑː l a
لوز	l a v z
صمیمی	s a m i m iː
ژنو	ʒ e n e v
امامقلی	e m ɑː m ɢ o l iː
عقرب	ʔ a ɢ ɾ a b
مردانگی	m a ɾ d ɑː n a ɡ iː
لات	l ɑː t
طعم	t a ʔ m
خسیس	x a s i s
محافظه‌کار	m o h ɑː f e z e k ɑː ɾ
فاصله	f ɑː s i l a
بابا	b ɑː b ɑː
فولاد	f oː l ɑː d
گنجشک	ɡ o n d͡ʒ e ʃ k
پشمین	p a ʃ m iː n
زنانه	z a n ɑː n a
آلت	ɑː l a t
شهود	ʃ o h uː d
گنجور	ɡ a n d͡ʒ u ɾ
گودر	ɡ oː d a ɾ
مراسم	m a ɾ ɑː s i m
قاطر	ɢ ɑː t i ɾ
سختن	s o x t a n
سند	s e n d
قدومه	ɢ u d u m a
ننه	n a n e
مکتب	m a k t a b
معشوق	m a ʔ ʃ u ɢ
کم	k a m
سنجاب	s a n d͡ʒ ɑː b
ریشه‌شناسی	ɾ e ʃ a ʃ i n ɑː s iː
محیط	m o h iː t
سلیمانی	s o l e j m ɑː n iː
نیاز	n i j ɑː z
مالیات	m ɑː l iː j ɑː t
ادبیات	a d a b i j ɑː t
مرجان	m a ɾ d͡ʒ ɑː n
مک	m a k
نر	n a ɾ
اورنگ	a v ɾ a n ɡ
باریک‌ترین	b ɑː ɾ iː k t a ɾ iː n
قصه	ɢ i s s a
شاهکار	ʃ ɑː h k ɑː ɾ
زوج	z a v d͡ʒ
افسوس	a f s oː s
شعبه	ʃ o ʔ b e
سه‌شنبه	s e ʃ a n b e
قدیمی	ɢ a d i m iː
ماهواره	m ɑː h v ɑː ɾ a
بارود	b ɑː ɾ uː d
میان	m i j ɑː n
فامیل	f ɑː m iː l
فروهر	f o ɾ uː h a ɾ
تاج	t ɑː d͡ʒ
کن	k e n
قرمز	ɢ i ɾ m i z
دانشمند	d ɑː n i ʃ m a n d
پرسش	p o ɾ s e ʃ
گوهر	ɡ a v h a ɾ
دگر	d e ɡ a ɾ
خرم	x o ɾ a m
تفاوت	t a f ɑː v u t
گلدان	ɡ o l d ɑː n
زال	z ɑː l
یعنی	j a ʔ n iː
اشترخار	o ʃ t o ɾ x ɑː ɾ
خز	x a z
عجب	ʔ a d͡ʒ a b
آخر	ɑː x a ɾ
شخص	ʃ a x s
سجستان	s a d͡ʒ a s t ɑː n
فن	f a n
مشرک	m o ʃ ɾ e k
شمسی	ʃ a m s iː
پرنده	p a ɾ a n d a
اندیشه	a n d e ʃ a
ربع	ɾ o b ʔ
نشان	n e ʃ ɑː n
گهواره	ɡ a h v ɑː ɾ a
آرد	ɑː ɾ d
ققنس	ɢ u ɢ n u s
شهر	ʃ a h ɾ
خوشحال	x o ʃ h ɑː l
در	d a ɾ
نسیم	n a s i m
لهذا	l e h ɑː z ɑː
ایام	ʔ a j j ɑː m
امین	a m iː n
سریدن	s o ɾ iː d a n
زراوند	z a ɾ ɑː v a n d
بشقاب	b o ʃ ɢ ɑː b
خلوت	x a l v a t
صاعقه	s ɑː ʔ i ɢ a
منازل	m a n ɑː z i l
دویدن	d a v i d a n
شفقت	ʃ a f a ɢ a t
دربان	d a ɾ b ɑː n
ژاپنی	ʒ ɑː p u n iː
شبنم	ʃ a b n a m
ترکیدن	t a ɾ a k iː d a n
دهستان	d e h e s t ɑː n
قلم	ɢ a l a m
گیتی	ɡ e t iː
شاه‌دانه	ʃ ɑː h d ɑː n a
پاکستان	p ɑː k i s t ɑː n
تعریف	t a ʔ ɾ i f
دارم	d ɑː ɾ a m
اتصال	e t t e s ɑː l
ستاره‌شناس	s e t ɑː ɾ e ʃ e n ɑː s
متفاوت	m o t a f ɑː v e t
تودری	t u d a ɾ iː
سبزی	s a b z iː
فک	f a k
مرحله	m a ɾ h a l a
ارزیدن	a ɾ z i d a n
آسیاب	ɑː s i j ɑː b
نریمان	n a ɾ e m ɑː n
اقمار	a ɢ m ɑː ɾ
شیرین‌ترین	ʃ iː ɾ iː n t a ɾ iː n
سوت	s oː t
آمیزش	ɑː m iː z e ʃ
خصوصا	x o s uː s a n
دانشگاه	d ɑː n i ʃ ɡ ɑː h
خانگی	x ɑː n a ʔ ɡ iː
اقلا	a ɢ a l l a n
نوم	n oː m
کوچک‌تر	k uː t ʃ e k t a ɾ
ختم	x a t m
مزه	m a z z a
آب	ɑː b
پراندن	p a ɾ ɑː n d a n
بخش	b a x ʃ
برگشتن	b a ɾ ɡ a ʃ t a n
سفید	s a f e d
تشریح	t a ʃ ɾ e h
تاریک‌ترین	t ɑː ɾ iː k t a ɾ iː n
مرغان	m o ɾ ɢ ɑː n
آهن	ɑː h a n
کارورزی	k ɑː ɾ v a ɾ z iː
چوب	t͡ʃ oː b
ابتدا	e b t e d ɑː
خاموش	x ɑː m oː ʃ
ترک	t a ɾ k
دلگیری	d e l ɡ iː ɾ iː
ان‌شاءالله	e n ʃ ɑː ʔ a l l ɑː h
مجروح	m a d͡ʒ ɾ uː h
لندن	l a n d a n
غذا	ɢ e z ɑː
بوزه	b oː z a
گسترده	ɡ o s t a ɾ d e
بهمن	b a h m a n
دلاور	d e l ɑː v a ɾ
غمگین	ɢ a m ɡ iː n
پشت	p o ʃ t e
کبوتر	k a b oː t a ɾ
پوزخند	p uː z x a n d
معمول	m a ʔ m u l
چا	t ʃ ɑː
خرید	h a ɾ i d
بیچاره	b e t͡ʃ ɑː ɾ a
سقف	s a ɢ f
همساده	h o m s ɑː d e
دلگیر	d e l ɡ iː ɾ
سقوط	s o ɢ uː t
سوخته	s uː x t e
دول	d oː l
غژب	ɢ o ʒ b
کون	k u n
وضوح	v o z uː h
زورمند	z oː ɾ m a n d
مسافرت	m o s ɑː f e ɾ a t
گوشه	ɡ oː ʃ a
باریک‌تر	b ɑː ɾ iː k t a ɾ
اذان	a z ɑː n
آمارگر	ɑː m ɑː ɾ ɡ a ɾ
اختصار	e x t e s ɑː ɾ
یه	j e
حدادی	h a d ɑː d iː
یشم	j a ʃ m
قبض	ɢ a b z
جبران	d͡ʒ o b ɾ ɑː n
فوت	f a v t
قرمزی	ɢ i ɾ m i z iː
ازگیل	a z ɡ i l
زود	z u d
فوق‌العاده	f a v ɢ o l ʔ ɑ d a
بی‌شمار	b e ʃ u m ɑː ɾ
شاداب	ʃ ɑː d ɑː b
روس	ɾ u s
کنشگر	k o n e ʃ ɡ a ɾ
سخن	s o x a n
پیوسیدن	p a j oː s iː d a n
خوراک	x o ɾ ɑː k
بهاءالله	b a h ɑː ʔ u l l ɑː h
ماندن	m ɑː n d a n
ابد	a b a d
الله‌قلی	a l l ɑː h ɢ u l iː
سالگی	s ɑː l a ɡ iː
مومیا	m oː m i j ɑː
آن	ɑː n
سیلاب	s a j l ɑː b
وکالت	v e k ɑː l a t
گسستن	ɡ o s a s t a n
اشک	a ʃ k
جواری	d͡ʒ o v ɑː ɾ iː
شکایت	ʃ e k ɑː j a t
دروغ‌ها	d o ɾ uː ɢ h ɑː
مادربزرگ	m ɑː d a ɾ b u z u ɾ ɡ
مثلا	m a s a l a n
یهودی	j a h u d iː
ختو	x o t uː
دیوان	d e v ɑː n
معلم	m o ʔ a l l e m
چغندر	t͡ʃ o ɢ o n d a ɾ
جبار	d ʒ a b ɑː ɾ
مالی	m ɑː l iː
بسد	b e s a d
یاور	j ɑː v a ɾ
سوز	s oː z
معراج	m e ʔ ɾ ɑː d͡ʒ
رضا	ɾ e z ɑː
یلدا	j a l d ɑ
یی	j iː
حقیقت	h a ɢ i ɢ a t
گم	ɡ o m
خسروانی	x o s ɾ a v ɑː n iː
پنبه	p a m b e
خور	x o ɾ
اقیانوس	o ɢ j ɑː n uː s
کرایه	k i ɾ ɑː j a
انار	a n ɑː ɾ
پوست	p oː s t
روزگار	ɾ oː z i ɡ ɑː ɾ
پوهنتون	p oː h a n t uː n
نواختن	n a v ɑː x t a n
شجاعت	ʃ a d͡ʒ ɑ ʔ a t
ایمان‌دار	i m ɑː n d ɑː ɾ
وج	v a d͡ʒ
طبقه	t a b a ɢ a
قدرتمند	ɢ u d ɾ a t m a n d
مادرانه	m ɑː d a ɾ ɑː n a
منفی	m a n f iː
باحال‌ترین	b ɑː h ɑː l t a ɾ iː n
خوک	x uː k
کم‌کم	k a m k a m
بان	b ɑː n
ارادت	e ɾ ɑː d a t
خاص‌تر	x ɑː s t a ɾ
موسم	m a v s i m
رتیل	ɾ o t e j l
زیستن	z i s t a n
سرگیجه	s a ɾ ɡ i d͡ʒ a
ژرف‌ترین	ʒ a ɾ f t a ɾ iː n
برنز	b o ɾ o n z
پرتوقع	p o ɾ t a v a ɢ ɢ o ʔ
موقع	m a v ɢ e ʔ
ناک	n ɑː k
فردا	f a ɾ d ɑː
حج	h a d d͡ʒ
فرمایش	f a ɾ m ɑː j i ʃ
پروژه	p e ɾ o ʒ e
مشکی	m e ʃ k iː
عرفان	ʔ e ɾ f ɑː n
هزینه	h a z e n a
پنگان	p e n ɡ ɑː n
گرم	ɡ a ɾ m
نیرومند	n iː ɾ uː m a n d
آسمان	ɑː s i m ɑː n
بلی	b a l e
ناژو	n ɑː ʒ uː
دل	d e l
بین	b a j n
اسپریس	ʔ e s p a ɾ e s
خیم	x iː m
ختنه‌گاه	x a t n a ɡ ɑː h
زشت	z e ʃ t
عجان	ʔ e d ʒ ɑː n
غلام	ɢ o l ɑː m
بعدا	b a ʔ d a n
خوشنویس	x o ʃ n e v iː s
اتراق	o t ɾ ɑː ɢ
مردم‌شناس	m a ɾ d u m ʃ i n ɑː s
واژه‌ها	v ɑː ʒ e h ɑː
خدای	x o d ɑː j
زندانی	z e n d ɑː n iː
گستردن	ɡ o s t a ɾ d a n
نازی	n ɑː z iː
سوزن	s u z a n
ترشه	t o ɾ ʃ e
لاعلاج	l ɑː ʔ i l ɑː d͡ʒ
ناتمام	n ɑː t a m ɑː m
قو	ɢ u
قبیح	ɢ a b e h
اظهار	e z h ɑː ɾ
همسده	h a m s e d a
رنگارنگ	ɾ a n ɡ ɑː ɾ a n ɡ
نغمه	n a ɢ m a
فسیل	f o s iː l
مازندرانی	m ɑː z a n d a ɾ ɑː n iː
بعد	b a ʔ d
سفر	s a f a ɾ
ساختمان	s ɑː x t i m ɑː n
ماک	m ɑː k
خون	x u n
استعداد	e s t e ʔ d ɑː d
تأکید	t a ʔ k i d
فرازمینی	f a ɾ ɑː z a m iː n iː
سرکه	s e ɾ k e
فرهنگ	f a ɾ h a n ɡ
کرشن	k ɾ i ʃ n
زیبیدن	z e b i d a n
اغوا	e ɢ v ɑː
فعالیت	f a ʔ ɑː l i j j a t
آسمانخراش	ɑː s m ɑː n x a ɾ ɑː ʃ
تمام	t a m ɑː m
خاتم	x ɑː t a m
مشهور	m a ʃ h u ɾ
خنجر	x a n d͡ʒ a ɾ
فریب	f a ɾ e b
پل	p o l
نارون	n ɑː ɾ v a n
بحث	b a h s
جهان	d͡ʒ a h ɑː n
تفلیس	t e f l iː s
دیسک‌ها	d iː s k h ɑː
القاعده	a l ɢ ɑː ʔ i d a
انگور	a n ɡ u ɾ
رهبر	ɾ a h b a ɾ
هنگ	h a n ɡ
آرپا	ɑː ɾ p ɑː
محبوب	m a h b u b
ملت	m e l l a t
ابلیس	e b l iː s
ویژگی‌ها	v iː ʒ e ɡ iː h ɑː
رشت	r o ʃ t
فرمانده	f a ɾ m ɑː n d i h
دفتر	d a f t a r
حاصل	h ɑː s i l
ریشه	ɾ e ʃ a
کشتار	k o ʃ t ɑː ɾ
افسانه	a f s ɑː n a
مریضی	m a ɾ iː z iː
چه	t͡ʃ a
چکش	t͡ʃ a k u ʃ
زبان‌ها	z a b ɑː n h ɑː
افیون	ʔ a f j uː n
ـی	e
بیضه	b a j z a
اجتماع	e d͡ʒ t e m ɑː ʔ
اهواز	a h v ɑː z
مس	m e s
نام	n ɑː m
دوره	d a v ɾ a
کلفخشنگ	k a l a f a x ʃ a n ɡ
ـیسم	i s m
بی‌مغز	b e m a ɢ z
فهم	f a h m
شهرزاد	ʃ a h ɾ z ɑː d
تازه‌تر	t ɑː z e t a ɾ
تیز	t e z
خربوزه	x a ɾ b u z a
نده	a n d a
مخالف	m o x ɑː l e f
البته	a l b a t t a
خنده	x a n d a
گوشت	ɡ oː ʃ t
وطن	v a t a n
سمع	s a m ʔ
گشنیز	ɡ e ʃ n iː z
آوازه	ɑː v ɑː z a
آجر	ɑː d͡ʒ u ɾ
سمور	s a m oː ɾ
رسیدن	ɾ a s i d a n
کار	k ɑː ɾ
رندیدن	ɾ a n d i d a n
امسال	e m s ɑː l
اردو	o ɾ d uː
مغازه	m a ɢ ɑː z a
نافرمان	n ɑː f a ɾ m ɑː n
سرجوخه	s a ɾ d͡ʒ u x a
پیرترین	p iː ɾ t a ɾ iː n
انقلابی	e n ɢ e l ɑː b iː
ناخدا	n ɑː x u d ɑː
موزه	m oː z a
مجموعه	m a d͡ʒ m u ʔ a
لازم	l ɑː z i m
یونجه	j oː n d͡ʒ a
صنعتی	s a n ʔ a t iː
داد	d ɑː d
زیویدن	z iː v iː d a n
نژادها	n e ʒ ɑː d h ɑː
چندان	t͡ʃ a n d ɑː n
فراصوت	f a ɾ ɑː s a v t
خدنگ	x a d a n ɡ
میانجیگری	m i j ɑː n d͡ʒ i ɡ a ɾ iː
مهارت	m a h ɑː ɾ a t
لزوماً	l o z uː m a n
مردم‌سالاری	m a ɾ d u m s ɑː l ɑː ɾ iː
راهب	ɾ ɑː h i b
کرس	k e ɾ s
ای	e j
چنین	t ʃ o n iː n
دریا	d a ɾ j ɑː
احمق	a h m a ɢ
افشاندن	a f ʃ ɑː n d a n
معروف	m a ʔ ɾ u f
ترجمه	t a ɾ d͡ʒ u m a
قابل	ɢ ɑː b i l
ستاره	s e t ɑː ɾ e
شکم	ʃ e k a m
خوشگل‌ترین	x o ʃ ɡ e l t a ɾ iː n
قبول	ɢ a b u l
لنگر	l a n ɡ a ɾ
عروس	ʔ a ɾ u s
اسب	a s b
جبهه	d͡ʒ e b h e
نوزده	n u z d a h
آمدن	ɑː m a d a n
شاهقلی	ʃ ɑː h ɢ u l iː
ضخیم	z a x iː m
ارغوان	a ɾ ɢ a v ɑː n
اضافه	e z ɑː f e
پیرتر	p iː ɾ t a ɾ
خواستار	x ɑː s t ɑː ɾ
شیراز	ʃ e ɾ ɑː z
زئوس	z e uː s
کم‌مایه	k a m m ɑː j a
چله	t ʃ e l e
دردناک	d a ɾ d n ɑː k
زنجبیل	z a n d͡ʒ a b iː l
فوج	f a v d͡ʒ
جوان	d͡ʒ a v ɑː n
قمر	ɢ a m a ɾ
خاندان	x ɑː n d ɑː n
شکستن	ʃ e k a s t a n
فائده	f ɑː ʔ e d e
خوردن	x o ɾ d a n
نانوائی	n ɑː n v ɑː j e
رخام	ɾ o x ɑː m
پش	p a ʃ
آقا	ɑː ɢ ɑː
سنگسار	s a n ɡ s ɑː ɾ
عنایت	ʔ e n ɑː j a t
گزینش	ɡ o z iː n e ʃ
اجاق	o d͡ʒ ɑː ɢ
قدرت	ɢ u d ɾ a t
اهمیت	a h a m i j a t
حتی	h a t t ɑː
فریفتن	f a ɾ e f t a n
حکایت	h e k ɑː j a t
قهوه‌ای	ɢ a h v a ʔ iː
مسجد	m a s d͡ʒ i d
داستان	d ɑː s t ɑː n
تمر	t a m u ɾ
داشتن	d ɑː ʃ t a n
جهانگیر	d͡ʒ a h ɑː n ɡ iː ɾ
اسفرزه	e s f a ɾ z e
ایشان	e ʃ ɑː n
عمیق	a m iː ɢ
مذهبی	m a z h a b iː
کفگیر	k a f ɡ i ɾ
قندوز	ɢ o n d uː z
مخمل	m a x m a l
سیاح	s a j j ɑː h
واج	v ɑː d͡ʒ
شهد	ʃ a h d
خیز	x e z
هجران	h i d͡ʒ ɾ ɑː n
آهار	ɑː h ɑː ɾ
فارسی	f ɑː ɾ s iː
رمضان	ɾ a m a z ɑː n
ما	m ɑː
موی	m uː j
لیمو	l i m u
بام	b ɑː m
رودابه	ɾ uː d ɑː b e
سپاه	s e p ɑː h
چنانکه	t͡ʃ o n ɑː n k e
هواپیما	h a v ɑː p a j m ɑː
حقیقی	h a ɢ i ɢ iː
قهوه‌خانه	ɢ a h v a x ɑː n a
موافق	m o v ɑː f e ɢ
معاون	m o ʔ ɑː v e n
آرامی	ɑː ɾ ɑː m iː
چقدر	t͡ʃ e ɢ a d a ɾ
قصد	ɢ a s d
ناپاز	n ɑː p ɑː z
ارض	a ɾ z
پودنه	p u d i n a
ده	d a h
ضعف	z a ʔ f
گزیدن	ɡ a z i d a n
گور	ɡ oː ɾ
زمستان	z e m e s t ɑː n
شپش‌ها	ʃ e p e ʃ h ɑː
مشکل‌تر	m o ʃ k e l t a ɾ
رستوران	r e s t o ɾ ɑː n
ابری	ʔ a b ɾ iː
خوشنویسی	x o ʃ n e v iː s iː
خاطره	x ɑː t i ɾ a
یزدان	j a z d ɑː n
مسیح	m a s e h
نه	n o h
مجسمه	m o d͡ʒ a s s a m e
جویدن	d͡ʒ a v i d a n
فغفور	f a ɢ f uː ɾ
حلوا	h a l v ɑː
گزاف‌ترین	ɡ a z ɑː f t a ɾ iː n
مثال	m e s ɑː l
تعارف	t a ʔ ɑː ɾ u f
خامه	x ɑː m a
شیرین‌تر	ʃ iː ɾ iː n t a ɾ
گفتار	ɡ o f t ɑː ɾ
امید	o m iː d
آبگینه	ʔ ɑː b ɡ iː n e
چلنگر	t͡ʃ e l e n ɡ a ɾ
بسته	b a s t a
نیست	n e s t
واژگان	v ɑː ʒ e ɡ ɑː n
حفاظت	h e f ɑː z a t
طمطراق	t o m t o ɾ ɑː ɢ
باعث	b ɑː ʔ i s
شیک	ʃ iː k
پولدار	p u l d ɑː ɾ
ملا	m o l ɑː
درود	d a ɾ oː d
منع	m a n ʔ
نگار	n e ɡ ɑː ɾ
عطر	ʔ e t ɾ
گان	ɡ ɑː n
ایران	e ɾ ɑː n
قاصدک	ɢ ɑː s i d a k
دریافت	d a ɾ j ɑː f t
نذل	n a z l
افزودن	a f z u d a n
فرانسه	f a ɾ ɑː n s a
اندی	a n d e
انجامیدن	a n d͡ʒ ɑː m iː d a n
هندو	h e n d uː
هخامنش	h a x ɑː m a n i ʃ
مرتب	m o ɾ a t t a b
تلخ	t a l x
گونه	ɡ oː n a
عکس	a k s
عباء	a b ɑː
دلبستگی	d e l b a s t e ɡ iː
تنیسور	t e n iː s o ɾ
مجبور	m a d͡ʒ b u ɾ
عجیب‌تر	a d ʒ iː b t a ɾ
ایرانیان	iː ɾ ɑː n i j ɑː n
دستاویز	d a s t ɑː v e z
رودخانه	ɾ oː d x ɑː n a
سامان	s ɑː m ɑː n
بامزه‌ترین	b ɑː m a z e t a ɾ iː n
شیشه	ʃ i ʃ a
شخصیت	ʃ a x s i j a t
کالیفرنیا	k ɑː l iː f o r n i j ɑː
خارگیل	x ɑː ɾ ɡ iː l
گوگرد	ɡ oː ɡ i ɾ d
بیژن	b e ʒ a n
بعید	b a ʔ i d
سیل	s a j l
قندهار	ɢ a n d a h ɑː ɾ
کریمه	k e ɾ iː m e
شبانه	ʃ a b ɑː n a
خیلی	x a j l e
قفل	ɢ u f l
والا	v a e l l ɑː
فاحش	f ɑː h e ʃ
معجزه	m o ʔ d͡ʒ e z e
شنفتن	ʃ e n o f t a n
تیله	t e l a
مردان	m a ɾ d ɑː n
خونین	x u n i n
امیدیار	ʔ o m iː d j ɑː ɾ
ظرف	z a ɾ f
نمکدان	n a m a k d ɑː n
ژکفر	ʒ a k f a ɾ
سالار	s ɑː l ɑː ɾ
نگهداری	n e ɡ a h d ɑː ɾ iː
شرکت	ʃ e ɾ k a t
هرمز	h o ɾ m o z
نغز	n a ɢ z
کابل	k ɑː b u l
مالک	m ɑː l i k
پا	p ɑː
نامور	n ɑː m v a ɾ
عصمت	e s m a t
چون	t͡ʃ oː n
تک	t a k
خزاعی	x a z ɑː ʔ iː
عسل	a s a l
شلوار	ʃ a l v ɑː ɾ
گاه‌شماری	ɡ ɑː h ʃ u m ɑː ɾ iː
خروس	x o ɾ uː s
اریحا	a ɾ i h ɑː
پاشیدن	p ɑː ʃ iː d a n
سرهنگ	s a ɾ h a n ɡ
جنوب	d͡ʒ a n u b
صاحب	s ɑː h i b
چاه‌کور	t͡ʃ ɑː h k a v ɾ
مخاطب	m o x ɑː t a b
هزار	h a z ɑː ɾ
دهان	d a h ɑː n
هرزگی	h a ɾ z a ɡ iː
روشن	ɾ a v ʃ a n
پنجره	p a n d͡ʒ a ɾ a
نشلیدن	n e ʃ e l iː d a n
شکیفتن	ʃ e k iː f t a n
جامعه‌شناس	d͡ʒ ɑː m i ʔ a ʃ i n ɑː s
نامیدن	n ɑː m iː d a n
خاتون	x ɑː t uː n
بیل	b e l
ابری‌ساز	ʔ a b ɾ iː s ɑː z
کاسه	k ɑː s e
آخ	ɑː x
نهج	n a h a d͡ʒ
تیرداد	t i ɾ d ɑː d
قبرستان	ɢ a b ɾ i s t ɑː n
جنگل	d ʒ a n ɡ a l
بزرگ	b o z o ɾ ɡ
بهار	b a h ɑː ɾ
خانه	x ɑː n a
کارزار	k ɑː ɾ z ɑː ɾ
بیرق	b a j ɾ a ɢ
منشار	m e n ʃ ɑː ɾ
بار	b ɑː ɾ
خوف	x a v f
عام‌المنفعه	ʔ ɑː m o l m a n f a ʔ e
شام	ʃ ɑː m
خالی	x ɑː l iː
کشتگی	k o ʃ t a ɡ iː
دیس	d e s
پلان	p e l ɑː n
چهارده	t͡ʃ a h ɑː ɾ d a h
هندی	h e n d iː
منفور	m a n f u ɾ
غارت	ɢ ɑː ɾ a t
تعلق	t a ʔ a l l u ɢ
امشب	e m ʃ a b
سیستم	s iː s t e m
لبی	l a b iː
مادیان	m ɑː d i i ɑː n
توصیه	t a v s i j a
آشوب‌ها	ɑː ʃ uː b h ɑː
ییلاق	j a j l ɑː ɢ
تکرار	t a k ɾ ɑː ɾ
وسیع	v a s e ʔ
قالب	ɢ ɑː l i b
درویش	d a ɾ v e ʃ
خیس	x iː s
توپچى	t oː p t͡ʃ iː
امروز	e m ɾ uː z
بسیار	b e s j ɑː ɾ
دیگدان	d e ɡ d ɑː n
مستعمره	m o s t a ʔ m a ɾ e
میخی	m iː x iː
اسپغول	e s p a ɢ uː l
گرچه	ɡ a ɾ t͡ʃ a
تخته	t a x t a
سفره	s o f ɾ e
ستون	s o t uː n
تقدیر	t a ɢ d i ɾ
نوشیدنی	n u ʃ i d a n iː
زره	z e ɾ e h
عفو	ʔ a f v
حرفه	h e ɾ f e
صحیح	s a h e h
گوز	ɡ a v z
گزاردن	ɡ o z ɑː ɾ d a n
ختنه	x a t n e
سرچشمه	s a ɾ t͡ʃ a ʃ m a
بندر	b a n d a ɾ
وضعیت	v a z ʔ i j j a t
شغال	ʃ o ɢ ɑː l
نکونام	n e k uː n ɑː m
حالا	h ɑː l ɑː
گزاف	ɡ a z ɑː f
مواظب	m o v ɑː z e b
دیوشناسی	d e v ʃ i n ɑː s iː
سعید	s a ʔ i d
جمعه	d͡ʒ o m e
خاله	x ɑː l a
اژدها	a ʒ d a h ɑː
سمفونی	s a m f oː n iː
روزنامه	ɾ oː z n ɑː m a
غالب	ɢ ɑː l e b
تعظیم	t a ʔ z i m
درد	d a ɾ d
بیابان	b i j ɑː b ɑː n
ساده‌ترین	s ɑː d e t a ɾ iː n
صحنه	s a h n e
تازه‌ترین	t ɑː z e t a ɾ iː n
ناهید	n ɑː h iː d
باید	b ɑː j a d
مقعد	m a ɢ ʔ a d
خربز	x a ɾ b u z
آژیر	ɑː ʔ ʒ iː ɾ
برهنه	b a ɾ a h n a
تحویل	t a h v i l
وصل	v a s l
کفاش	k a f f ɑ ʃ
نارسنگ	n ɑː ɾ s a n ɡ
گرگ	ɡ o ɾ ɡ
شوریدن	ʃ oː ɾ iː d a n
زیباتر	z iː b ɑː t a ɾ
شاهان	ʃ ɑː h ɑː n
بهترین	b e h t a ɾ i n
گا	ɡ ɑː
استیون	e s t iː v e n
نمایه	n a m ɑː j e
چامه	t͡ʃ ɑː m a
ماهر	m ɑː h i ɾ
واکسن	v ɑ k s a n
شرط	ʃ a ɾ t
پیشانی	p e ʃ ɑː n iː
شاهزاده	ʃ ɑː h z ɑː d a
باهوش	b ɑː h uː ʃ
سریانی	s o ɾ j ɑː n iː
اثر	a s a ɾ
نمایان	n e m ɑː j ɑː n
بانک	b ɑː n k
انگشتر	a n ɡ u ʃ t a ɾ
برنامه	b a ɾ n ɑː m a
بلال	b a l ɑː l
اسفند	e s f a n d
ساحل	s ɑː h i l
انسان	e n s ɑː n
نارگیله	n ɑː ɾ ɡ iː l a
شک	ʃ ɑː k k
موسیقی‌شناسی	m u s i ɢ i ʃ i n ɑː s iː
کوره	k oː ɾ a
آذربایجان	ɑː z a ɾ b ɑː j d͡ʒ ɑː n
بادبانی	b ɑː d b ɑː n iː
فرودگاه	f o ɾ uː d ɡ ɑː h
هفته‌ها	h a f t e h ɑː
شدن	ʃ o d a n
خوشاب	x u ʃ ɑː b
یپک	j e p a k
پیشه	p e ʃ a
اسپست	a s p i s t
مشکل	m u ʃ k i l
سرندیپ	s a r a n d iː p
سنبوسه	s a m b oː s a
ستوان	s o t v ɑː n
سهل	s a h l
حسن	h a s a n
امت	o m m a t
کوتاه‌ترین	k uː t ɑː h t a ɾ iː n
باف	b ɑː f
تقویت	t a ɢ v i j a t
خواستن	x ɑː s t a n
پایگاه	p ɑː j i ɡ ɑː h
تبدیل	t a b d i l
فردوس	f e ɾ d o v s
قاتل	ɢ ɑː t i l
قانون	ɢ ɑː n uː n
مند	m a n d
چاشت	t ʃ ɑː ʃ t
سینا	s iː n ɑː
غلامی	ɢ o l ɑː m iː
شدنی	ʃ o d a n iː
امتحان	e m t e h ɑː n
خسته	x a s t a
مجید	m a d͡ʒ iː d
خندان	x a n d ɑ n
احتیاج	e h t i j ɑː d͡ʒ
ریز	ɾ e z
ملکه	m a l i k a
ایران‌ویج	e ɾ ɑː n v e d͡ʒ
قیچی	ɢ a j t͡ʃ iː
قلبی	ɢ a l b iː
عالی	ɑː l iː
درشت	d o ɾ o ʃ t
سوخ	s oː x
چندین	t͡ʃ a n d i n
آغوش	ɑː ɢ oː ʃ
باستان‌شناس	b ɑː s t ɑː n ʃ i n ɑː s
رده	ɾ a d a
معتدل	m o ʔ t a d e l
اثبات	e s b ɑː t
بایست	b ɑː j e s t
متعلق	m o t a ʔ a l l e ɢ
ژغار	ʒ a ɢ ɑː ɾ
محلی	m a h a l l iː
کلاس	k e l ɑː s
اتفاق	e t t e f ɑː ɢ
اگیر	a ɡ i ɾ
دم	d a m
طبق	t a b a ɢ
زنبق	z a m b a ɢ
نمایندگان	n a m ɑː j a n d e ɡ ɑː n
کهکشان	k a h k a ʃ ɑː n
صهیونیسم	s a h j u n i s m
خوفناک	x a v f n ɑː k
نماز	n a m ɑː z
ظهر	z o h ɾ
نجس‌ترین	n a d ʒ a s t a ɾ iː n
لجن	l a d͡ʒ a n
دستمال	d a s t m ɑː l
بی‌سواد	b e s a v ɑː d
زیره	z iː ɾ e
گیک	ɡ iː k
سوسن	s oː s a n
تجربی	t a d ʒ ɾ o b iː
مرکب	m o ɾ a k k a b
خبری	x a b a ɾ j a
بادام	b ɑː d ɑː m
پی	p e j
تقویم	t a ɢ v i m
اعتدال	e ʔ t e d ɑː l
مشتق	m o ʃ t a ɢ
بحریه	b a h ɾ i j a
زیر	z e ɾ
گنده	ɡ a n d a
حرکت	h a ɾ a k a t
خارج	x ɑː ɾ i d͡ʒ
ارغنون	a ɾ ɢ a n uː n
احمدی‌نژاد	a h m a d i n i ʒ ɑː d
الماس	a l m ɑː s
رعد	ɾ a ʔ d
نظام	n e z ɑː m
چلوکباب	t͡ʃ e l o v k a b ɑː b
قاره	ɢ ɑː ɾ a
انتخاب	e n t e x ɑː b
زهر	z a h ɾ
اقرار	e ɢ ɾ ɑː ɾ
آذرخش	ɑː z a ɾ a x ʃ
خزینه	x a z i n a
ابری‌سازی	ʔ a b ɾ iː s ɑː z iː
رایانه	ɾ ɑː j ɑː n a
شمال	ʃ o m ɑː l
وزغ	v a z a ɢ
بی‌طرف	b e t a ɾ a f
تحفه	t o h f e
علت	e l l a t
مومیایی	m oː m i j ɑː j iː
آیت‌الله	ɑː j a t u l l ɑː h
جزیره	d͡ʒ a z i ɾ a
چاقو	t͡ʃ ɑː ɢ uː
تهران	t a h ɾ ɑː n
مردم	m a ɾ d u m
آدم	ɑː d a m
اسلامی	e s l ɑː m iː
کنار	k a n ɑː ɾ
خزیدن	x a z i d a n
عنابی	a n ɑː b iː
تعداد	t e ʔ d ɑː d
گردنبند	ɡ a ɾ d a n b a n d
شهریور	ʃ a h ɾ iː v a ɾ
شترخار	ʃ o t o ɾ x ɑː ɾ
زانو	z ɑː n uː
خات	x ɑː t
گرزه	ɡ o ɾ z e
کردی	k o ɾ d iː
چیست	t͡ʃ i s t
متحد	m o t t a h e d
اوگاندا	u ɡ ɑː n d ɑː
پاییز	p ɑː iː z
نقطه	n o ɢ t e
گجرات	ɡ o d͡ʒ a ɾ ɑː t
شدید	ʃ a d i d
قلع	ɢ a l ʔ
شنبه	ʃ a n b a
شباهت	ʃ a b ɑː h a t
وطن‌پرست	v a t a n p a ɾ a s t
بنیاد	b o n j ɑː d
خواجه	x ɑː d͡ʒ a
عقل	a ɢ l
ناقص	n ɑː ɢ i s
قهوه	ɢ a h v a
روباه	ɾ oː b ɑː h
هول	h a v l
افسون	a f s oː n
نمودار	n e m u d ɑː ɾ
صهیونی	s a h j u n iː
ارده	a ɾ d a
وقتی	v a ɢ t e
نقد	n a ɢ d
مرتبه	m a ɾ t a b a
منطقه	m i n t a ɢ a
خودنویس	x o d n e v iː s
مقصد	m a ɢ s a d
سخنگو	s o x a n ɡ uː
خاکروبه	x ɑː k ɾ oː b a
آسانی	ɑː s ɑː n iː
زاوش	z ɑː v u ʃ
چشمان	t ʃ e ʃ m ɑː
مشارکت	m o ʃ ɑː ɾ e k a t
خندیدن	x a n d i d a n
مسلمان	m o s a l m ɑː n
مغرب	m a ɢ ɾ i b
رفدن	ɾ a f d a n
داوود	d ɑː v uː d
کمان	k a m ɑː n
لله	l a l a
قید	ɢ e j d
عمر	o m a ɾ
سکه	s e k e
قاچاقچی	ɢ ɑː t͡ʃ ɑː ɢ t͡ʃ iː
اختیار	e x t i j ɑː ɾ
ماله	m ɑː l a
قسطنطنیه	ɢ u s t a n t a n i j a
سری	s a ɾ iː
حرف	h a ɾ f
بو	b oː
جام	d͡ʒ ɑː m
خوشه	x oː ʃ a
طور	t a v ɾ
مؤمن	m o ʔ m e n
مرکزی	m a ɾ k a z iː
بی‌عرضه	b e u ɾ z a
پریستان	p a ɾ i j i s t ɑː n
سایه	s ɑː j a
گوشواره	ɡ oː ʃ v ɑː ɾ a
شیطانی	ʃ a j t ɑː n iː
اتلاف	e t l ɑː f
تصحیح	t a s h e h
ارمنستان	a ɾ m a n i s t ɑː n
کوفته	k oː f t a
وای	v ɑː j
ناوخدا	n ɑː v x o d ɑː
مرد	m a ɾ d
ونوس	v e n uː s
انجمن	ʔ a n d͡ʒ o m a n
دس	d a s
را	ɾ ɑː
سرداب	s a ɾ d ɑː b
جانباز	d͡ʒ ɑː m b ɑː z
جانورشناسی	d͡ʒ ɑː n v a ɾ ʃ i n ɑː s iː
مسافر	m o s ɑː f e ɾ
مولانا	m o v l ɑː n ɑː
كنج	k o n d͡ʒ
سخت	s a x t
پریدن	p a ɾ i d a n
مشغول	m a ʃ ɢ u l
آبشار	ɑː b ʃ ɑː ɾ
اتمام	e t m ɑː m
کشیش	k a ʃ i ʃ
گلپر	ɡ o l p a ɾ
گندم	ɡ a n d u m
هیزم	h e z u m
شکلاتی	ʃ o k o l ɑ t i
سیم	s e j o m
ناپسند	n ɑː p a s a n d
اخیرا	a x i ɾ a n
نفر	n a f a ɾ
آموزگار	ɑː m oː z ɡ ɑː ɾ
حسینقلی	h o s e j n ɢ o l iː
امین‌ها	a m iː n h ɑː
مقداد	m e ɢ d ɑː d
خوانندگان	x ɑː n a n d e ɡ ɑː n
شکستنی	ʃ i k a s t a n iː
کاخ	k ɑː x
رواق	ɾ e v ɑː ɢ
وکیل	v a k i l
گشادن	ɡ o ʃ ɑː d a n
مقدار	m e ɢ d ɑː ɾ
حمایت	h e m ɑː j a t
معدنی	m a ʔ d a n iː
داروسازی	d ɑː ɾ uː s ɑː z iː
راجستان	ɾ ɑː d͡ʒ a s t a n
الهام	e l h ɑː m
رونق	ɾ a v n a ɢ
سپندان	s e p a n d ɑː n
فهمیدن	f a h m i d a n
چامه‌سرایی	t͡ʃ ɑː m a s a ɾ ɑː j iː
قیصر	ɢ a j s a ɾ
گرا	ɡ a ɾ ɑː
قاضی	ɢ ɑː z iː
لاف	l ɑː f
راحت	ɾ ɑː h a t
ارزش	a ɾ z i ʃ
تحت	t a h t i
انبار	ʔ a m b ɑː ɾ
ازاله	e z ɑː l e
بی‌گناه	b e ɡ u n ɑː h
خستگی	x a s t i ɡ iː
پیش	p e ʃ
نیز	n e z
سازمان	s ɑː z i m ɑː n
دنیوی	d o n j a v e
ره	r a h
سنگواره	s a n ɡ v ɑː ɾ a
خلیج	x a l i d͡ʒ
انتقاد	e n t e ɢ ɑː d
محقق	m o h a ɢ ɢ e ɢ
زیباترین	z iː b ɑː t a ɾ iː n
گاراژ	ɡ ɑː ɾ ɑː ʒ
استراحت	e s t e ɾ ɑː h a t
بیمه	b i m a
جاری	d͡ʒ ɑː ɾ i
امکان	e m k ɑː n
کمند	k a m a n d
نور	n u ɾ
آشپزخانه	ɑː ʃ p a z x ɑː n a
سبد	s a b a d
رابط	ɾ ɑː b i t
نوشیدن	n oː ʃ iː d a n
بلگ	b a l ɡ
ستان	e s t ɑː n
نشاط	n e ʃ ɑː t
فقیر	f a ɢ i ɾ
انگشت	a n ɡ i ʃ t
صلح	s u l h
حاد	h ɑː d
ماجرا	m ɑː d͡ʒ a ɾ ɑː
مشاهده	m o ʃ ɑː h a d e
روشنگری	ɾ a v ʃ a n ɡ a ɾ iː
خداحافظ	x o d ɑː h ɑː f e z
چمن	t͡ʃ a m a n
آدرس	ɑː d ɾ e s
شیرین	ʃ i ɾ i n
دلسوز	d i l s oː z
خارجی	x ɑː ɾ i d͡ʒ iː
زقاق	z o ɢ ɑː ɢ
بوستان	b oː s t ɑː n
جدید	d͡ʒ a d i d
شکال	ʃ e k ɑː l
عادی	ʔ ɑː d iː
نکاح	n e k ɑː h
گریستن	ɡ e ɾ iː s t a n
خرگوش	x a ɾ ɡ oː ʃ
یتیم	j a t i m
شکسته‌نستعلیق	ʃ e k a s t e n a s t a ʔ l iː ɢ
نشور	n o ʃ uː ɾ
پالایش	p ɑː l ɑː j i ʃ
سعی	s a ʔ j
خوشگل	x o ʃ ɡ e l
ژاژ	ʒ ɑː ʒ
فروردین	f a ɾ v a ɾ d iː n
اصل	a s l
زوجیت	z a v d͡ʒ i j a t
مضحک	m o z h e k
خرداد	x o ɾ d ɑː d
کرامت	k a ɾ ɑː m a t
موز	m a v z
گستاخ	ɡ o s t ɑː x
شاخ	ʃ ɑ x
سامانه	s ɑː m ɑː n a
ین	e n
نان	n ɑː n
کاهش	k ɑː h i ʃ
سلسله	s e l s e l e
زوال	z a v ɑː l
پیشنهاد	p e ʃ n i h ɑː d
وحی	v a h j
حجاب	h e d͡ʒ ɑː b
رعنا	ɾ a ʔ n ɑː
مارس	m ɑː ɾ s
آشپز	ɑː ʃ p a z
حتما	h a t m a n
اخبار	a x b ɑː ɾ
رنده	ɾ a n d a
تسخیر	t a s x i ɾ
تنبسه	t a n b a s a
همچنان	h a m t ʃ e n ɑː n
شترمرغ	ʃ o t o ɾ m o ɾ ɢ
فنجان	f e n d͡ʒ uː n
مرغ‌ها	m o ɾ ɢ h ɑː
مرداد	m o ɾ d ɑː d
نعوظ	n o ʔ uː z
پاستا	p ɑː s t ɑː
آغاز	ɑː ɢ ɑː z
استقبال	e s t e ɢ b ɑː l
مسئول	m a s ʔ u l
خراسان	x o ɾ ɑː s ɑː n
تصویر	t a s v i ɾ
حرص	h e ɾ s
پناهندگان	p a n ɑː h a n d e ɡ ɑː n
گوسفند	ɡ oː s f a n d
شیدا	ʃ e j d ɑː
خوش	x o ʃ
سالگرد	s ɑː l ɡ a ɾ d
پایه	p ɑː j a
همنوع‌خواری	h a m n a v ʔ x ɑː ɾ iː
محبت	m a h a b b a t
همچنین	h a m t͡ʃ a n i n
گلچه	ɡ o l t͡ʃ e
کشکول	k a ʃ k uː l
اساتید	a s ɑː t iː d
ثروت	s a ɾ v a t
سرنشین	s a ɾ n i ʃ i n
مارمولک	m ɑː ɾ m uː l a k
مازو	m ɑː z uː
پشیمان	p a ʃ iː m ɑː n
ژکفری	ʒ a k f a ɾ iː
رغبت	r a ɢ b a t
کوتاه	k oː t ɑː h
لابد	l ɑː b u d
دستار	d a s t ɑː ɾ
زوو	z v oː
نجس‌تر	n a d ʒ a s t a ɾ
الحاق	e l h ɑː ɢ
کاغد	k ɑː ɢ a d
کینه	k iː n e
طب	t e b
تاریخچه	t ɑː ɾ iː x t͡ʃ a
حسود	h a s u d
مهندسی	m o h a n d e s iː
سنگ	s a n ɡ
سقرلات	s a ɢ i ɾ l ɑː t
یاسا	j ɑː s ɑː
نوین	n a v i n
مرشدقلی	m o ɾ ʃ e d ɢ o l iː
گین	ɡ i n
قطع	ɢ a t ʔ
خان	x ɑː n
افسردگی	a f s u ɾ d i ɡ iː
ارزشمند	a ɾ z i ʃ m a n d
سوگ	s oː ɡ
خواه	x ɑː h
ستور	s o t uː ɾ
پراکندگی	p a ɾ ɑː k a n d a ɡ iː
تکوک	t a k oː k
ابریشم	a b ɾ i ʃ a m
خشمگین	x a ʃ m ɡ i n
ناخن	n ɑː x u n
پنج	p a n d͡ʒ
طرح	t a ɾ h
قسم	ɢ a s a m
چاپگر	t͡ʃ ɑː p ɡ a ɾ
کلید	k a l i d
لیوان	l iː v ɑː n
حلال	h a l ɑː l
سرای	s a ɾ ɑː j
سرکار	s a ɾ k ɑː ɾ
خارجه	x ɑː ɾ i d͡ʒ a
آغا	ɑː ɢ ɑː
میخانه	m a j x ɑː n a
فاس	f ɑː s
سفارشی	s e f ɑː ɾ e ʃ iː
کلاغ	k a l ɑː ɢ
پشه	p a ʃ e
اخراج	e x ɾ ɑː d͡ʒ
جور	d͡ʒ u ɾ
با	b ɑː
آمد	ɑː m a d
رنگ	ɾ a n ɡ
دانشجو	d ɑː n i ʃ d͡ʒ uː j
نفرین	n e f ɾ iː n
بلافاصله	b e l ɑː f ɑː s e l e
خوشگل‌تر	x o ʃ ɡ e l t a ɾ
تبریک	t a b ɾ i k
ابریق	e b ɾ iː ɢ
آش	ʔ ɑː ʃ
خوراندن	x o ɾ ɑː n d a n
خانقاه	x ɑː n ɢ ɑː h
خال	x ɑː l
جوراب	d ʒ oː ɾ ɑː b
ساکاستان	s ɑː k ɑː s t ɑː n
میشین	m e ʃ i n
گشاد	ɡ o ʃ ɑː d
مقعدی	m a ɢ ʔ a d iː
همه	h a m e
بینی	b i n iː
فرشته	f a ɾ i ʃ t a
فایده	f ɑː j i d a
سیماب	s i m ɑː b
آزموده	ɑː z m uː d a
گلف	ɡ o l f
تباه	t a b ɑː h
داروشناس	d ɑː ɾ uː ʃ i n ɑː s
معده	m e ʔ d a
قونیه	ɢ u n i j a
تنیس‌باز	t e n iː s b ɑː z
منتقد	m o n t a ɢ e d
مینو	m i n s
صوت	s a v t
مخصوص	m a x s u s
اصطبل	e s t a b l
صرع	s a ɾ ʔ
بخصوص	b a x u s u s
خشک	x o ʃ k
یاساء	j ɑː s ɑː ʔ
پشتون	p a ʃ t uː n
یخ	j a x
شاهدخت	ʃ ɑː h d u x t
آیا	ɑː j ɑː
تغییر	t a ɢ j i ɾ
فرانسوی	f a ɾ ɑː n s a v iː
کمک	k o m a k
فانی	f ɑː n iː
روز	ɾ oː z
آشتی	ɑː ʃ t iː
بدن	b a d a n
پاک	p ɑː k
پرستار	p a ɾ a s t ɑː ɾ
حماس	h a m ɑː s
بیدار	b e d ɑː ɾ
تقصیر	t a ɢ s iː ɾ
پسر	p a s a ɾ
بیجاده	b i d͡ʒ ɑː d i
سه‌بعدی	s e b o ʔ d iː
زنانگی	z a n ɑː n a ɡ iː
خرامیدن	x e ɾ ɑː m iː d a n
بخور	b o x uː ɾ
لوخن	l oː x a n
بوسه	b oː s a
دادگاه	d ɑː d ɡ ɑː h
کمانچه	k a m ɑː n t͡ʃ a
نمونه	n a m u n a
قدمت	ɢ i d m a t
توسعه	t a v s i ʔ a
آرزو	ɑː ɾ i z uː
اصلی	a s l iː
عفت	ʔ e f f a t
حادثه	h ɑː d i s a
قطره	ɢ a t ɾ a
آبنوس	ɑː b n uː s
بیخودی	b i x u d iː
انگلستان	e n ɡ e l e s t ɑː n
کوزه	k u z a
غیرت	ɢ e j ɾ a t
تهرون	t e h ɾ uː n
سیلاس	s iː l ɑː s
چم	t͡ʃ a m
میهن	m e h a n
ستبر	s e t a b ɾ
گربسن	ɡ e r b e s a n
پاریس	p ɑː ɾ iː s
خدیو	x a d e v
نانوشته	n ɑː n i v i ʃ t a
خیال	x a j ɑː l
شماره	ʃ o m ɑː ɾ e
اهورامزدا	a h u ɾ ɑː m a z d ɑː
گاهی	ɡ ɑː h iː
ترنج	t o ɾ o n d͡ʒ
پیغامبر	p a j ɢ ɑː m b a ɾ
بکارت	b a k ɑː ɾ a t
حق	h a ɢ ɢ
ناپدید	n ɑː p a d iː d
گلی	ɡ o l iː
باستانی	b ɑː s t ɑː n iː
شپش	ʃ e p e ʃ
مژده	m o ʒ d e
ویه	uː j e
رازی	ɾ ɑː z iː
صنف	s a n f
اخذ	ʔ a x z
اقتصادی	e ɢ t e s ɑː d iː
مردن	m o ɾ d a n
سیب	s e b
موتر	m oː t a ɾ
وفات	v a f ɑː t
شناسی	ʃ e n ɑː s iː
خاویار	x ɑː v i j ɑː ɾ
کوکب	k a v k a b
زمی	z m iː
نزدیک‌تر	n a z d iː k t a ɾ
خدایی	x o d ɑː j iː
مشرقی	m a ʃ ɾ i ɢ iː
نقاش	n a ɢ ɢ ɑː ʃ
پریشان	p a ɾ e ʃ ɑː n
روح	ɾ uː h
عیب	a j b
خام	x ɑː m
شیطان	ʃ a j t ɑː n
نزدیک	n a z d i k
چرمه	t͡ʃ a ɾ m a
گرفتن	ɡ e ɾ e f t a n
فانوس	f ɑː n uː s
وارد	v ɑː ɾ e d
رابطه	ɾ ɑː b i t a
کردن	k a d a n
رشد	ɾ o ʃ d
انداختن	a n d ɑː x t a n
جوانی	d͡ʒ a v ɑː n iː
جیب	d͡ʒ e b
دستکند	d a s t k a n d
ققنوس	ɢ u ɢ n u s
سرفراز	s a ɾ f a ɾ ɑː z
وجودی	v o d͡ʒ uː d iː
هلو	h o l uː
آستانه	ɑː s t ɑː n a
مشکل‌ها	m o ʃ k e l h ɑː
ابتکار	e b t e k ɑː ɾ
ژرف	ʒ a ɾ f
پیشتاز	p e ʃ t ɑː z
فرارود	f a ɾ ɑː ɾ uː d
دور	d a v ɾ
دوست	d oː s t
گاومیش	ɡ ɑː v m e ʃ
پوپک	p oː p a k
نشاندن	n e ʃ ɑː n d a n
خشاب	x e ʃ ɑː b
بهاری	b a h ɑː ɾ iː
منیژه	m a n iː ʒ a
رد	ɾ a d d
جو	d͡ʒ a v
الهه	e l ɑː h e
نژادپرست	n e ʒ ɑː d p a ɾ a s t
دربار	d a ɾ b ɑː ɾ
پاشنه	p ɑː ʃ n a
چهار	t͡ʃ a h ɑː ɾ
زافه	z a f a
سوگند	s a v ɡ a n d
شترغار	ʃ o t o ɾ ɢ ɑː ɾ
خیابان	x i j ɑː b ɑː n
دجله	d e d͡ʒ l e
کاغذ	k ɑː ɢ a z
شوربا	ʃ oː ɾ b ɑː
غایب	ɢ ɑː j e b
خاقان	x ɑː ɢ ɑː n
یهود	j a h u d
تشکیل	t a ʃ k i l
جمهوری	d͡ʒ o m h uː ɾ iː
ناشنوا	n ɑː ʃ i n a v ɑː
می‌گم	m iː ɡ a m
باریک	b ɑː ɾ iː k
ویرانه	v e ɾ ɑː n a
سوی	s oː j
عمق	o m ɢ
صیغه	s iː ɢ a
اسپهسالار	ʔ e s p a h s ɑː l ɑː ɾ
یاقوت	j ɑː ɢ u t
تزیین	t a z j i n
هنی	h a n iː
مستقیم	m o s t a ɢ iː m
مادر	m ɑː d a ɾ
پسی	p o s e
غم	ɢ a m
استقلال	e s t e ɢ l ɑː l
انزال	e n z ɑː l
لوترا	l u t a ɾ ɑː
طوفان	t u f ɑː n
چای	t͡ʃ ɑː j
یم	j a m
کیهانی	k a j h ɑː n iː
کنجکاو	k o n d͡ʒ k ɑː v
صنعت	s a n ʔ a t
می‌دوم	m i d a v a m
آزاد	ɑː z ɑː d
کودکی	k oː d a k iː
فراموشی	f a ɾ ɑː m oː ʃ iː
توسط	t a v a s u t i
دولت	d a v l a t
چرخیدن	t ʃ e ɾ x i d a n
تمرین	t a m ɾ i n
طلاق	t a l ɑː ɢ
لسان	l e s ɑː n
فرمان	f a ɾ m ɑː n
دیر	d a j ɾ
ببر	b a b ɾ
کبود	k a b oː d
پوشاک	p oː ʃ ɑː k
زیست‌شناسی	z iː s t ʃ e n ɑː s iː
پارسه	p ɑː ɾ s e
سگ	s a ɡ
غزال	ɢ a z ɑː l
غمگینی	ɢ a m ɡ iː n iː
شوخی	ʃ oː x iː
پرس	p o ɾ s
اسلام‌گرا	e s l ɑː m ɡ a ɾ ɑː
انگلیس	ʔ e n ɡ e l iː s
ارغوانی	a ɾ ɢ a v ɑː n iː
چپ	t ʃ a p
خوانش	x ɑː n e ʃ
گل	ɡ e l
برهنگی	b a ɾ a h n a ɡ iː
چریک	t͡ʃ a ɾ i k
خویش	x e ʃ
رومی	ɾ oː m iː
دماسنج	d a m ɑː s a n d͡ʒ
دهقان	d e h ɢ ɑː n
تغییرات	t a ɢ j iː ɾ ɑː t
خواننده	x ɑː n a n d a
همسایه	h a m s ɑː j a
شاذ	ʃ ɑː z
برازیدن	b a ɾ ɑː z iː d a n
خودکار	x o d k ɑː ɾ
شد	ʃ o d
نمودن	n a m u d a n
بوالعجب	b o l ʔ a d͡ʒ a b
بایستن	b ɑː j i s t a n
تکواژ	t a k v a ʒ
بازیچه	b ɑː z iː t ʃ e
سازش	s ɑː z i ʃ
خزندگان	x a z a n d e ɡ ɑː n
ثبت	s a b t
مصر	m e s ɾ
نهر	n a h ɾ
متوسط	m o t a v a s s e t
شطرنج‌باز	ʃ a t ɾ a n d͡ʒ b ɑː z
تکیه	t a k j a
بی‌صراط	b e s i ɾ ɑː t
بوییدن	b uː j iː d a n
فیلیپ	f i l i p
لشکر	l a ʃ k a ɾ
ایرانشهر	e ɾ ɑː n ʃ a h ɾ
شریک	ʃ a ɾ i k
سبزه	s e b z a
سنگین	s a n ɡ i n
قیمه	ɢ a j m a
انتحار	e n t e h ɑː ɾ
نزد	n a z d
مشکل‌ترین	m o ʃ k e l t a ɾ iː n
صرف	s e ɾ f
نخیر	n a x a j ɾ
سگالیدن	s e ɡ ɑː l iː d a n
صحبت	s o h b a t
روسیه	ɾ u s i j a
خانواده	x ɑː n a v ɑː d a
دروغ	d o ɾ uː ɢ
قبلا	ɢ a b l a n
خون‌شناسی	x u n ʃ i n ɑː s iː
موجود	m a v d͡ʒ u d
عدس	ʔ a d a s
خدمت	x e d m a t
ایرانی	e ɾ ɑː n iː
پژوهش	p a ʒ u h i ʃ
مهمان	m e h m ɑː n
سرمه	s a ɾ m a
طول	t u l
فلاخن	f a l ɑː x a n
ملیت	m e l l i j a t
خراب	x a ɾ ɑː b
دلفین	d o l f iː n
لایه	l ɑː j e
آرامگاه	ɑː ɾ ɑː m ɡ ɑː h
پانزده	p uː n z d a h
برابر	b a ɾ ɑː b a ɾ
درفش	d a ɾ a f ʃ
آلاله	ɑː l ɑː l a
چرخه	t͡ʃ a ɾ x a
تولد	t a v a l l u d
ترسیدن	t a ɾ s i d a n
مختار	m o x t ɑː ɾ
هندوانه	h e n d e v ɑː n e
چی	t͡ʃ e
پیادگان	p iː j ɑː d e ɡ ɑː n
گاب	ɡ ɑː b
تلف	t a l a f
اذیت	a z i j a t
تختخواب	t a x t i x ɑː b
جستجو	d͡ʒ o s t o d͡ʒ uː j
خسران	x o s ɾ ɑː n
یگانه	j a ɡ ɑː n a
شماریدن	ʃ o m ɑː ɾ iː d a n
لحظه	l a h z a
تنبان	t o m b ɑ n
تعجب	t a ʔ a d d͡ʒ u b
خاکستر	x ɑː k i s t a ɾ
سلماس	s a l m ɑː s
الماس‌ها	a l m ɑː s h ɑː
درخت	d a ɾ a x t
سینه	s i n a
بیشه	b e ʃ a
سرمایه	s a ɾ m ɑː j a
ساختن	s ɑː x t a n
جشن	d͡ʒ a ʃ n
خسته‌خانه	x a s t a x ɑː n a
بال	b ɑː l
نواختر	n a v a x t a ɾ
آدینه	ɑː d iː n a
انقلاب	e n ɢ e l ɑː b
آتنا	ɑː t i n ɑː
غسل	ɢ o s l
بی‌میل	b e m a j l
کوتاه‌تر	k uː t ɑː h t a ɾ
تاجگذاری	t ɑː d͡ʒ ɡ u z ɑː ɾ iː
سرعت	s o ɾ ʔ a t
دیسال	d i s ɑː l
وزیدن	v a z iː d a n
صدمه	s a d a m a
فریبا	f a ɾ e b ɑː
افغانستان	a f ɢ ɑː n i s t ɑː n
بیور	b e v a ɾ
کفش	k a f ʃ
ذره	z a r r a
شاهنامه	ʃ ɑː h n ɑː m a
نازک	n ɑː z u k
میوه	m e v a
سرخ	s o ɾ x
بوم	b u m
تولید	t a v l i d
مرگ	m a ɾ ɡ
رام	ɾ ɑː m
تجربه	t a d͡ʒ ɾ i b a
آزمودن	ɑː z m uː d a n
پلخته	p a l a x t a
ابر	a b a ɾ
ثانیه	s ɑː n i j a
منزل	m a n z i l
شعله	ʃ o ʔ l e
شهوت	ʃ a h v a t
ترگمان	t a ɾ ɡ u m ɑː n
بی	b e
شهری	ʃ a h ɾ iː
غمناک	ɢ a m n ɑː k
برهنه‌گرا	b a ɾ a h n a ɡ a ɾ ɑː
ارتعاش	e ɾ t e ʔ ɑː ʃ
انتشار	e n t e ʃ ɑː ɾ
معادل	m o ʔ ɑː d e l
بزاق	b o z ɑː ɢ
نیزه	n e i z e
برزیستن	b a r z iː s t a n
آرایشگاه	ɑː ɾ ɑː j i ʃ ɡ ɑː h
قیمتی	ɢ a j m a t iː
بیمارتر	b iː m ɑː ɾ t a ɾ
آبلیمو	ɑː b l iː m uː
قطر	ɢ a t a ɾ
بد	b a d
خوار	x ɑː ɾ
افتخار	e f t e x ɑː ɾ
سیبویه	s i b u j a
زرشکی	z e ɾ e ʃ k iː
گماشتن	ɡ o m ɑː ʃ t a n
تسو	t a s u
چهره	t͡ʃ e h ɾ a
خندق	x a n d a ɢ
تاجیکستان	t ɑː d͡ʒ iː k i s t ɑː n
زندگی	z e n d e ɡ iː
دیشب	d i ʃ a b
داروساز	d ɑː ɾ uː s ɑː z
اسلیمی	e s l iː m iː
دنیدن	d a n iː d a n
من	m a n
نیوشا	n i j oː ʃ ɑː
بلد	b a l a d
استراتژی	e s t ɾ ɑː t e ʒ iː
هرچه	h a ɾ t͡ʃ i
شغال‌ها	ʃ o ɢ ɑː l ɑː
همجنس‌گراهراس	h a m d͡ʒ i n s ɡ a ɾ ɑː h a ɾ ɑː s
ضلع	z e l ʔ
که	k e
پروسه	p e ɾ o s e
روش	ɾ a v i ʃ
دانستن	d uː n e s t a n
جنگجو	d͡ʒ a n ɡ d͡ʒ u
درمانگاه	d a ɾ m ɑː n ɡ ɑː h
چمدان	t͡ʃ a m i d ɑː n
میزان	m i z ɑ n
ظاهر	z ɑː h i ɾ
کر	k a ɾ
بون	b uː n
اشتراک	e ʃ t e ɾ ɑː k
رخ	r o x
شلوغ	ʃ o l uː ɢ
شترگاوپلنگ	ʃ o t o ɾ ɡ ɑː v p a l a n ɡ
مورچه	m oː ɾ t͡ʃ a
کاسب	k ɑː s i b
دما	d a m ɑː
دیدن	d i d a n
تندیس	t a n d iː s
پرتو	p a ɾ t a v
گناه	ɡ o n ɑː h
گذشتن	ɡ o z a ʃ t a n
آشنا	ɑː ʃ i n ɑː
مربا	m o r a b b ɑ
صندلی	s a n d a l iː
رم	ɾ a m
چایدان	t͡ʃ ɑː j d ɑː n
لوبیا	l oː b i i ɑː
چنان	t ʃ o n ɑː n
یار	j ɑː ɾ
خشونت	x o ʃ uː n a t
ندا	n e d ɑː
مقدماتی	m o ɢ a d d a m ɑː t iː
خدشه	x a d ʃ a
تمثیل	t a m s i l
تفنگ	t o f a n ɡ
آویختن	ɑː v e x t a n
جا	d͡ʒ ɑː j
دقت	d e ɢ ɢ a t
ماهور	m ɑː h uː ɾ
گریه	ɡ e ɾ j e
خاور	x ɑː v a ɾ
پرندوش	p a ɾ a n d oː ʃ
میدان	m a j d ɑː n
تحصیل	t a h s i l
رب	ɾ a b
صنوبر	s a n a v b a ɾ
پیسه	p a j s a
اسکندر	e s k a n d a ɾ
گلستان	ɡ o l e s t ɑː n
رنگین	ɾ a n ɡ i n
آخوند	ɑː x uː n d
دریدن	d a ɾ i d a n
ویس	v i s
ادیان	a d j ɑː n
سپاهی	s e p ɑː h iː
خنیا	x o n i j ɑː
میلاد	m e l ɑː d
انجام	a n d͡ʒ ɑː m
شستن	ʃ o s t a n
فرزندخوانده	f a ɾ z a n d x ɑː n d a
بیرونی	b e ɾ uː n iː
واقعا	v ɑː ɢ e ʔ a n
آچار	ɑː t͡ʃ ɑː ɾ
یائسگی	j ɑː ʔ i s a ɡ iː
سالن	s ɑː l o n
کو	k oː
خوشبخت	x o ʃ b a x t
مختلط	m o x t a l e t
لعل	l a ʔ l
دیم	d e m
سفارش	s e f ɑː ɾ e ʃ
خصومت	x o s uː m a t
سیمرغ	s i m u ɾ ɢ
اشتر	ʔ o ʃ t o ɾ
جویبار	d͡ʒ oː j b ɑː ɾ
گوساله	ɡ uː s ɑː l e
مصدر	m a s d a ɾ
آنقدر	ɑː n ɢ a d ɾ
کوچه	k oː t͡ʃ a
گائیدن	ɡ ɑː j iː d a n
قرن	ɢ a ɾ n
دیو	d e v
شاخه	ʃ ɑː x e
نظر	n a z a ɾ
ژرف‌تر	ʒ a ɾ f t a ɾ
مهربان	m e h ɾ a b ɑː n
شاد	ʃ ɑː d
قربک	ɢ o ɾ b a k
عثمان	o s m ɑː n
خفگی	x a f i ɡ iː
پیامبر	p a j ɑː m b a ɾ
لبخند	l a b x a n d
تور	t o v a ɾ
شهادت	ʃ a h ɑː d a t
وعده	v a ʔ d a
تدریج	t a d ɾ i d͡ʒ
اعلام	e ʔ l ɑː m
منظور	m a n z u ɾ
دوران	d a v a ɾ ɑː n
کهر	k a h a ɾ
پاره	p ɑː ɾ a
قلاوز	ɢ u l ɑː v u z
مقدس	m o ɢ a d d a s
زیبا	z e b ɑː
ناراحت	n ɑː ɾ ɑː h a t
غار	ɢ ɑː ɾ
گورستان	ɡ oː ɾ i s t ɑː n
شاهین	ʃ ɑː h iː n
لب	l a b
افسر	a f s a ɾ
پرطرفدار	p o ɾ t a ɾ a f d ɑː ɾ
فقرا	f o ɢ a ɾ ɑː
منظومه	m a n z u m a
آسان	ɑː s ɑː n
جوهر	d͡ʒ a v h a ɾ
جنون	d ʒ o n uː n
چربی	t͡ʃ a ɾ b iː
یاد	j ɑː d
آرایش	ɑː ɾ ɑː j i ʃ
نیفه	n e f a
بهبود	b e h b uː d
سرور	s a ɾ v a ɾ
منبع	m a n b a ʔ
اشتباه	e ʃ t e b ɑː h
فرد	f a ɾ d
سرحد	s a ɾ h a d
آواز	ɑː v ɑː z
تازه	t ɑː z a
شو	ʃ o v
گواشتن	ɡ o v ɑː ʃ t a n
مهبل	m a h b a l
خباز	x a b b ɑː z
ویرایش	v i ɾ ɑː j i ʃ
ول	v e l
کلپ	k l a p
اصفهان	e s f a h ɑː n
صبحانه	s o b h ɑː n e
کویت	k o v e j t
تا	t ɑː
گویش	ɡ oː j i ʃ
تب	t a b
دردمند	d a ɾ d m a n d
تخم	t o x m
تیهو	t i h s
انفجار	e n f e d͡ʒ ɑː ɾ
چل	t ʃ e l
دارفلفل	d ɑː ɾ f i l f i l
روادید	r a v ɑː d iː d
نصف	n e s f
درست	d o ɾ o s
بابک	b ɑː b a k
اداره	e d ɑː ɾ e
مسلحانه	m o s a l l a h ɑː n e
جزدان	d͡ʒ o z d ɑː n
ارگ	o ɾ ɡ
خزان	x a z ɑː n
حاجت	h ɑː d͡ʒ a t
آنلاین	ɑː n l ɑː j n
بلاگ	b l ɑː ɡ
تفسیدن	t a f s i d a n
گردن	ɡ a ɾ d a n
نوکر	n a v k a r
دندان	d a n d ɑː n
آدم‌ها	ɑː d a m h ɑː
کجا	k o d͡ʒ ɑː
چوپ	t͡ʃ oː p
غریب	ɢ a ɾ iː b
ورز	v a ɾ z
چند	t͡ʃ a n d
درگاه	d a ɾ ɡ ɑː h
پری	p a ɾ iː
کلنگ	k o l o n ɡ
ساده‌تر	s ɑː d e t a ɾ
مشاور	m o ʃ ɑː v e ɾ
اندازه	a n d ɑː z a
کنده	k a n d a
بایستی	b ɑː j a s t iː
بوران	b uː ɾ ɑ n
پرهیز	p a ɾ h e z
قرآن	ɢ u ɾ ʔ ɑː n
تاریک‌تر	t ɑː ɾ iː k t a ɾ
درباره	d a ɾ b ɑː ɾ a j i
کنسرت	k o n s e ɾ t
تمساح	t e m s ɑː h
پنهان	p e n h uː n
شنیدن	ʃ e n iː d a n
گوی	ɡ uː
زندان	z e n d ɑː n
نو	n a v
خلاف	x e l ɑː f
قدر	ɢ a d a ɾ
استخوان	o s t o x ɑː n
زنخ	z a n a x
بەت	b ɑː t
شوق	ʃ a v ɢ
مطبوعات	m a t b u ʔ ɑː t
ارزان	a ɾ z ɑː n
پسوند	p a s v a n d
موج	m a v d͡ʒ
آسیا	ɑː s i j ɑː
امضاء	e m z ɑː
بوسیدن	b oː s iː d a n
کین	k iː n
پنجشیر	p a n d͡ʒ ʃ e ɾ
تاجور	t ɑː d ʒ v a ɾ
زمان	z a m ɑː n
اطمینان	e t m iː n ɑː n
ساز	s ɑː z
خاص	x ɑː s
قاشق	ɢ ɑː ʃ u ɢ
شش	ʃ a ʃ
والله	v a l l ɑː h
ناتوان	n ɑː t a v ɑː n
ولایت	v e l ɑː j a t
قلیان	ɢ a l j ɑː n
ناف	n ɑː f
شرک	ʃ e ɾ e k
مدت	m o d d a t
نارنج	n ɑː ɾ a n d͡ʒ
قلعه	ɢ a l ʔ a
مشق	m a ʃ ɢ
پذیرفتن	p a z i ɾ u f t a n
گنم	ɡ e n o m
گاز	ɡ ɑː z
موسیقی	m u s i ɢ iː
