مخالف	m u x aː l i f
حنفي	ħ a n a f i j j
رفأ	r a f a ʔ a
مقطعية	m a q tˤ a ʕ i j j a
جبت	d͡ʒ i b t
عمة	ʕ a m m a
ريال	r i j aː l
أنواط	ʔ a n w aː tˤ
عمروسة	ʕ a m r uː s a
ركيزة	r a k iː z a
وجيز	w a d͡ʒ iː z
منذ	m u n ð u
أكسيد	ʔ u k s iː d
خرنق	x i r n i q
تمرين	t a m r iː n
طار	tˤ aː r a
ذبابة	ð u b aː b a
إمضاء	ʔ i m dˤ aː ʔ
مأزق	m a ʔ z i q
اكتحل	i k t a ħ a l a
أباس	ʔ u b aː s
أنيون	ʔ a n j uː n
بحاح	b u ħ aː ħ
مثلث	m u θ a l l a θ
سبج	s a b a d͡ʒ
صئم	sˤ a ʔ i m a
أجوف	ʔ a d͡ʒ w a f
عنبروت	ʕ a n b a r uː t
أنطاكية	ʔ a n tˤ aː k i j a
تدرج	t a d a r r a d͡ʒ a
الكويت	a l k u w a j t
شاي	ʃ aː j
دمية	d u m j a
ناهز	n aː h a z a
براعة	b a r aː ʕ a
أنفق	ʔ a n f a q a
أغلب	ʔ a ɣ l a b
فسيفساء	f u s a j f i s aː ʔ
حامض	ħ aː m i dˤ
دائخ	d aː ʔ i x
ضحية	dˤ a ħ i j j a
حذار	ħ a ð aː r i
ودامون	w a d aː m uː n
قستوس	q i s t uː s
حوض	ħ a w dˤ
مايو	m aː j uː
سلاف	s u l aː f
صبابة	sˤ a b aː b a
قنديد	q i n d iː d
رمس	r a m a s
حاء	ħ aː ʔ
تترى	t a t r aː
مستوقد	m u s t a w q a d
أنتيكخانة	ʔ a n t iː k x aː n a
مخلوقات	m a x l uː q aː t
قيتارة	q iː t aː r a
اختلاس	i x t i l aː s
غزير	ɣ a z iː r
أوج	ʔ a w d͡ʒ
أصحى	ʔ a sˤ ħ aː
تراخوما	t a r aː x uː m aː
تلقاء	t i l q aː ʔ a
إفادة	ʔ i f aː d a
أوعية	ʔ a w ʕ i j a
خنزير	x i n z iː r
ملاحقة	m u l aː ħ a q a
مصبنة	m a sˤ b a n a
أسفر	ʔ a s f a r a
مطواة	m i tˤ w aː h
إزعاج	ʔ i z ʕ aː d͡ʒ
بادية	b aː d i j a
متوسط	m u t a w a s s i tˤ
أطلع	ʔ a tˤ l a ʕ a
روسيا	r uː s i j aː
مشرك	m u ʃ r i k
شارع	ʃ aː r i ʕ
أولياء	ʔ a w l i j aː ʔ
لبأ	l i b a ʔ
ثكل	θ a k i l a
أصطرك	ʔ a sˤ tˤ a r a k
مرجع	m a r d͡ʒ i ʕ
شرب	ʃ a r i b a
جندبادستر	d͡ʒ u n d u b aː d a s t a r
هوادة	h a w aː d a
إقنيز	ʔ i q n iː z
آتون	ʔ aː t uː n
بلغمي	b a l ɣ a m i j j
شهلة	ʃ a h l a
صحراوي	sˤ a ħ r aː w i j j
بلعوم	b u l ʕ uː m
مروض	m u r a w w a dˤ
ناي	n aː j
وضوء	w u dˤ uː ʔ
تلغراف	t a l i ɣ r aː f
كلك	k a l a k
إنتاج	ʔ i n t aː d͡ʒ
نسى	n a s s aː
قاض	q aː dˤ a
حاط	ħ aː tˤ a
إسماعيلي	ʔ i s m aː ʕ iː l i j j
مجري	m a d͡ʒ a r i j j
نبات	n a b aː t
كيول	k a j j uː l
قولنج	q a w l a n d͡ʒ
سفرجلة	s a f a r d͡ʒ a l a
مقلق	m u q l i q
هدى	h a d aː
مهندس	m u h a n d i s
نعناع	n a ʕ n aː ʕ
مسيح	m a s iː ħ
ثيوقراطي	θ i j uː q r aː tˤ i j j
قالب	q aː l a b
مسلسل	m u s a l s a l
دفتر	d a f t a r
يعقوب	j a ʕ q uː b
فاتية	f aː t i j a
توضح	t a w a dˤ dˤ a ħ a
نزلة	n a z l a
أنزع	ʔ a n z a ʕ a
شاهد	ʃ aː h a d a
اشترى	i ʃ t a r aː
صاع	sˤ aː ʕ
بعلة	b a ʕ l a
سقيفة	s a q iː f a
محب	m u ħ a b b
انتظم	i n t a ðˤ a m a
بسبب	b i s a b a b i
ماثل	m aː θ a l a
ثانوي	θ aː n a w i
إجاص	ʔ i d͡ʒ d͡ʒ aː sˤ
هواء	h a w aː ʔ
لهجة	l a h d͡ʒ a
صيدلي	sˤ a j d a l i j j
إبراهيم	ʔ i b r aː h iː m
شماس	ʃ a m m aː s
تعصر	t a ʕ a sˤ sˤ a r a
ناصور	n aː sˤ uː r
رضة	r a dˤ dˤ a
نصراني	n a sˤ r aː n i j j
لله	l i l l aː h
فرغ	f a r a ɣ a
غالب	ɣ aː l i b
بقبق	b a q b a q a
كارة	k aː r a
ميزان	m iː z aː n
خلاط	x i l aː tˤ
نون	n a w w a n a
نظير	n a ðˤ iː r
سلاح	s i l aː ħ
عربية	ʕ a r a b i j j a
تخلص	t a x a l l a sˤ a
بندر	b a n d a r
عادات	ʕ aː d aː t
شعر	ʃ a ʕ a r
سفينة	s a f iː n a
أسطرلاب	ʔ a s tˤ u r l aː b
الصربية	a sˤ sˤ i r b i j j a
أعياد	ʔ a ʕ j aː d
نخلة	n a x l a
شابانج	ʃ aː b aː n a d͡ʒ
رام	r aː m a
سلسلة	s i l s i l a
طومار	tˤ uː m aː r
أقضى	ʔ a q dˤ aː
شلح	ʃ a l a ħ a
تعصب	t a ʕ a sˤ sˤ a b a
عانى	ʕ aː n aː
غيظ	ɣ a j ðˤ
ترنج	t r i n d͡ʒ
قلعي	q a l a ʕ i j j
تكويت	t a k w iː t
تعالم	t a ʕ aː l a m a
جذع	d͡ʒ a ð a ʕ
دشمة	d u ʃ m a
ذاق	ð aː q a
شلباية	ʃ i l b aː j a
عيدية	ʕ iː d i j j a
نظر	n a ðˤ a r
إحاطة	ʔ i ħ aː tˤ a
متسول	m u t a s a w w i l
بلل	b a l a l
معهد	m a ʕ h a d
قرد	q a r d
سورة	s a w r a
اغرورق	i ɣ r a w r a q a
قارورة	q aː r uː r a
أناخ	ʔ a n aː x a
تقدد	t a q a d d a d a
ميمنة	m a j m a n a
ممتلئ	m u m t a l i ʔ
ساعد	s aː ʕ a d a
قابل	q aː b a l a
كرك	k u r k
شجو	ʃ a d͡ʒ w
تجارة	t i d͡ʒ aː r a
إباحية	ʔ i b aː ħ i j j a
إطراء	ʔ i tˤ r aː ʔ
علة	ʕ i l l a
لوياثان	l a w i j aː θ aː n
رادود	r aː d uː d
طابعة	tˤ aː b i ʕ a
صالح	sˤ aː l i ħ
دستور	d u s t uː r
إسكتلندي	ʔ i s k u t l a n d i j j
رونق	r a w n a q
بدنة	b a d a n a
أرجان	ʔ a r d͡ʒ aː n
مشعر	m a ʃ ʕ a r
وقاء	w i q aː ʔ
فجل	f a d͡ʒ a l
مرفوع	m a r f uː ʕ
وجهة	w i d͡ʒ h a
كذين	k u ð iː n
استفتى	i s t a f t aː
صادف	sˤ aː d a f a
لعنة	l a ʕ n a
مجرب	m u d͡ʒ a r r i b
ساوم	s aː w a m a
دونمة	d uː n m a
انتماء	i n t i m aː ʔ
شبوط	ʃ a b b uː tˤ
ملاك	m u l l aː k
فضي	f i dˤ dˤ i j j
أغماد	ʔ a ɣ m aː d
حجر	ħ a d͡ʒ a r
هوتة	h a w t a
ثانية	θ aː n i j a
مسد	m a s a d a
سعادة	s a ʕ aː d a
حزمة	ħ u z m a
تسلم	t a s a l l a m a
بساطة	b a s aː tˤ a
أنبوب	ʔ u n b uː b
بهشية	b a h a ʃ i j j a
سادس	s aː d i s
بلغم	b a l ɣ a m
سمك	s a m a k
صاخب	sˤ aː x i b
سخيف	s a x iː f
كوريا	k uː r i j aː
أفلس	ʔ a f l a s a
برعم	b a r ʕ a m a
ليمي	l a j m i j j
عقاري	ʕ a q aː r i j j
بيفام	b iː f aː m
نموذج	n a m uː ð a d͡ʒ
أيل	ʔ a j j a l
مسلم	m u s a l l a m
هجوم	h u d͡ʒ uː m
فاء	f aː ʔ
ريشة	r iː ʃ a
بوذي	b uː ð i j j
همجي	h a m a d͡ʒ i j j
تفاف	t i f aː f
إغناطيوس	ʔ i ɣ n aː tˤ i j uː s
أوراق	ʔ a w r aː q
أفاويه	ʔ a f aː w iː h
عصيب	ʕ a sˤ iː b
سكرجة	s u k r u d͡ʒ a
ماه	m aː h a
أنوق	ʔ a n uː q
اجتماع	i d͡ʒ t i m aː ʕ
عنق	ʕ a n a q
قيصر	q a j sˤ a r
كتلة	k u t l a
رهط	r a h a tˤ a
ذئبة	ð i ʔ b a
كزبرة	k u z b a r a
رغوة	r a ɣ w a
مغنم	m a ɣ n a m
أجنبي	ʔ a d͡ʒ n a b i j j
مغيم	m u ɣ a j j i m
ظفر	ðˤ a f a r
زرنب	z a r n a b
قتبان	q a t a b aː n
وديعة	w a d iː ʕ a
طلح	tˤ a l ħ
تغريدة	t a ɣ r iː d a
واقعي	w aː q i ʕ i j j
بعثي	b a ʕ θ i j j
بكارج	b a k aː r i d͡ʒ
باكستاني	b aː k i s t aː n i j j
بنجنكشت	b a n d͡ʒ a n k u ʃ t
قومية	q a w m i j j a
طنجيرة	tˤ a n d͡ʒ iː r a
منور	m a n w a r
مرحلة	m a r ħ a l a
اختلف	i x t a l a f a
منتصف	m u n t a sˤ a f
أيون	ʔ a j uː n
طريق	tˤ a r iː q
الأحد	a l ʔ a ħ a d
مطران	m a tˤ r aː n
معاوية	m u ʕ aː w i j a
دحرج	d a ħ r a d͡ʒ a
أمسك	ʔ a m s a k a
ضيق	dˤ a j j a q a
دورة	d a w r a
قاقلة	q aː q i l l a
طبقة	tˤ a b a q a
هالوك	h aː l uː k
اتضح	i t t a dˤ a ħ a
طلعة	tˤ a l ʕ a
بسالة	b a s aː l a
سؤدد	s u ʔ d a d
قرصنة	q a r sˤ a n a
روس	r a w w a s a
شلة	ʃ a l l a
سيخية	s iː x i j j a
كازخستان	k aː z a x i s t aː n
عفوي	ʕ a f w i j j
راع	r aː ʕ a
عرنسية	ʕ a r a n s i j j a
مدغشقر	m a d a ɣ a ʃ q a r
عودة	ʕ a w d a
دنو	d u n u w w
صأصأ	sˤ a ʔ sˤ a ʔ a
أسير	ʔ a s iː r
محارب	m u ħ aː r i b
واطن	w aː tˤ a n a
نذير	n a ð iː r
صندوق	sˤ a n d uː q
أكتوبر	ʔ a k t uː b a r
سهر	s a h i r a
قطيع	q a tˤ iː ʕ
رضى	r u dˤ aː
زعتر	z a ʕ t a r
معدن	m a ʕ d i n
مكة	m a k k a
طبشورة	tˤ a b ʃ uː r a
جمال	d͡ʒ a m aː l
نبهاء	n u b a h aː ʔ
ضواحك	dˤ a w aː ħ i k
إبرة	ʔ i b r a
رطانة	r a tˤ aː n a
حيوان	ħ a j a w aː n
كركند	k a r k a n d
محسن	m u ħ a s s a n
جشاء	d͡ʒ u ʃ aː ʔ
خصوص	x u sˤ uː sˤ
رجب	r a d͡ʒ a b
متفجرات	m u t a f a d͡ʒ d͡ʒ i r aː t
فاتر	f aː t i r
أصأب	ʔ a sˤ ʔ a b a
تشيلي	t ʃ iː l i j j
فقري	f i q r i j j
ذكاء	ð a k aː ʔ
بيلادونا	b iː l aː d uː n aː
مفلفل	m u f a l f a l
تبرير	t a b r iː r
قريدس	q u r a j d i s
قيتار	q iː t aː r
سبلة	s a b l a
ضوى	dˤ a w aː
بواب	b a w w aː b
إحارة	ʔ i ħ aː r a
ماسورة	m aː s uː r a
كراج	k a r aː d͡ʒ
ابتهاج	i b t i h aː d͡ʒ
تجاوزات	t a d͡ʒ aː w u z aː t
طيفورية	tˤ a j f uː r i j j a
رباعيات	r u b aː ʕ i j j aː t
أباجور	ʔ a b aː d͡ʒ uː r
أغرى	ʔ a ɣ r aː
مؤسسة	m u ʔ a s s a s a
انجذاب	i n d͡ʒ i ð aː b
كميت	k u m a j t
زنباع	z a n b aː ʕ
كنار	k a n aː r
أزرع	ʔ a z r a ʕ a
دمنة	d i m n a
أدوية	ʔ a d w i j a
عمى	ʕ a m m aː
عطاس	ʕ u tˤ aː s
جائز	d͡ʒ aː ʔ i z
نائم	n aː ʔ i m
فصد	f a sˤ a d a
بناية	b i n aː j a
بوذا	b uː ð aː
القرآن	a l q u r ʔ aː n
شلكاية	ʃ a l a k aː j a
ظربان	ðˤ a r i b aː n
شمام	ʃ a m m aː m
ويكيبيديا	w iː k iː b iː d i j aː
يلب	j a l a b
قذال	q a ð aː l
حاسم	ħ aː s i m
قاطعة	q aː tˤ i ʕ a
معادلة	m u ʕ aː d a l a
نجدة	n a d͡ʒ d a
افتراع	i f t i r aː ʕ
حدق	ħ a d a q a
أطرش	ʔ a tˤ r a ʃ
تدلى	t a d a l l aː
هاتف	h aː t i f
سبتمبر	s a b t a m b a r
تضرر	t a dˤ a r r a r a
تحكيم	t a ħ k iː m
سطم	s a tˤ a m a
جار	d͡ʒ aː r
حبق	ħ a b a q
بابل	b aː b i l
توسع	t a w a s s a ʕ a
مضرب	m i dˤ r a b
دجاجة	d a d͡ʒ aː d͡ʒ a
استمات	i s t a m aː t a
دارفلفل	d aː r f i l f i l
سلافي	s l aː f i j j
أعلى	ʔ a ʕ l aː
بنان	b a n aː n
نوراني	n uː r aː n i j j
جمعية	d͡ʒ a m ʕ i j j a
كهرومائي	k a h r uː m aː ʔ i j j
شلغم	ʃ a l ɣ a m
أعرن	ʔ a ʕ r a n a
تضمن	t a dˤ a m m a n a
غافت	ɣ aː f a t
قشر	q a ʃ a r a
كثير	k a θ iː r
نيفق	n a j f a q
معاونة	m u ʕ aː w a n a
مرآة	m i r ʔ aː h
بارز	b aː r a z a
حاسوب	ħ aː s uː b
ابتنى	i b t a n aː
أشل	ʔ a ʃ a l l
تلفت	t a l a f f a t a
المجر	a l m a d͡ʒ a r
وصى	w a sˤ sˤ aː
خليفة	x a l iː f a
أعز	ʔ a ʕ a z z
نشيدة	n a ʃ iː d a
ارتباط	i r t i b aː tˤ
منيرة	m u n iː r a
حلول	ħ u l uː l
سفرة	s u f r a
مسرحي	m a s r a ħ i j j
نسبوية	n i s b a w i j j a
فنجان	f i n d͡ʒ aː n
قندهار	q u n d u h aː r
قاوون	q aː w uː n
هايتي	h aː j i t iː
اسكتلندي	i s k u t l a n d i j j
مينا	m iː n aː
لبلبي	l a b l a b i j j
مومياء	m uː m i j aː ʔ
أدحية	ʔ u d ħ i j a
كشمش	k i ʃ m i ʃ
طباق	tˤ a b b aː q
المغرب	a l m a ɣ r i b
كلب	k a l b
وبيل	w a b iː l
أعور	ʔ a ʕ w a r
عظم	ʕ a ðˤ m
تيش	t iː ʃ
سعيد	s a ʕ iː d
جزدان	d͡ʒ i z d aː n
الزهرة	a z z u h a r a
أثجل	ʔ a θ d͡ʒ a l
زمزريق	z a m z a r iː q
انخفض	i n x a f a dˤ a
زوج	z a w d͡ʒ
ذال	ð aː l
مغفرة	m a ɣ f i r a
تكية	t a k i j j a
مجموعة	m a d͡ʒ m uː ʕ a
زئير	z a ʔ iː r
فتش	f a t t a ʃ a
قصيل	q a sˤ iː l
فراطة	f u r aː tˤ a
إشبين	ʔ i ʃ b iː n
مركب	m a r k a b
درباس	d i r b aː s
يرقة	j a r a q a
سهل	s a h h a l a
صوب	sˤ a w b
ليت	l a j t a
كازاخستان	k aː z aː x i s t aː n
إلى	ʔ i l aː
أنف	ʔ a n f
تدليك	t a d l iː k
سليلة	s a l iː l a
مري	m u r iː
بربير	b a r b iː r
قروش	q u r uː ʃ
محاكمة	m u ħ aː k a m a
نفض	n a f a dˤ a
فني	f a n i j a
مطراني	m u tˤ r aː n i j j
عبوثران	ʕ a b a w θ a r aː n
همزة	h a m z a
افتخر	i f t a x a r a
جين	d͡ʒ iː n
شحن	ʃ a ħ a n a
رجلة	r u d͡ʒ l a
قارون	q aː r uː n
عرناس	ʕ a r n aː s
فحشاء	f a ħ ʃ aː ʔ
فقيه	f a q iː h
برقية	b a r q i j j a
جميز	d͡ʒ u m m a j z
طفيف	tˤ a f iː f
مضيق	m a dˤ iː q
جوز	d͡ʒ a w z
أنسى	ʔ a n s aː
إياك	ʔ i j j aː k a
بركان	b a r k aː n
زغرد	z a ɣ r a d a
دجلة	d i d͡ʒ l a
يراع	j a r aː ʕ
هدهد	h a d h a d a
حيثيات	ħ a j θ i j j aː t
مهذار	m i h ð aː r
إداري	ʔ i d aː r i j j
طرابلس	tˤ a r aː b l u s
تهجى	t a h a d͡ʒ d͡ʒ aː
صلعة	sˤ a l ʕ a
قرنبيط	q a r n a b iː tˤ
مشاوير	m a ʃ aː w iː r
تمادى	t a m aː d aː
سريان	s a r a j aː n
مقاس	m a q aː s
خسأ	x a s a ʔ a
فطيسة	f a tˤ iː s a
مضمون	m a dˤ m uː n
حزاق	ħ a z aː q
كنيسة	k a n iː s a
راتينج	r aː t iː n a d͡ʒ
شذر	ʃ a ð r
صحاف	sˤ a ħ ħ aː f
أشيب	ʔ a ʃ j a b
رزتاق	r u z t aː q
قصرية	q a sˤ r i j j a
حنان	ħ a n aː n
أخامص	ʔ a x aː m i sˤ
اتصل	i t t a sˤ a l a
مماس	m u m aː s s
جنسية	d͡ʒ i n s i j j a
ماعون	m aː ʕ uː n
كستيج	k u s t iː d͡ʒ
بازار	b aː z aː r
نهزة	n u h z a
توصية	t a w sˤ i j a
زغلول	z u ɣ l uː l
ترياق	t i r j aː q
كزمازك	k a z m aː z a k
عفريت	ʕ a f r iː t
تطاير	t a tˤ aː j a r a
فيجن	f a j d͡ʒ a n
سجلاط	s i d͡ʒ i l l aː tˤ
توقف	t a w a q q a f a
فاكهة	f aː k h a
قونية	q uː n i j a
نيوزيلاندا	n i j uː z iː l aː n d aː
بتع	b i t ʕ
احترق	i ħ t a r a q a
أنهك	ʔ a n h a k a
أنتم	ʔ a n t u m
قيصوم	q a j sˤ uː m
حبالة	ħ i b aː l a
بستوقة	b u s t uː q a
خور	x a w r
أسارون	ʔ a s aː r uː n
غراب	ɣ u r aː b
ميتوكندريون	m iː t uː k u n d r i j uː n
أطفال	ʔ a tˤ f aː l
ظمئ	ðˤ a m i ʔ a
طواجن	tˤ a w aː d͡ʒ i n
مجازر	m a d͡ʒ aː z i r
ذرية	ð u r r i j j a
طلاق	tˤ a l aː q
سبعة	s a b ʕ a
ضمان	dˤ a m aː n
هندباء	h i n d i b aː ʔ
كون	k a w n
باذنجان	b aː ð i n d͡ʒ aː n
هندسي	h a n d a s i j j
زينب	z a j n a b
سنت	s a n n a t
سخد	s u x d
نشد	n a ʃ a d a
أبرز	ʔ a b r a z
صخف	sˤ a x a f a
زيارة	z i j aː r a
ميدان	m a j d aː n
ذمم	ð i m a m
كشتبان	k u ʃ t u b aː n
ناردين	n aː r a d iː n
أخطبوط	ʔ u x tˤ u b uː tˤ
خيالي	x a j aː l i j j
زحزح	z a ħ z a ħ a
تاريخ	t aː r iː x
موقع	m a w q i ʕ
درزن	d a r z a n
واثق	w aː θ i q
معطس	m a ʕ tˤ i s
خداج	x i d aː d͡ʒ
قرفصاء	q u r f u sˤ aː ʔ
كوة	k a w w a
درفيل	d a r f iː l
مشواة	m i ʃ w aː h
قرآني	q u r ʔ aː n i j j
ذبول	ð u b uː l
قفازات	q u f f aː z aː t
خصص	x a sˤ sˤ a sˤ a
محطة	m a ħ a tˤ tˤ a
آنك	ʔ aː n u k
معنى	m a ʕ n aː
أعاصير	ʔ a ʕ aː sˤ iː r
مسطرة	m i s tˤ a r a
خفج	x a f a d͡ʒ
أكاذيب	ʔ a k aː ð iː b
براءة	b a r aː ʔ a
بندق	b u n d u q
فؤول	f u ʔ uː l
حوجلة	ħ a w d͡ʒ a l a
المكسيك	a l m a k s iː k
قسطاس	q i s tˤ aː s
قوم	q a w m
تالي	t aː l iː
ولكن	w a l aː k i n
عند	ʕ i n d a
فلت	f a l a t a
بسمة	b a s m a
ذوق	ð a w q
قيمة	q iː m a
مساواة	m u s aː w aː h
صيفة	sˤ a j f a
نبأ	n a b a ʔ
نزهة	n u z h a
مثل	m a θ a l
زوجة	z a w d͡ʒ a
جابية	d͡ʒ aː b i j a
تورم	t a w a r r a m a
دافئ	d aː f i ʔ
مدفأ	m i d f a ʔ
تراوح	t a r aː w a ħ a
شكال	ʃ i k aː l
إبل	ʔ i b i l
القنيطرة	a l q u n a j tˤ i r a
هدد	h a d d a d a
جميلة	d͡ʒ a m iː l a
خشاب	x a ʃ ʃ aː b
أنفحة	ʔ a n f i ħ a
حبن	ħ a b a n
أسطرك	ʔ a s tˤ a r a k
لهيب	l a h iː b
صرافة	sˤ a r r aː f a
تنحى	t a n a ħ ħ aː
مطفأة	m i tˤ f a ʔ a
بطرك	b a tˤ r a k
قطران	q a tˤ a r aː n
تذكرة	t a ð k i r a
جبران	d͡ʒ u b r aː n
مغطس	m a ɣ tˤ i s
استعاذ	i s t a ʕ aː ð a
نقيض	n a q iː dˤ
تجرد	t a d͡ʒ a r r a d a
كربون	k a r b uː n
انتقال	i n t i q aː l
أناغلس	ʔ a n aː ɣ a l i s
ارتباك	i r t i b aː k
تومان	t uː m aː n
متزوج	m u t a z a w w i d͡ʒ
معاصر	m u ʕ aː sˤ i r
سرقين	s i r q iː n
أباخس	ʔ a b aː x i s u
مليء	m a l iː ʔ
اللات	a l l aː t
داركيسة	d aː r k iː s a
صيدلية	sˤ a j d a l i j j a
نهض	n a h a dˤ a
أطنب	ʔ a tˤ n a b a
ورطة	w a r tˤ a
ثدييات	θ a d j i j j aː t
قطارة	q a tˤ tˤ aː r a
دراماتيكي	d i r aː m aː t iː k i j j
برسيم	b i r s iː m
صغر	sˤ a ɣ a r a
رهبانية	r a h b aː n i j j a
استوقف	i s t a w q a f a
مصحنة	m i sˤ ħ a n a
المنامة	a l m a n aː m a
أبنوس	ʔ a b a n uː s
افتقد	i f t a q a d a
قطيفة	q a tˤ iː f a
الرياض	a r r i j aː dˤ
تساءل	t a s aː ʔ a l a
كاسيت	k aː s iː t
أنبذ	ʔ a n b a ð a
غامق	ɣ aː m i q
فوف	f uː f
سلعة	s i l ʕ a
نزعة	n a z ʕ a
استمنى	i s t a m n aː
ضمير	dˤ a m iː r
سويداء	s u w a j d aː ʔ
صتع	sˤ a t a ʕ a
هيئة	h a j ʔ a
سخل	s a x l
عبرة	ʕ i b r a
حلال	ħ a l aː l
أضر	ʔ a dˤ a r r a
بيوت	b u j uː t
جسم	d͡ʒ a s s a m a
تأسف	t a ʔ a s s a f a
وثيق	w a θ iː q
ممسحة	m i m s a ħ a
حادث	ħ aː d a θ a
رابطة	r aː b i tˤ a
أوجس	ʔ a w d͡ʒ a s a
الصويرة	a sˤ sˤ a w iː r a
بطروخ	b a tˤ r uː x
تيغار	t a j ɣ aː r
رصع	r a sˤ sˤ a ʕ a
سوريا	s uː r i j aː
خباز	x a b b aː z
سرنديب	s a r a n d iː b
السويد	a s s u w a j d
طائر	tˤ aː ʔ i r
قصاج	q u sˤ aː d͡ʒ
قلم	q a l a m
جمهورية	d͡ʒ u m h uː r i j j a
ثمر	θ a m a r
مخروطي	m a x r uː tˤ i j j
سكنجبين	s i k a n d͡ʒ a b iː n
متفرق	m u t a f a r r i q
خزينة	x a z iː n a
مغن	m u ɣ a n n i n
تصالح	t a sˤ aː l a ħ a
تقرر	t a q a r r a r a
أراد	ʔ a r aː d a
توعوي	t a w ʕ a w i j j
برشيد	b a r ʃ iː d
تخضخض	t a x a dˤ x a dˤ a
العرائش	a l ʕ a r aː ʔ i ʃ
خامر	x aː m a r a
علا	ʕ a l aː
كودين	k uː d iː n
قبرة	q u b b a r a
ارتياد	i r t i j aː d
أرض	ʔ a r dˤ
هذر	h a ð a r a
سمار	s a m aː r
كانون	k aː n uː n
ممحوق	m a m ħ uː q
دكان	d u k k aː n
مكان	m a k aː n
رواقي	r i w aː q i j j
جدد	d͡ʒ a d a d
أسمرا	ʔ a s m a r aː
وتيرة	w a t iː r a
إبداعي	ʔ i b d aː ʕ i j j
عنصر	ʕ u n sˤ u r
صخد	sˤ a x a d a
مازريون	m aː z a r i j uː n
دغفل	d a ɣ f a l
ثور	θ a w r
بلجيكا	b a l d͡ʒ iː k a
عضلة	ʕ a dˤ a l a
غرب	ɣ a r a b
شاكر	ʃ aː k i r
مقاعد	m a q aː ʕ i d
دستة	d a s t a
سهوة	s a h w a
هيول	h a j uː l
تأميم	t a ʔ m iː m
بهائي	b a h aː ʔ i j j
فهم	f a h h a m a
حاجة	ħ aː d͡ʒ a
جنسي	d͡ʒ a n n i s iː
محن	m i ħ a n
باروق	b aː r uː q
ديك	d iː k
قنطرة	q a n tˤ a r a
تخت	t a x t
اجتذب	i d͡ʒ t a ð a b a
شبوطة	ʃ a b b uː tˤ a
تلفاف	t i l f aː f
حملة	ħ a m l a
تنسيق	t a n s iː q
وسق	w a s q
ركلة	r a k l a
زنبوع	z a n b uː ʕ
دعا	d a ʕ aː
باب	b aː b
قافلة	q aː f i l a
مكن	m a k k a n a
فرهود	f u r h uː d
مثابة	m a θ aː b a
أكرى	ʔ a k r aː
رئوي	r i ʔ a w i j j
بدلة	b a d l a
اعتلى	i ʕ t a l aː
مغناطيس	m a ɣ n aː tˤ iː s
بردي	b a r d i j j
ثمن	t u m u n
اكتسى	i k t a s aː
فرفحين	f a r f a ħ iː n
غائر	ɣ aː ʔ i r
سرجين	s i r d͡ʒ iː n
عاين	ʕ aː j a n a
ناخوذة	n aː x uː ð a
عازب	ʕ aː z i b
استقل	i s t a q a l l a
إسرائيل	ʔ i s r aː ʔ iː l
نفث	n a f a θ a
رضائع	r a dˤ aː ʔ i ʕ
المريخ	a l m i r r iː x
طاح	tˤ aː ħ a
عافية	ʕ aː f i j a
ألاباما	ʔ a l aː b aː m aː
أزعر	ʔ a z ʕ a r
ائتمر	i ʔ t a m a r a
تسلية	t a s l i j a
خندريس	x a n d a r iː s
سينمائي	s i j n a m aː ʔ i j j
مهرة	m u h r a
شمشار	ʃ a m ʃ aː r
إمهال	ʔ i m h aː l
حسل	ħ i s l
وابور	w aː b uː r
نبيل	n a b iː l
قوش	q uː ʃ
أطباء	ʔ a tˤ i b b aː ʔ
أنور	ʔ a n w a r
كمثراة	k u m m a θ r aː h
جنائي	d͡ʒ i n aː ʔ i j j
فرصاد	f i r sˤ aː d
مسافة	m a s aː f a
سيس	s a j j a s a
نباهة	n a b aː h a
قطار	q i tˤ aː r
لسع	l a s a ʕ a
تطبب	t a tˤ a b b a b a
نخشوش	n a x ʃ uː ʃ
شاسع	ʃ aː s i ʕ
سين	s iː n
مطاف	m a tˤ aː f
شابانك	ʃ aː b aː n a k
تعويذة	t a ʕ w iː ð a
لحاق	l a ħ aː q
رثية	r a θ j a
قتل	q a t a l a
باستا	b aː s t aː
بكارة	b a k aː r a
ديسم	d a j s a m
ثقافة	θ a q aː f a
خلاعي	x a l aː ʕ i j j
أمير	ʔ a m iː r
انتظام	i n t i ðˤ aː m
مثانة	m a θ aː n a
فشقر	f a ʃ q a r
عراك	ʕ i r aː k
بيض	b a j dˤ
زبل	z a b b a l a
إنقاض	ʔ i n q aː dˤ
خالف	x aː l a f a
جحا	d͡ʒ u ħ aː
لاط	l aː tˤ a
فالوذة	f aː l uː ð a
فئران	f i ʔ r aː n
تقني	t i q n i j j
جليد	d͡ʒ a l iː d
قفير	q a f iː r
أورانوس	ʔ uː r aː n uː s
وصيف	w a sˤ iː f
غضب	ɣ a dˤ a b
هنا	h u n aː
أنموذج	ʔ u n m uː ð a d͡ʒ
دكتور	d u k t uː r
شبشب	ʃ i b ʃ i b
ترنجان	t u r u n d͡ʒ aː n
قرصن	q a r sˤ a n a
كتابة	k i t aː b a
أفريقيا	ʔ a f r iː q j aː
جوهري	d͡ʒ a w h a r i j j
غفر	ɣ a f a r a
ببنودة	b a b n uː d a
مسجد	m a s d͡ʒ i d
انتقد	i n t a q a d a
جرذ	d͡ʒ u r a ð
ازديان	i z d i j aː n
عربن	ʕ a r b a n a
مثلجات	m u θ a l l a d͡ʒ aː t
تذاكى	t a ð aː k aː
عاب	ʕ aː b a
فركس	f i r k i s
شاورما	ʃ aː w a r m aː
بسكرة	b i s k a r a
اندلع	i n d a l a ʕ a
متصل	m u t t a sˤ i l
هزر	h a z a r a
فرخ	f a r r a x a
غسق	ɣ a s a q
صهريج	sˤ a h r iː d͡ʒ
مرصبان	m a r sˤ a b aː n
تمسيد	t a m s iː d
رواصيل	r a w aː sˤ iː l
بغداد	b a ɣ d aː d
إنهاء	ʔ i n h aː ʔ
قبر	q a b a r a
أبلس	ʔ a b l a s a
إدحية	ʔ i d ħ i j a
هزل	h a z a l a
أحاط	ʔ a ħ aː tˤ a
زعزع	z a ʕ z a ʕ a
عنزروت	ʕ a n z a r uː t
أخوية	ʔ a x a w i j j a
ركف	r a k a f
دولاب	d a w l aː b
زوفا	z uː f aː
لاءم	l aː ʔ a m a
بريد	b a r iː d
أصدأ	ʔ a sˤ d a ʔ
تجرع	t a d͡ʒ a r r a ʕ a
استفزاز	i s t i f z aː z
جذوع	d͡ʒ u ð uː ʕ
سليلى	s u l a j l aː
أوحد	ʔ a w ħ a d
رغيفات	r a ɣ iː f aː t
اعتمد	i ʕ t a m a d a
جاورجيوس	d͡ʒ aː w u r d͡ʒ i j uː s
نادل	n aː d i l
فادي	f aː d iː
لاث	l aː θ a
تطفل	t a tˤ a f f a l a
سكة	s i k k a
محول	m u ħ a w w i l
رؤوس	r u ʔ uː s
سقراط	s u q r aː tˤ
ضاجع	dˤ aː d͡ʒ a ʕ a
مدرسة	m a d r a s a
وزغة	w a z a ɣ a
فلفل	f i l f i l
ساحل	s aː ħ i l
العراق	a l ʕ i r aː q
نفخ	n a f a x a
قيثارات	q iː θ aː r aː t
ابنة	i b n a
آشوري	ʔ aː ʃ uː r i j j
تقرير	t a q r iː r
شاط	ʃ aː tˤ a
خصية	x i sˤ j a
اتبع	i t t a b a ʕ a
غمى	ɣ a m m aː
ارتقب	i r t a q a b a
رابط	r aː b i tˤ
تنرفز	t a n a r f a z a
البرازيل	a l b a r aː z iː l
مسموح	m a s m uː ħ
الخميس	a l x a m iː s
شامخ	ʃ aː m i x
محجوب	m a ħ d͡ʒ uː b
ابتسامة	i b t i s aː m a
سحلب	s a ħ l a b
جنب	d͡ʒ a n a b
سبب	s a b a b
النيجر	a n n iː d͡ʒ a r
غرلة	ɣ u r l a
مذهبي	m a ð h a b i j j
منتظم	m u n t a ðˤ a m
بربخ	b a r b a x
مدرك	m u d r a k
تحوط	t a ħ a w w a tˤ a
حصان	ħ i sˤ aː n
قول	q a w l
آنسة	ʔ aː n i s a
ارتاع	i r t aː ʕ a
السبت	a s s a b t
إتلاف	ʔ i t l aː f
صفع	sˤ a f a ʕ a
موريتانيا	m uː r iː t aː n i j aː
غالبية	ɣ aː l i b i j j a
كرح	k i r ħ
بيداء	b a j d aː ʔ
إغريقي	ʔ i ɣ r iː q i j j
كان	k aː n a
ماجور	m aː d͡ʒ uː r
أنزل	ʔ a n z a l a
حمصيص	ħ a m a sˤ iː sˤ
زريبة	z a r iː b a
مداخلة	m u d aː x a l a
تناوم	t a n aː w a m a
مطبعة	m a tˤ b a ʕ a
صنبور	sˤ u n b uː r
الصين	a sˤ sˤ iː n
معانقة	m u ʕ aː n a q a
بعلبك	b a ʕ l a b a k k
قنبيل	q a n b iː l
كزمازج	k a z m aː z a d͡ʒ
خادم	x aː d i m
ديس	d iː s
علقم	ʕ a l q a m
بالوعات	b aː l uː ʕ aː t
دركي	d a r a k i j j
ساء	s aː ʔ a
كوز	k uː z
بساط	b i s aː tˤ
آفات	ʔ aː f aː t
فانيذ	f aː n iː ð
عتيق	ʕ a t iː q
صحي	sˤ a ħ i j a
وطني	w a tˤ a n i j j
مجموع	m a d͡ʒ m uː ʕ
مائدة	m aː ʔ i d a
شراب	ʃ a r aː b
رمادي	r a m aː d i j j
قطبي	q u tˤ b i j j
أسري	ʔ u s r i j j
حافظة	ħ aː f i ðˤ a
تصفح	t a sˤ a f f a ħ a
مفروشات	m a f r uː ʃ aː t
فاجأ	f aː d͡ʒ a ʔ a
رمان	r u m m aː n
لهى	l a h h aː
غدير	ɣ a d iː r
نخالة	n u x aː l a
معركة	m a ʕ r a k a
إسماعيل	ʔ i s m aː ʕ iː l
مغاث	m u ɣ aː θ
فأل	f a ʔ l
واحة	w aː ħ a
بزم	b a z a m a
ياسمين	j aː s a m iː n
بخير	b i x a j r
كتان	k a t t aː n
ندى	n a d aː
ملوخية	m u l uː x i j j a
تدريب	t a d r iː b
شفاف	ʃ a f f aː f
ثدياء	θ a d j aː ʔ
كأب	k a ʔ b
يقظة	j a q a ðˤ a
تشاعر	t a ʃ aː ʕ a r a
صابورة	sˤ aː b uː r a
ممتلكات	m u m t a l a k aː t
بروناي	b r uː n aː j
خوخ	x a w x
زكام	z u k aː m
حلكة	ħ u l k a
استجار	i s t a d͡ʒ aː r a
تنديل	t a n d iː l
حماض	ħ a m m aː dˤ
ضمني	dˤ i m n i j j
اصطدأ	i sˤ tˤ a d a ʔ a
عريان	ʕ u r j aː n
قاد	q aː d a
صفيراء	sˤ u f a j r aː ʔ
مقصف	m a q sˤ a f
أصغى	ʔ a sˤ ɣ aː
خزان	x a z z aː n
مسمار	m i s m aː r
اليرموك	a l j a r m uː k
أوحال	ʔ a w ħ aː l
صبرة	sˤ a b a r a
هزيل	h a z iː l
انتبه	i n t a b a h a
كثافة	k a θ aː f a
مضيرة	m a dˤ iː r a
هذا	h aː ð a
أجيال	ʔ a d͡ʒ j aː l
أقرأ	ʔ a q r a ʔ a
صحافة	sˤ a ħ aː f a
تكلم	t a k a l l a m a
دعاء	d u ʕ aː ʔ
اليونان	a l j uː n aː n
سوراني	s uː r aː n i j j
بولاد	b uː l aː d
مبارز	m u b aː r a z
سكي	s a k k i j j
ألمانيا	ʔ a l m aː n i j aː
نشيد	n a ʃ iː d
جزء	d͡ʒ u z ʔ
أعجم	ʔ a ʕ d͡ʒ a m a
أمان	ʔ a m aː n
جلاد	d͡ʒ a l l aː d
مجسمة	m u d͡ʒ a s s a m a
سفيه	s a f iː h
خرفة	x u r f a
مائت	m aː ʔ i t
تسعمائة	t i s ʕ u m i ʔ a
سطع	s a tˤ a ʕ a
تجربة	t a d͡ʒ r i b a
لكنة	l u k n a
دعموص	d u ʕ m uː sˤ
فعالية	f a ʕ ʕ aː l i j j a
رسول	r a s uː l
فكر	f a k a r a
ضفة	dˤ a f f a
رائع	r aː ʔ i ʕ
ثوب	θ a w b
عنكبوت	ʕ a n k a b uː t
إيصاء	ʔ iː sˤ aː ʔ
أسمر	ʔ a s m a r
أنواع	ʔ a n w aː ʕ
ارتدع	i r t a d a ʕ a
أنسون	ʔ a n s uː n
رعراع	r a ʕ r aː ʕ
تبحر	t a b a ħ ħ a r a
صتم	sˤ a t a m
تساوى	t a s aː w aː
دبج	d a b b a d͡ʒ a
تحرش	t a ħ a r r a ʃ a
فاشرا	f aː ʃ i r aː
خيار	x i j aː r
ضاحية	dˤ aː ħ i j a
إشغال	ʔ i ʃ ɣ aː l
مساومة	m u s aː w a m a
تحذير	t a ħ ð iː r
أناغاليس	ʔ a n aː ɣ aː l iː s
حماس	ħ a m aː s
مراوغة	m u r aː w a ɣ a
لولا	l a w l aː
نعامة	n a ʕ aː m a
قلقديس	q a l q a d iː s
راود	r aː w a d a
اكتئاب	i k t i ʔ aː b
علني	ʕ a l a n i j j
وسد	w a s s a d a
غزاوة	ɣ a z aː w a
ساط	s aː tˤ a
اشتهى	i ʃ t a h aː
مصباح	m i sˤ b aː ħ
خلفي	x a l f i j j
حجرة	ħ u d͡ʒ r a
بهلول	b u h l uː l
انقلاب	i n q i l aː b
صنان	sˤ u n aː n
محايد	m u ħ aː j i d
شرق	ʃ a r q
فلسطين	f i l a s tˤ iː n
الحارث	a l ħ aː r i θ
نير	n a j j i r
ثريد	θ a r iː d
تدريس	t a d r iː s
دفاع	d i f aː ʕ
الأرجنتين	a l ʔ a r d͡ʒ a n t iː n
راحل	r aː ħ i l
قاليقلا	q aː l iː q a l aː
مفسر	m u f a s s i r
قرطم	q u r tˤ u m
جريب	d͡ʒ a r iː b
فوطة	f uː tˤ a
نفقة	n a f a q a
شعرى	ʃ a ʕ r aː
بكين	b i k iː n
بئسما	b i ʔ s a m aː
انتفخ	i n t a f a x a
مردي	m u r d i j j
واعد	w aː ʕ a d a
أدحوة	ʔ u d ħ u w w a
مرأة	m a r ʔ a
كوم	k a w m
ورق	w a r a q
كسا	k a s aː
عنوسة	ʕ u n uː s a
تكفيري	t a k f iː r i j j
اقتصر	i q t a sˤ a r a
تاوريرت	t aː w r iː r t
راكب	r aː k i b
جلهم	d͡ʒ a l h a m
موسيقى	m uː s iː q aː
مخيم	m u x a j j a m
مشى	m a ʃ aː
تخم	t a x m
قسوة	q a s w a
مشعل	m a ʃ ʕ a l
تاق	t aː q a
إقناع	ʔ i q n aː ʕ
سقم	s a q a m
أسف	ʔ a s a f f a
أرسطوطاليس	ʔ a r i s tˤ uː tˤ aː l iː s
حوب	ħ uː b
تركمانستان	t u r k u m aː n i s t aː n
قايين	q aː j iː n
نضوج	n u dˤ uː d͡ʒ
مشرقان	m a ʃ r i q aː n
تمساح	t i m s aː ħ
تقية	t a q i j j a
مبرهنة	m u b a r h a n a
شوح	ʃ uː ħ
صقيع	sˤ a q iː ʕ
مساطر	m a s aː tˤ i r
قاسم	q aː s i m
عاشق	ʕ aː ʃ i q
ملف	m i l a f f
زبرجد	z a b a r d͡ʒ a d
ضائنة	dˤ aː ʔ i n a
استغرق	i s t a ɣ r a q a
أغوى	ʔ a ɣ w aː
لغة	l u ɣ a
إبريق	ʔ i b r iː q
دقع	d a q i ʕ a
عاطفي	ʕ aː tˤ i f i j j
أغلفة	ʔ a ɣ l i f a
ألغى	ʔ a l ɣ aː
وغل	w a ɣ a l a
أليس	ʔ a l iː s
جريدة	d͡ʒ a r iː d a
كاراطي	k aː r aː tˤ iː
طعام	tˤ a ʕ aː m
زواج	z a w aː d͡ʒ
مغلوب	m a ɣ l uː b
تسعون	t a s ʕ a w n a
ذمة	ð i m m a
مسخ	m a s a x a
وارث	w aː r i θ
عطاء	ʕ a tˤ aː ʔ
منار	m a n aː r
باطية	b aː tˤ i j a
عبيثران	ʕ a b a j θ a r aː n
زوفرا	z a w f a r aː
عبق	ʕ a b b a q a
خطيئة	x a tˤ iː ʔ a
غصة	ɣ u sˤ sˤ a
غار	ɣ aː r a
تعفج	t a ʕ a f f a d͡ʒ a
لثم	l a θ a m a
بابونج	b aː b uː n a d͡ʒ
سياسة	s i j aː s a
بتاتا	b a t aː t aː
قبائلي	q a b aː ʔ i l i j j
جانرك	d͡ʒ aː n a r i k
تانبول	t aː n a b uː l
ديان	d a j j aː n
باص	b aː sˤ
جورجيا	d͡ʒ uː r d͡ʒ i j aː
حلتيث	ħ i l t iː θ
مخطئ	m u x tˤ i ʔ
فيل	f iː l
ولى	w a l l aː
ركبة	r a k a b a
براق	b a r r aː q
بطالة	b a tˤ aː l a
بعث	b a ʕ a θ a
ديانات	d i j aː n aː t
شراء	ʃ i r aː ʔ
خزف	x a z a f
كينيا	k iː n i j aː
هزج	h a z i d͡ʒ a
ساحة	s aː ħ a
نعال	n i ʕ aː l
زاي	z aː j
جدع	d͡ʒ a d a ʕ a
ظليم	ðˤ a l iː m
بينما	b a j n a m aː
قرظ	q a r a ðˤ
فتوى	f a t w aː
وفاء	w a f aː ʔ
علاجي	ʕ i l aː d͡ʒ iː
فواق	f u w aː q
ناعور	n aː ʕ uː r
عميق	ʕ a m iː q
جدوى	d͡ʒ a d w aː
تصهين	t a sˤ a h j a n a
ركع	r a k a ʕ a
صغار	sˤ i ɣ aː r
مشروع	m a ʃ r uː ʕ
عود	ʕ a w d
إحسان	ʔ i ħ s aː n
أكب	ʔ a k a b b a
تفاح	t u f f aː ħ
شبهة	ʃ u b h a
طحين	tˤ a ħ iː n
نحال	n a ħ ħ aː l
تزعزع	t a z a ʕ z a ʕ a
تايوان	t aː j w aː n
نعجة	n a ʕ d͡ʒ a
عقيدة	ʕ a q iː d a
عواري	ʕ a w aː r i j j
قورح	q uː r a ħ
فكرة	f i k r a
صعوبة	sˤ u ʕ uː b a
انتقم	i n t a q a m a
رطوبة	r u tˤ uː b a
احتفل	i ħ t a f a l a
بهرج	b a h r a d͡ʒ
ياسين	j aː s iː n
خطام	x i tˤ aː m
غين	ɣ a j n
رصفان	r u sˤ f aː n
شاشية	ʃ aː ʃ i j j a
مؤسس	m u ʔ a s s a s
معاينة	m u ʕ aː j a n a
استيقظ	i s t a j q a ðˤ a
مستفرغ	m u s t a f r a ɣ
تحسس	t a ħ a s s a s a
جوذاب	d͡ʒ uː ð aː b
جحفل	d͡ʒ a ħ f a l
شفنين	ʃ i f n iː n
أنهى	ʔ a n h aː
أندراوس	ʔ a n d a r aː w u s
مكون	m u k a w w i n
سائمة	s aː ʔ i m a
سنبل	s u n b u l
كوسوفو	k uː s uː f uː
اكترى	i k t a r aː
أساس	ʔ a s aː s
رأسمال	r a ʔ s m aː l
قنبلة	q u n b u l a
شليل	ʃ a l iː l
مهم	m u h i m m
حمص	ħ a m m a sˤ a
مماثلة	m u m aː θ a l a
مبكر	m u b a k k i r
العاصي	a l ʕ aː sˤ iː
بحيرة	b u ħ a j r a
قصاب	q a sˤ sˤ aː b
نطل	n a tˤ a l a
مدبر	m u d a b b i r
ثلاثون	θ a l aː θ uː n a
لكن	l aː k i n
أسرة	ʔ a s i r r a
الصومال	a sˤ sˤ uː m aː l
حزاء	ħ a z aː ʔ
إبريل	ʔ i b r iː l
صفر	sˤ a f a r
صحل	sˤ a ħ i l a
أموي	ʔ u m a w i j j
تقرح	t a q a r r a ħ a
تاء	t aː ʔ
فنطاس	f i n tˤ aː s
بيد	b a j d a
بذج	b a ð a d͡ʒ
مرجان	m a r d͡ʒ aː n
شظية	ʃ a ðˤ i j j a
قنديل	q a n d iː l
جواد	d͡ʒ a w aː d
توتيا	t uː t i j aː
سورينام	s uː r iː n aː m
لكمة	l a k m a
مفوف	m u f a w w a f
استمر	i s t a m a r r a
سلسل	s a l s a l a
حنظلة	ħ a n ðˤ a l a
عبادة	ʕ i b aː d a
أول	ʔ a w w a l
جاف	d͡ʒ aː f a
إفريقية	ʔ i f r iː q i j a
جربوز	d͡ʒ a r b uː z
أيقن	ʔ a j q a n a
خزز	x u z a z
فاسد	f aː s i d
مكالمة	m u k aː l a m a
باريس	b aː r iː s
أيرلندا	ʔ a j i r l a n d aː
غريب	ɣ a r iː b
نهائي	n i h aː ʔ i j j
ليرة	l a j r a
مقطر	m u q a tˤ tˤ i r
أعجوبة	ʔ u ʕ d͡ʒ uː b a
معقل	m a ʕ q i l
جيء	d͡ʒ a j ʔ
نساء	n a s aː ʔ
بوصير	b uː sˤ iː r
شنجار	ʃ a n d͡ʒ aː r
فيروز	f a j r uː z
مستشرق	m u s t a ʃ r i q
غافث	ɣ aː f a θ
الهند	a l h i n d
منبر	m i n b a r
قرصان	q u r sˤ aː n
عظيم	ʕ a ðˤ iː m
أردمون	ʔ a r d a m uː n
بقدونس	b a q d uː n a s
رزداق	r u z d aː q
ناسور	n aː s uː r
إسوة	ʔ i s w a
قفاز	q u f aː z
أهدى	ʔ a h d aː
حاشا	ħ aː ʃ aː
ظلف	ðˤ i l f
نمر	n a m i r
جربوع	d͡ʒ a r b uː ʕ
جزئي	d͡ʒ u z ʔ i j j
مومس	m uː m i s
سلامتك	s a l aː m t a k
بامية	b aː m i j a
عائشة	ʕ aː ʔ i ʃ a
اعوج	i ʕ w a d͡ʒ d͡ʒ a
منقرض	m u n q a r i dˤ
محمد	m a ħ m a d
سويسري	s u w iː s r i j j
طمث	tˤ a m θ
جرثوم	d͡ʒ u r θ uː m
بورسودان	b uː r s uː d aː n
غزال	ɣ a z aː l
سلطوي	s u l tˤ a w i j j
لبان	l u b aː n
نافورة	n aː f uː r a
سابيائي	s aː b i j aː ʔ i j j
استفرغ	i s t a f r a ɣ a
حصرم	ħ a sˤ r a m
لواط	l i w aː tˤ
عار	ʕ aː r
ورس	w a r a s
مقولة	m a q uː l a
شربوش	ʃ a r b uː ʃ
سعي	s a ʕ j
رقيق	r a q iː q
قشعريرة	q u ʃ a ʕ r iː r a
أصخر	ʔ a sˤ x a r a
شعيب	ʃ u ʕ a j b
عظمى	ʕ u ðˤ m aː
معبر	m a ʕ b a r
تحدى	t a ħ a d d aː
جلباب	d͡ʒ i l b aː b
أعتاب	ʔ a ʕ t aː b
استقلال	i s t i q l aː l
كناب	k i n aː b
فناء	f a n aː ʔ
احتاز	i ħ t aː z a
سبسب	s a b s a b
مثار	m u θ aː r
متواضع	m u t a w aː dˤ i ʕ
عجرفة	ʕ a d͡ʒ r a f a
وحل	w a ħ l
فرمل	f a r m a l a
وجنة	w a d͡ʒ n a
فيتق	f a j t a q
أركنساس	ʔ a r k a n s aː s
توجه	t a w a d͡ʒ d͡ʒ a h a
صهيوني	sˤ a h j uː n i j j
سرط	s a r a tˤ a
وهلة	w a h l a
شهاب	ʃ i h aː b
جاء	d͡ʒ aː ʔ a
عمان	ʕ a m m aː n
هذيان	h a ð a j aː n
أسمرة	ʔ a s m a r a
يونيو	j uː n i j uː
رقف	r a q a f
رداء	r i d aː ʔ
حاذق	ħ aː ð i q
مليق	m a l iː q
فريسة	f a r iː s a
مالق	m aː l a q
وجدة	w a d͡ʒ d a
بنفسج	b a n a f s a d͡ʒ
تململ	t a m a l m a l a
تواقف	t a w aː q a f a
شريان	ʃ a r j aː n
اكتفى	i k t a f aː
مشاورة	m u ʃ aː w a r a
معماري	m i ʕ m aː r i j j
بطرخ	b a tˤ r a x
قلل	q a l l a l a
تصادف	t a sˤ aː d a f a
حنبلي	ħ a n b a l i j j
جمان	d͡ʒ u m aː n
عنى	ʕ a n aː
صيد	sˤ a j d
مخفر	m a x f a r
اصطك	i sˤ tˤ a k k a
لطم	l a tˤ a m a
حكومة	ħ u k uː m a
برهة	b u r h a
غضاضة	ɣ a dˤ aː dˤ a
رشفة	r a ʃ f a
زوم	z uː m
كهرومغناطيسي	k a h r uː m i ɣ n aː tˤ iː s i j j
كره	k a r h
يوسف	j uː s i f
إهداء	ʔ i h d aː ʔ
زنزانة	z i n z aː n a
وقت	w a q a t
بليحا	b a l iː ħ aː
باقة	b aː q a
كفاح	k i f aː ħ
كادس	k aː d i s
ذنب	ð a n a b
صاحب	sˤ aː ħ i b
ساف	s aː f
جادل	d͡ʒ aː d a l a
أبش	ʔ a b a ʃ a
أوقية	ʔ uː q i j j a
أزب	ʔ a z a b b
بارد	b aː r i d
بركري	b a r k a r i j j
أبله	ʔ a b l a h
كهف	k a h f
اندفاع	i n d i f aː ʕ
نيجيريا	n iː d͡ʒ iː r i j aː
صهيونية	sˤ a h j uː n i j j a
قشدي	q i ʃ d i j j
زردخانة	z a r a d x aː n a
قشمير	q i ʃ m iː r
زميل	z a m iː l
معجزات	m u ʕ d͡ʒ i z aː t
غواصة	ɣ a w w aː sˤ a
كسيح	k a s iː ħ
سلة	s a l l a
ارتفع	i r t a f a ʕ a
مغناطيسية	m a ɣ n aː tˤ iː s i j j a
الفلبين	a l f i l i b b iː n
اتعاظ	i t t i ʕ aː ðˤ
رحيل	r a ħ iː l
قمح	q a m ħ
رأي	r a ʔ j
قشع	q a ʃ a ʕ a
أبهج	ʔ a b h a d͡ʒ a
ندبة	n a d b a
ممسح	m i m s a ħ
مطحنة	m a tˤ ħ a n a
فرث	f a r a θ a
ودج	w a d a d͡ʒ
مداومة	m u d aː w a m a
إرهابي	ʔ i r h aː b i j j
منهج	m a n h a d͡ʒ
أدهش	ʔ a d h a ʃ a
زفن	z a f a n a
أسبوع	ʔ u s b uː ʕ
أرومة	ʔ a r uː m a
جنطيانا	d͡ʒ a n tˤ i j aː n aː
اتفاق	i t t i f aː q
متجر	m a t d͡ʒ a r
بين	b a j n a
حيران	ħ a j r aː n
قوض	q a w w a dˤ a
تفادى	t a f aː d aː
هرنوة	h a r n u w a
خدش	x a d a ʃ a
هيبة	h a j b a
نقحر	n a q ħ a r a
نبذة	n u b ð a
شبيه	ʃ a b iː h
تزحلق	t a z a ħ l a q a
خربش	x a r b a ʃ a
سعدان	s a ʕ d aː n
فلسفة	f a l s a f a
يانصيب	j aː n a sˤ iː b
إصقنقور	ʔ i sˤ q a n q uː r
كفالة	k a f aː l a
شيهم	ʃ a j h a m
ابتلى	i b t a l aː
عبودية	ʕ u b uː d i j j a
دائرة	d aː ʔ i r a h
طبخة	tˤ a b x a
عران	ʕ i r aː n
ياء	j aː ʔ
اكتسب	i k t a s a b a
كدس	k a d a s a
مسيحي	m a s iː ħ i j j
فرهد	f a r h a d
شعبة	ʃ i ʕ b a
مخصصات	m u x a sˤ sˤ a sˤ aː t
عاشب	ʕ aː ʃ i b
صبحة	sˤ a b ħ a
خصوصي	x u sˤ uː sˤ i j j
دزينة	d a z z iː n a
باغت	b aː ɣ a t a
غلاء	ɣ a l aː ʔ
خيزران	x a j z u r aː n
وصيد	w a sˤ iː d
عنيف	ʕ a n iː f
جاب	d͡ʒ aː b a
شهادة	ʃ a h aː d a
صخدان	sˤ a x a d aː n
استهجان	i s t i h d͡ʒ aː n
غليون	ɣ a l j uː n
دارويني	d aː r w iː n i j j
تساقط	t a s aː q a tˤ a
كمان	k a m aː n
مجرفة	m i d͡ʒ r a f a
شحاذة	ʃ i ħ aː ð a
آخر	ʔ aː x a r
قائد	q aː ʔ i d
حصبة	ħ a sˤ b a
كرى	k a r aː
مبرة	m a b a r r a
دواسة	d a w w aː s a
اختلال	i x t i l aː l
نار	n aː r
جثة	d͡ʒ u θ θ a
أنيسون	ʔ a n iː s uː n
غلب	ɣ a l a b
فتخاء	f a t x aː ʔ
فدان	f a d d aː n
زمن	z a m a n
استفراغ	i s t i f r aː ɣ
طحال	tˤ i ħ aː l
شرشيري	ʃ a r ʃ iː r i j j
هطلس	h a tˤ a l l a s
بقي	b a q i j a
فعل	f a ʕ a l a
بطريك	b a tˤ r iː k
هبيد	h a b iː d
نفاخة	n u f f aː x a
إسكاف	ʔ i s k aː f
راء	r aː ʔ
حرير	ħ a r iː r
يوم	j a w m
منفور	m a n f uː r
صورة	sˤ uː r a
تخطى	t a x a tˤ tˤ aː
قلقطار	q a l q a tˤ aː r
تقدس	t a q a d d a s a
مستدير	m u s t a d iː r
اعتزام	i ʕ t i z aː m
اتحاد	i t t i ħ aː d
شيطاني	ʃ a j tˤ aː n i j j
وعدة	w a ʕ d a
دهشة	d a h ʃ a
فرن	f u r n
طفولة	tˤ u f uː l a
لينينية	l iː n iː n i j j a
حفيد	ħ a f iː d
إشفى	ʔ i ʃ f aː
تحاشى	t a ħ aː ʃ aː
دبلجة	d a b l a d͡ʒ a
ثمانون	θ a m aː n uː n
خطئ	x a tˤ i ʔ a
لهي	l a h i j a
أولى	ʔ a w l aː
مفرد	m u f r a d
اختنق	i x t a n a q a
جرو	d͡ʒ a r w
صحا	sˤ a ħ aː
جنينة	d͡ʒ u n a j n a
دبي	d i b b iː
باضع	b aː dˤ i ʕ
براغ	b r aː ɣ
زراعي	z i r aː ʕ i j j
لازوردي	l aː z u w a r d i j j
راجل	r aː d͡ʒ i l
إمامة	ʔ i m aː m a
رقبة	r a q a b a
تفاحة	t u f f aː ħ a
مخبول	m a x b uː l
مقارنة	m u q aː r a n a
جور	d͡ʒ a w r
فحم	f a ħ m
أشابة	ʔ u ʃ aː b a
سقيم	s a q iː m
صاج	sˤ aː d͡ʒ
أقر	ʔ a q a r r a
دفلى	d i f l aː
ليل	l a j l
الأردن	a l ʔ u r d u n
غبار	ɣ u b aː r
توفيق	t a w f iː q
آذريون	ʔ aː ð a r j uː n
إعراب	ʔ i ʕ r aː b
صفد	sˤ a f a d
باطني	b aː tˤ i n i j j
احتفال	i ħ t i f aː l
أدب	ʔ a d a b
طمى	tˤ a m aː
عصب	ʕ a sˤ a b a
أحيلى	ʔ u ħ a j l aː
خضخض	x a dˤ x a dˤ a
شاء	ʃ aː ʔ
رخيص	r a x iː sˤ
وزراء	w u z a r aː ʔ
بلاعة	b a l l aː ʕ a
حصاد	ħ a sˤ aː d
قداد	q a d aː d
زاح	z aː ħ a
عقلن	ʕ a q l a n a
جني	d͡ʒ i n n i j j
تلم	t a l a m
بلاذر	b a l aː ð i r
تأرجح	t a ʔ a r d͡ʒ a ħ a
راءى	r aː ʔ aː
طشقند	tˤ a ʃ q a n d
ملموم	m a l m uː m
ديناميكا	d iː n aː m iː k aː
زحف	z a ħ a f a
طما	tˤ a m aː
رئاسي	r i ʔ aː s i j j
دند	d a n d
قراد	q u r aː d
كنزة	k a n z a
أوريغون	ʔ uː r iː ɣ uː n
بزاق	b u z aː q
دمغة	d a m ɣ a
نواكشوط	n a w aː k ʃ uː tˤ
ترميم	t a r m iː m
نتف	n a t a f
فحص	f a ħ a sˤ a
أبث	ʔ a b a θ a
هول	h a w l
موقد	m a w q i d
مباراة	m u b aː r aː h
مرش	m a r a ʃ a
اقتضى	i q t a dˤ aː
أوضح	ʔ a w dˤ a ħ a
جبانات	d͡ʒ a b aː n aː t
خربز	x i r b i z
زايلفون	z aː j l u f uː n
مقداد	m i q d aː d
بلوة	b i l w a
بخت	b a x t
خصيب	x a sˤ iː b
هابيل	h aː b iː l
غنيمة	ɣ a n iː m a
سراق	s a r r aː q
صؤل	sˤ a ʔ u l a
مخاض	m a x aː dˤ
اختل	i x t a l l a
زوقال	z uː q aː l
مشرب	m a ʃ r a b
انزعاج	i n z i ʕ aː d͡ʒ
حنيف	ħ a n iː f
جسر	d͡ʒ i s r
عباءة	ʕ a b aː ʔ a
ساحلي	s aː ħ i l i j j
أغافث	ʔ a ɣ aː f i θ
وأد	w a ʔ a d a
ممرض	m u m a r r i dˤ
وصفة	w a sˤ f a
رمل	r a m l
مساحة	m a s s aː ħ a
إبريز	ʔ i b r iː z
بربري	b a r b a r i j j
إسحاق	ʔ i s ħ aː q
أصيص	ʔ a sˤ iː sˤ
كوسى	k uː s aː
أوقف	ʔ a w q a f a
منشار	m a n ʃ aː r
أكمون	ʔ a k m uː n
جريد	d͡ʒ a r iː d
تعس	t a ʕ a s a
ابرغش	i b r a ɣ a ʃ ʃ a
متماد	m u t a m aː d d
شدد	ʃ a d d a d a
عدمية	ʕ a d a m i j j a
حديقة	ħ a d iː q a
مريمية	m a r j a m i j j a
عقل	ʕ a q l
فنجنكشت	f a n d͡ʒ a n k u ʃ t
دهس	d a h a s a
اختصر	i x t a sˤ a r a
تخدر	t a x a d d a r a
شجا	ʃ a d͡ʒ aː
منون	m a n uː n
يسوع	j a s uː ʕ
أتقن	ʔ a t q a n a
ليث	l a j θ
معدات	m u ʕ a d d aː t
جلب	d͡ʒ a l a b
ثاودسيوس	θ aː w u d u s i j uː s
خشخاش	x a ʃ x aː ʃ
ناعم	n aː ʕ i m
استثناء	i s t i θ n aː ʔ
وضح	w a dˤ a ħ
آلة	ʔ aː l a
بشرة	b a ʃ a r a
تبرع	t a b a r r a ʕ a
لاسلطوية	l aː s u l tˤ a w i j j a
هوة	h u w w a
شيلثا	ʃ iː l θ aː
سهول	s u h uː l
مستقبلي	m u s t a q b a l i j j
نهب	n a h a b a
هجاء	h a d͡ʒ d͡ʒ aː ʔ
تناعس	t a n aː ʕ a s a
عرعر	ʕ a r ʕ a r
رسداق	r u s d aː q
عالي	ʕ aː l iː
فضح	f a dˤ a ħ a
جبل	d͡ʒ a b a l
فهرس	f i h r i s
شيء	ʃ a j ʔ
سقطرة	s u q u tˤ r a
جدار	d͡ʒ i d aː r
أمس	ʔ a m a s s a
مقاص	m a q aː sˤ sˤ
خلر	x u l l a r
وعليكم	w a ʕ a l a j k u m
استهلك	i s t a h l a k a
أوكلاهوما	ʔ uː k l aː h uː m aː
تبريز	t a b r iː z
مناخي	m a n aː x i j j
غاشم	ɣ aː ʃ i m
عمودي	ʕ a m uː d i j j
رمش	r a m a ʃ a
أيوب	ʔ a j j uː b
يشوع	j a ʃ uː ʕ
حطم	ħ a tˤ a m a
كراني	k a r r aː n i j j
قميحة	q a m iː ħ a
ازدان	i z d aː n a
دبغ	d a b a ɣ a
غبط	ɣ a b a tˤ a
كفى	k a f aː
مقطع	m a q tˤ a ʕ
أمازيغي	ʔ a m aː z iː ɣ i j j
إيران	ʔ iː r aː n
مضاربة	m u dˤ aː r a b a
نافذة	n aː f i ð a
مرقشيتا	m a r q a ʃ iː t aː
هريرة	h u r a j r a h
وبل	w a b a l a
فضول	f dˤ uː l
فوض	f a w w a dˤ a
أزأم	ʔ a z ʔ a m a
سنان	s i n aː n
هرول	h a r w a l
استئمارة	i s t i ʔ m aː r a
لثغة	l u θ ɣ a
سكون	s u k uː n
شلال	ʃ a l l aː l
بديهي	b a d iː h i j j
بلغاري	b u l ɣ aː r i j j
مقالة	m a q aː l a
طبقات	tˤ a b a q aː t
نساب	n a s s aː b
تكديس	t a k d iː s
مقاولة	m u q aː w a l a
مطرانية	m u tˤ r aː n i j j a
عصيان	ʕ i sˤ j aː n
عفيف	ʕ a f iː f
بيطرة	b a j tˤ a r a
فالودق	f aː l uː d a q
فجائي	f u d͡ʒ aː ʔ i j j
حنجري	ħ a n d͡ʒ a r i j j
سائح	s aː ʔ i ħ
أطل	ʔ a tˤ a l l a
مرتعب	m u r t a ʕ i b
عمل	ʕ a m a l
نافى	n aː f aː
فور	f a w r
شنع	ʃ a n n a ʕ a
نورج	n a w r a d͡ʒ
فوضى	f a w dˤ aː
هنيهة	h u n a j h a
ملعقة	m i l ʕ a q a
عشيرة	ʕ a ʃ iː r a
مواطنة	m u w aː tˤ a n a
إبيقوري	ʔ i b iː q uː r i j j
شخشيخة	ʃ u x ʃ iː x a
اقتصاد	i q t i sˤ aː d
بندقاني	b u n d u q aː n iː
بغاء	b i ɣ aː ʔ
مغرفة	m i ɣ r a f a
حالة	ħ aː l a
ضرة	dˤ a r r a
تعشيقة	t a ʕ i ʃ iː q a
عسكر	ʕ a s k a r
حرباء	ħ i r b aː ʔ
جنازة	d͡ʒ a n aː z a
ضمة	dˤ a m m a
شهوة	ʃ a h w a
ناخوذاة	n aː x uː ð aː h
مغنيسيا	m a ɣ n iː s i j aː
ضمور	dˤ u m uː r
ركن	r u k n
استخدم	i s t a x d a m a
أسياخ	ʔ a s j aː x
ثوم	θ uː m
استصح	i s t a sˤ a ħ ħ a
محيط	m u ħ iː tˤ
منفي	m a n f i j j
أشترغار	ʔ u ʃ t u r ɣ aː r
شراع	ʃ i r aː ʕ
أنكر	ʔ a n k a r a
احتقر	i ħ t a q a r a
إلحاق	ʔ i l ħ aː q
فقس	f a q a s a
مجادلة	m u d͡ʒ aː d a l a h
استمارة	i s t i m aː r a
زنبور	z a n b uː r
قراص	q u r r aː sˤ
استجاب	i s t a d͡ʒ aː b a
هنالك	h u n aː l i k a
أهلي	ʔ a h l i j j
أرز	ʔ a r a z z a
بغل	b a ɣ l
وسع	w a s i ʕ a
معقود	m a ʕ q uː d
هعخع	h u ʕ x u ʕ
رتينج	r a t iː n a d͡ʒ
غمود	ɣ u m uː d
توارى	t a w aː r aː
سلح	s a l a ħ a
جمانة	d͡ʒ u m aː n a
نياط	n i j aː tˤ
قابلة	q aː b i l a
سعال	s u ʕ aː l
رائب	r aː ʔ i b
مغلاق	m i ɣ l aː q
جاذبية	d͡ʒ aː ð i b i j j a
اشتباه	i ʃ t i b aː h
ردد	r a d d a d a
ازدهر	i z d a h a r a
صؤول	sˤ a ʔ uː l
نقطة	n u q tˤ a
مرقص	m a r q a sˤ
كلوتة	k a l l a w t a
جثجاث	d͡ʒ a θ d͡ʒ aː θ
تبشير	t a b ʃ iː r
استنفد	i s t a n f a d a
قفة	q u f f a
شعلة	ʃ u ʕ l a
بؤر	b u ʔ a r
شمشم	ʃ a m ʃ a m a
راقص	r aː q a sˤ a
قصيبة	q u sˤ a j b a
سلاطين	s a l aː tˤ iː n
فوضوي	f a w dˤ a w i j j
دغدغ	d a ɣ d a ɣ a
استدل	i s t a d a l l a
إسرنج	ʔ i s r i n d͡ʒ
حانوت	ħ aː n uː t
أباسخيرون	ʔ a b aː s x iː r uː n
كأس	k a ʔ s
أندر	ʔ a n d a r
دودة	d uː d a
زكريا	z a k a r i j j aː
تداعى	t a d aː ʕ aː
تقوض	t a q a w w a dˤ a
عربيزي	ʕ a r a b iː z i j j
استحضر	i s t a ħ dˤ a r a
كويكب	k u w a j k i b
أيهقان	ʔ a j h a q aː n
إريس	ʔ i r r iː s
باحث	b aː ħ a θ a
إدارة	ʔ i d aː r a
تغمى	t a ɣ a m m aː
استخرج	i s t a x r a d͡ʒ a
طبيبة	tˤ a b iː b a
سامور	s aː m uː r
استنتاج	i s t i n t aː d͡ʒ
أصفهان	ʔ a sˤ f a h aː n
أكثرية	ʔ a k θ a r i j j a
طالما	tˤ aː l a m aː
جذاب	d͡ʒ a ð ð aː b
جندية	d͡ʒ u n d i j j a
أغيد	ʔ a ɣ j a d
الكاميرون	a l k aː m iː r uː n
عمرة	ʕ u m r a
رقيب	r a q iː b
فرفيري	f i r f iː r i j j
رفس	r a f a s a
شوحة	ʃ uː ħ a
معجم	m u ʕ d͡ʒ a m
زحافة	z a ħ ħ aː f a
أنثوي	ʔ u n θ a w i j j
واقعة	w aː q i ʕ a
تدثر	t a d a θ θ a r a
حذلقة	ħ a ð l a q a
آمين	ʔ aː m iː n a
نموذجي	n a m uː ð a d͡ʒ i j j
عيد	ʕ a j j a d a
بصير	b a sˤ iː r
أمهل	ʔ a m h a l a
فودنج	f uː d a n a d͡ʒ
بطارخ	b a tˤ aː r i x
فيما	f iː m aː
حدوة	ħ a d w a
بسباس	b a s b aː s
أغلف	ʔ a ɣ l a f
قسيس	q i s s iː s
سمكة	s a m a k a
يافوخ	j aː f uː x
استغفر	i s t a ɣ f a r a
مشقة	m a ʃ a q q a
براين	b r aː j a n
تدريج	t a d r iː d͡ʒ
صوة	sˤ u w w a
إيا	ʔ i j j aː
مشحذ	m i ʃ ħ a ð
تنزانيا	t a n z aː n j aː
خطف	x a tˤ a f a
اتهم	i t t a h a m a
نبوغ	n u b uː ɣ
مزر	m i z r
جمع	d͡ʒ a m a ʕ a
ذئب	ð i ʔ b
محاضرة	m u ħ aː dˤ a r a
نسيم	n a s iː m
قطعة	q a tˤ a ʕ a
أتى	ʔ a t aː
سخبر	s a x b a r
انطلق	i n tˤ a l a q a
استثنائي	i s t i θ n aː ʔ i j j
واجهة	w aː d͡ʒ i h a
بعيثران	b a ʕ a j θ a r aː n
عثور	ʕ u θ uː r
منقار	m a n q aː r
أدبة	ʔ a d a b a
أصم	ʔ a sˤ a m m
رضوخ	r u dˤ uː x
اعتنى	i ʕ t a n aː
عشرات	ʕ a ʃ a r aː t
صدق	sˤ a d a q a
فلس	f a l a s a
أعصر	ʔ a ʕ sˤ a r a
اصطخم	i sˤ tˤ a x a m a
صداقة	sˤ a d aː q a
مضمار	m i dˤ m aː r
أرهب	ʔ a r h a b a
تعليق	t a ʕ l iː q
شهق	ʃ a h a q a
تمتم	t a m t a m a
تقزز	t a q a z z a z a
غلقة	ɣ a l q a
هانم	h aː n i m
إجباري	ʔ i d͡ʒ b aː r i j j
زرع	z a r a ʕ a
حربث	ħ u r b u θ
دعوة	d a ʕ w a
مورد	m a w r i d
طمأن	tˤ a m ʔ a n a
تشخيصي	t a ʃ x iː sˤ i j j
قاووش	q aː w uː ʃ
مقعدة	m a q ʕ a d a
جزع	d͡ʒ a z a ʕ a
اليسع	a l j a s a ʕ
شقة	ʃ a q q a
كمأ	k a m a ʔ
فالودج	f aː l uː d a d͡ʒ
مارس	m aː r a s a
أتون	ʔ a t t uː n
شركة	ʃ a r i k a
خلنجان	x a l a n d͡ʒ aː n
أفطس	ʔ a f tˤ a s
إجبار	ʔ i d͡ʒ b aː r
ضمران	dˤ a m r aː n
ضالين	dˤ aː l l iː n
برلمان	b a r l a m aː n
معاداة	m u ʕ aː d aː h
عصير	ʕ a sˤ iː r
شفة	ʃ a f a
هجرة	h i d͡ʒ r a
أشهل	ʔ a ʃ h a l
أحبك	ʔ u ħ i b b u k a
فراولة	f a r aː w i l a
صراط	sˤ i r aː tˤ
فاض	f aː dˤ a
مناعة	m a n aː ʕ a
سطوة	s a tˤ w a
مشرق	m a ʃ r i q
شمات	ʃ a m aː t
قبطان	q u b tˤ aː n
عطاط	ʕ a tˤ aː tˤ
شرسوف	ʃ u r s uː f
تلاشى	t a l aː ʃ aː
إناء	ʔ i n aː ʔ
صحح	sˤ a ħ ħ a ħ a
صدغ	sˤ a d ɣ
شاهدانق	ʃ aː h d aː n a q
لماذا	l i m aː ð aː
مفاجأة	m u f aː d͡ʒ a ʔ a
قرن	q a r a n a
هجليج	h a d͡ʒ l iː d͡ʒ
اتجه	i t t a d͡ʒ a h a
علامة	ʕ a l aː m a
معيار	m i ʕ j aː r
كستج	k a s t a d͡ʒ
قدوم	q a d d uː m
أشنان	ʔ u ʃ n aː n
فاجرة	f aː d͡ʒ i r a
وقود	w a q uː d
مميثا	m a m m iː θ aː
تقدم	t a q a d d a m a
مصعد	m i sˤ ʕ a d
رادف	r aː d a f a
شحاذ	ʃ a ħ ħ aː ð
انتهى	i n t a h aː
تاريخية	t aː r iː x i j j a
قيلولة	q a j l uː l a
باح	b aː ħ a
قذيفة	q a ð iː f a
سواكن	s a w aː k i n
قداحة	q a d d aː ħ a
كلخ	k a l x
ينع	j a n a ʕ a
زرزر	z u r z u r
محادثة	m u ħ aː d a θ a
بنجر	b a n d͡ʒ a r
بيرق	b a j r a q
مقود	m i q w a d
نهق	n a h a q a
لومي	l uː m i j j
كرج	k a r i d͡ʒ a
استعمر	i s t a ʕ m a r a
بيش	b iː ʃ
افترى	i f t a r aː
فتاة	f a t aː h
تصادم	t a sˤ aː d a m a
بهمن	b a h m a n
لاوس	l aː w s
داخل	d aː x a l a
لاتفي	l aː t f i j j
حجة	ħ i d͡ʒ d͡ʒ a
جحر	d͡ʒ u ħ r
قاء	q aː ʔ a
كذينق	k u ð iː n a q
الذي	a l l a ð iː
إعلامي	ʔ i ʕ l aː m i j j
إحصائي	ʔ i ħ sˤ aː ʔ i j j
أجل	ʔ a d͡ʒ a l
معلم	m a ʕ l a m
رجع	r a d͡ʒ a ʕ a
اقتاد	i q t aː d a
سقلاطون	s i q i l l aː tˤ uː n
شعبية	ʃ a ʕ b i j j a
استفسار	i s t i f s aː r
مزدهر	m u z d a h i r
تغلب	t a ɣ a l l a b a
حرج	ħ a r i d͡ʒ a
شتاء	ʃ i t aː ʔ
مخبأ	m a x b a ʔ
إلياس	ʔ i l j aː s
أصفاد	ʔ a sˤ f aː d
أوحل	ʔ a w ħ a l a
حشيش	ħ a ʃ iː ʃ
جعل	d͡ʒ a ʕ a l a
قفلوط	q a f a l uː tˤ
سنوت	s a n n uː t
غلا	ɣ a l aː
تصبصب	t a sˤ a b sˤ a b a
زرقطونا	z a r q a tˤ uː n aː
هبد	h a b d
رائس	r aː ʔ i s
استضاف	i s t a dˤ aː f a
عوج	ʕ i w a d͡ʒ
خرطال	x a r tˤ aː l
جيد	d͡ʒ a j j i d
بصل	b a sˤ a l
يتيم	j a t iː m
خفى	x a f aː
استعارة	i s t i ʕ aː r a
علم	ʕ a l a m
شيعة	ʃ iː ʕ a
معارضة	m u ʕ aː r a dˤ a
إرتريا	ʔ i r i t r i j aː
ملقن	m u l a q q i n
مغلق	m i ɣ l a q
فصيل	f a sˤ iː l
عدالة	ʕ a d aː l a
تنظيم	t a n ðˤ iː m
حديد	ħ a d iː d
نكاح	n i k aː ħ
اشتق	i ʃ t a q q a
يهوه	j a h w a h
فرجون	f i r d͡ʒ a w n
عطارد	ʕ u tˤ aː r i d
باطس	b aː tˤ u s
جنين	d͡ʒ a n iː n
معروف	m a ʕ r uː f
شاكرة	ʃ aː k i r a
سجستان	s a d͡ʒ i s t aː n
كوخ	k uː x
مكسور	m a k s uː r
سلبي	s a l b i j j
مكمل	m u k a m m a l
صفن	sˤ a f a n
وتدي	w a t a d i j j
عاصف	ʕ aː sˤ i f
دردق	d a r d a q
أرخبيل	ʔ a r x a b iː l
تربية	t a r b i j a
كعك	k a ʕ k
تأمور	t a ʔ m uː r
صحصح	sˤ a ħ sˤ a ħ
طرخون	tˤ a r x uː n
اتهام	i t t i h aː m
دون	d a w w a n a
جولق	d͡ʒ a w l a q
ملحن	m u l a ħ ħ i n
تذمر	t a ð a m m a r a
سريع	s a r iː ʕ
انفتح	i n f a t a ħ a
مراكش	m u r r aː k u ʃ
سروال	s i r w aː l
سقمونيا	s a q a m uː n i j aː
هود	h a w d
غيبة	ɣ a j b a
رحى	r a ħ aː
زحل	z u ħ a l
صعيد	sˤ a ʕ iː d
بضعة	b i dˤ ʕ a
بوسكورة	b uː s k uː r a
لبلاب	l a b l aː b
ثقبة	θ u q b a
غاص	ɣ aː sˤ a
كوسا	k uː s aː
ومض	w a m a dˤ a
الوداع	a l w a d aː ʕ
برقوق	b a r q uː q
رقم	r a q m
محادث	m u ħ aː d a θ
جلس	d͡ʒ a l a s a
عيادة	ʕ i j aː d a
وثيقة	w a θ iː q a
قيطون	q a j tˤ uː n
اقتسم	i q t a s a m a
درأ	d a r a ʔ a
وقع	w a q a ʕ a
مشجب	m i ʃ d͡ʒ a b
عرين	ʕ a r iː n
كوالا	k u w aː l aː
صغير	sˤ a ɣ iː r
بخص	b a x a sˤ
يعني	j a ʕ n iː
مستعرب	m u s t a ʕ r i b
مديرة	m u d iː r a
مشعاع	m i ʃ ʕ aː ʕ
مثنوية	m a θ n a w i j j a
رغيفة	r a ɣ iː f a
إدريس	ʔ i d r iː s
أجلح	ʔ a d͡ʒ l a ħ
انسجام	i n s i d͡ʒ aː m
ميويزج	m a j w iː z a d͡ʒ
قطة	q i tˤ tˤ a
ابتذل	i b t a ð a l a
رجينة	r a d͡ʒ iː n a
غمامة	ɣ a m aː m a
مدقة	m i d a q q a
أهيف	ʔ a h j a f
ضمخ	dˤ a m a x a
مسابقة	m u s aː b a q a
مجراف	m i d͡ʒ r aː f
رتيلاء	r u t a j l aː ʔ
موحش	m uː ħ i ʃ
نيلج	n a j l a d͡ʒ
قابلية	q aː b i l i j j a
مقدونس	m a q d uː n i s
فؤاد	f u ʔ aː d
تمنى	t a m a n n aː
كاذب	k aː ð i b
الأرض	a l ʔ a r dˤ
رافعة	r aː f i ʕ a
جذام	d͡ʒ u ð aː m
لبى	l a b b aː
أبيدجان	ʔ a b iː d d͡ʒ aː n
الجمعة	a l d͡ʒ u m a ʕ a
سكران	s a k r aː n
أعل	ʔ a ʕ a l l a
مخمل	m u x m a l
مغسلة	m a ɣ s a l a
سفود	s a f f uː d
طيفور	tˤ a j f uː r
مالك	m aː l i k
زمجر	z a m d͡ʒ a r a
أسس	ʔ a s s a s a
فوتنج	f uː t a n a d͡ʒ
مطار	m a tˤ aː r
ثابت	θ aː b i t
كبكب	k a b k a b a
ترجمة	t a r d͡ʒ a m a
أعطى	ʔ a ʕ tˤ aː
بطانة	b i tˤ aː n a
أحسن	ʔ a ħ s a n
مذاق	m a ð aː q
اشتاق	i ʃ t aː q a
أنعل	ʔ a n ʕ u l
نصاب	n a sˤ sˤ aː b
أرضة	ʔ a r a dˤ a
انشق	i n ʃ a q q a
متسامح	m u t a s aː m i ħ
عالمي	ʕ aː l a m i j j
قعد	q a ʕ a d a
ماحق	m aː ħ i q
حيطة	ħ a j tˤ a
سنط	s a n tˤ
أعتن	ʔ a ʕ t a n a
سندس	s u n d u s
ديبوذ	d a j b uː ð
ابتل	i b t a l l a
كراويا	k a r aː w i j aː
دثر	d a θ r
لأن	l i ʔ a n n a
صنارة	sˤ i n aː r a
إيريناوس	ʔ iː r iː n aː w u s
أنعم	ʔ a n ʕ a m
ارتعش	i r t a ʕ a ʃ a
إقامة	ʔ i q aː m a
زربطانة	z a r b a tˤ aː n a
أمسوخ	ʔ u m s uː x
حرقوص	ħ a r q uː sˤ
لؤلؤ	l u ʔ l u ʔ
برذون	b i r ð a w n
اعتقل	i ʕ t a q a l a
حجن	ħ a d͡ʒ a n a
دنر	d a n n a r a
سلجم	s a l d͡ʒ a m
بهر	b a h a r a
خلقي	x a l l i q iː
مصدق	m u sˤ a d d a q
البهاما	a l b a h aː m aː
مصاب	m a sˤ aː b b
مسطح	m u s a tˤ tˤ a ħ
بحار	b a ħ ħ aː r
بحر	b a ħ a r
إعلان	ʔ i ʕ l aː n
منالاوس	m i n aː l aː w u s
هالك	h aː l i k
تراجيديا	t r aː d͡ʒ iː d j aː
لقمة	l u q m a
طول	tˤ a w l
تفرغ	t a f a r r a ɣ a
ستارة	s i t aː r a
غطس	ɣ a tˤ a s a
طربوش	tˤ a r b uː ʃ
سلام	s a l aː m
زانية	z aː n i j a
لذلك	l i ð aː l i k a
ضوء	dˤ a w ʔ
تطوان	t a tˤ w aː n
غرور	ɣ u r uː r
قذارة	q a ð aː r a
فدائي	f i d aː ʔ i j j
قاوق	q aː w u q
درياق	d i r j aː q
رياضة	r i j aː dˤ a
معمل	m a ʕ m a l
أزعج	ʔ a z ʕ a d͡ʒ a
غرق	ɣ a r i q a
اشهل	i ʃ h a l l a
لبوس	l a b uː s
شرقي	ʃ a r q i j j
كمء	k a m ʔ
حورس	ħ uː r u s
صيخود	sˤ a j x uː d
صأل	sˤ a ʔ a l a
طلب	tˤ a l a b
زفر	z a f a r a
سيرج	s a j r a d͡ʒ
فسقية	f a s q i j j a
فسافس	f a s aː f i s
تصميم	t a sˤ m iː m
مصنع	m a sˤ n a ʕ
سوس	s a w i s a
كاعب	k aː ʕ i b
أمهري	ʔ a m h a r i j j
فردي	f a r d i j j
ظرفية	ðˤ a r f i j j a
شموخ	ʃ u m uː x
حنجرة	ħ a n d͡ʒ a r a
قاعة	q aː ʕ a
أكشف	ʔ a k ʃ a f a
رتيلة	r u t a j l a
فتة	f a t t a
نارجيل	n aː r a d͡ʒ iː l
عليق	ʕ u l l a j q
دشداشة	d i ʃ d aː ʃ a
خيزان	x iː z aː n
مقدر	m u q a d d a r
تباطأ	t a b aː tˤ a ʔ a
سلطانية	s u l tˤ aː n i j j a
كوبا	k uː b aː
قوق	q uː q
ثقيل	θ a q iː l
ركلات	r a k a l aː t
أبريل	ʔ a b r iː l
حدد	ħ a d d a d a
خيمة	x a j m a
اعتاض	i ʕ t aː dˤ a
نقض	n a q a dˤ a
أغار	ʔ a ɣ aː r a
أسطمة	ʔ u s tˤ u m m a
مقدار	m i q d aː r
إندونيسي	ʔ i n d uː n iː s i j j
زمانذاك	z a m aː n a ð aː k a
نهار	n a h aː r
بتليس	b i t l iː s
سفارة	s i f aː r a
قشف	q a ʃ i f a
انشقاق	i n ʃ i q aː q
فأس	f a ʔ s
قرقع	q a r q a ʕ a
إيثار	ʔ iː θ aː r
إسكتلندا	ʔ i s k u t l a n d aː
إصبع	ʔ i sˤ b a ʕ
منافس	m u n aː f i s
منتخب	m u n t a x a b
دراسي	d i r aː s i j j
اشهلال	i ʃ h i l aː l
تسعة	t i s ʕ a
إملاء	ʔ i m l aː ʔ
فالود	f aː l uː d
طنجير	tˤ a n d͡ʒ iː r
هذه	h aː ð i h
إرادي	ʔ i r aː d i j j
تزامن	t a z aː m a n a
شاور	ʃ aː w a r a
قتلة	q a t l a h
برذعة	b a r ð a ʕ a
خزانة	x i z aː n a
تصغير	t a sˤ ɣ iː r
سئم	s a ʔ i m a
غرد	ɣ a r a d
قرصعنة	q a r sˤ a ʕ a n n a
رتيل	r u t a j l
مرقاق	m i r q aː q
استقتل	i s t a q t a l a
سليقة	s a l iː q a
بسبايج	b a s b aː j a d͡ʒ
سعة	s a ʕ a
تراب	t u r aː b
مفتعل	m u f t a ʕ a l
أخصائي	ʔ a x i sˤ sˤ aː ʔ i j j
رقابة	r a q aː b a
مرسم	m a r s a m
تناقض	t a n aː q a dˤ a
