balairung	b a . ˈl a i̯ . r ʊ ŋ
gen	ˈɡ ɛ n
kapas	ˈk a . p a s
eceran	ˈɛ t͡ʃ ɛ r a n
nasabah	n a ˈs a b a h
emas	ə m a s
vokal	ˈv o . k a l
bobot	ˈb o . b ɔ t̚
peremajaan	p ə . r ə . m a . ˈd͡ʒ a . a n
instrumental	ɪ n . s t r u . ˈm ɛ n . t a l
mu	m u
bajing	ˈb a . d͡ʒ ɪ ŋ
tenge	ˈt e ŋ e
senter	ˈs ɛ n t ə r
juag	ˈd͡ʒ u a k̚
arit	a . r i t
lajak	ˈl a d͡ʒ a k̚
rahayu	r a ˈh a j u
gatal	ɡ a . t a l
antarpemain	a n t a r p ə ˈm a ɪ n
pleidoi	ˈp l e i . d o i̯
administratur	a t̚ m i n ɪ s t r a t ʊ r
agar	ˈa ɡ a r
pendarahan	p ə n . d a . ˈr a h . a n
pameget	p a . m ə . ɡ ə t
ancai	ˈa n t͡ʃ a i̯
akil	a . k ɪ l
angai	ˈa ŋ a i̯
sentralistis	s ɛ n t r a ˈl ɪ s t ɪ s
hadirat	h a ˈd i r a t̚
negeri	n ə ɡ ə r i
pronomina	p r o . n o . ˈm i . n a
perjaka	p ə r . ˈd͡ʒ a . k a
lansia	l a n ˈs i a
wasana	w a ˈs a n a
pengawasan	p ə ŋ a ˈw a s a n
dolfin	ˈd ɔ l . f i n
pekerti	p ə k ə r ˈt i
bersedia	a b o n ə m ɛ n
vetsin	v ɛ t . ʃ i n
anehe	ˈa n e h e
masyarakat	m a ʃ a ˈr a k a t̚
selalu	s ə l a l u
keadilan	k ə ˈa d ɪ l a n
abilah	ˈa b i l a h
pengungsi	p ə ŋ . ˈʊ ŋ . s i
eco	ˈe . t͡ʃ o
kempis	k ə m ˈp ɪ s
sandung	ˈs a n d ʊ ŋ
amo	ˈa m o
ustaz	ˈʊ s t a z
anggrang	ˈa ŋ . ɡ r a ŋ
malem	m a . l ə m
dansa	d a n . s a
amonga	ˈa m o ŋ a
nyiur	ˈɲ j u r
lengah	ˈl ɛ ŋ a h
amfibi	a m ˈf i b i
tahap	ˈt a . h a p
awur	ˈa w ʊ r
deduksi	d e ˈd ʊ k s i
bam	ˈb a m
perak	ˈp e . r a k
tegap	t ə ˈɡ a p̚
wudu	ˈw u . d u
reanimasi	r e a n i m a s i
sembrono	s ə m . ˈb ə̆ r o . n o
damkar	d a m . k a r
peka	ˈp e . k a
amah	a m a h
voli	ˈv o . l i
obesitas	o b ɛ . s i . t a s
pinta	ˈp i n t a
meninggali	m ə ˈn i ŋ . ɡ a ˈl i
laher	l a . h ə r
polen	ˈp o l ə n
kegiatan	k ə . ɡ i . ˈa t . a n
riba	ˈr i b a
berbahasa	b ə r b a ˈh a s a
mengalir	m ə ŋ . ˈa . l ɪ r
lelang	ˈl ɛ l a ŋ
kumico	k u . m i . t͡ʃ o
kehidupan	k ə . h i . ˈd ʊ p . a n
membunuh	m ə m b u n ʊ h
padri	p a d r i
sijil	s i d͡ʒ ɪ l
masjid	ˈm a s d͡ʒ ɪ t̚
pencitraan	p ə ŋ t͡ʃ i ˈt r a a n
lengkung	l ə ŋ . ˈk ʊ ŋ
tindas	ˈt ɪ n d a s
perengkahan	p ə . r ə ŋ . ˈk a h . a n
suci	s u . t͡ʃ i
bodok	ˈb o d ɔ k̚
antigen	a n . ˈt i . ɡ ɛ n
elektrode	ɛ . l ɛ k . t r o . d e
audite	a u̯ . ˈd i . t e
defile	d e ˈf i l e
kuil	k u ɪ l
puri	p u . r i
burung	ˈb u . r ʊ ŋ
balur	ˈb a l ʊ r
azan	ˈa z a n
paleontologi	p a . l e . ɔ n . t o . ˈl o . ɡ i
kultivar	k ʊ l . ˈt i . v a r
kerosin	k e ˈr o s ɪ n
makan	m a . k a n
bangsa	b a ŋ . s a
romo	ˈr o m o
galer	ɡ a . l e r
banyak	b a ɲ a k
deplesi	d e ˈp l e s i
tipu	t i . p u
itu	ˈi t u
kenceng	k ə n . t͡ʃ ə ŋ
pulut	ˈp u l ʊ t̚
imam	i . m a m
kopi	k o . p i
hantu	ˈh a n . t u
menganiayai	m ə ŋ a n i a j a i
derita	d ə . r i . t a
torsi	t o r . s i
beradab	b ə r ˈa d a p̚
pembangkang	p ə m ˈb a ŋ k a ŋ
mama	ˈm a m a
hemisfer	h e ˈm i . s f ɛ r
kruk	k r ʊ k
bapak	b a p a ʔ
oligarkis	o . l i . ˈɡ a r . k ɪ s
stasioner	s t a s i ˈo n ɛ r
batur	ˈb a t ʊ r
langka	ˈl a ŋ k a
penanggalan	p ə n a ŋ ˈɡ a l a n
stasi	s t a s i
lintasan	l ɪ n . ˈt a s . a n
amali	a . ˈm a . l i
pendukung	p ə n ˈd u k ʊ ŋ
awat	a . w a t
siram	ˈs i . r a m
perut	p ə . ˈr ʊ t̚
yakin	ˈj a k ɪ n
materai	m a . t ə . r a i
videografer	v i d e o ˈɡ r a f ə r
babango	b a . ˈb a . ŋ o
solidaritas	s o . l i . d a . ˈr i . t a s
ancumcum	a n ˈt͡ʃ ʊ m t͡ʃ ʊ m
makaroni	m a . k a . ˈr o . n i
pengguna	p ə ŋ ˈɡ u n a
abur	ˈa b ʊ r
gakari	ɡ a . k a . r i
kuliah	k u ˈl i a h
contoh	ˈt͡ʃ ɔ n t ɔ h
e	e
amau	a b u
bisban	ˈb ɪ s b a n
telur	t ə ˈl u r
poros	ˈp ɔ . r ɔ s
pembinaan	p ə m b i ˈn a a n
dinamis	d i ˈn a m ɪ s
dargah	ˈd a r ɡ a h
spesies	s p ɛ . ˈs i . ɛ s
resistansi	r e s ɪ s ˈt a n s i
risalah	r i ˈs a l a h
hembus	h ə m ˈb u s
veteriner	v ɛ . t ə . ˈr i . n ɛ r
anghun	a ŋ . h u n
teh	ˈt ɛ h
ekskursi	ɛ k s ˈk ʊ r s i
kastanya	k a s . ˈt a . ɲ a
imperialisme	ɪ m p ɛ r i a ˈl ɪ s m ə
bangku	ˈb ä ŋ . k u
mengamankan	m ə ŋ ˈa m a n k a n
taaruf	t a a r u f
L	ɛ l
pemda	p ə m ˈd a
alawatae	a l a ˈm ɛ t e
mager	ˈm a ɡ ə r
pengelasan	p ə ŋ ə ˈl a s a n
kor	ˈk ɔ r
menghasilkan	m ə ŋ h a s i l k a n
lateral	l a . t ə . ˈr a l
urita	u ˈr i t a
sepeda	s ə ˈp ɛ . d a
baiduri	b a i̯ . d u . r i
laki	ˈl a k i
Injil	ˈɪ n . d͡ʒ ɪ l
abir	ˈa b ɪ r
apanase	a p a ˈn a s ə
segitiga	s ə . ɡ i . t i . ɡ a
semak	s ə ˈm a ʔ
bacot	b a ˈc o t
pemberontakan	p ə m b ə r ɔ n ˈt a k a n
sensitivitas	s ɛ n s i t i ˈv i t a s
orangtua	o . r a ŋ . t u . a
kapitan	k a ˈp i t a n
faring	ˈf ä . r i ŋ
tagih	ˈt a ɡ ɪ h
antimikroba	a n t i m i ˈk r o b a
obrol	ˈɔ b r ɔ l
aanwijzing	a n . w ɛ i . z ɪ ŋ
terjemahan	t ə r d͡ʒ ə ˈm a h a n
terwelu	t ə r ˈw ɛ . l u
ramalan	r a . ˈm a l . a n
parang	ˈp a r a ŋ
adenoma	a . d e . n o . m a
sabi	s a . b i
semir	s ə ˈm i r
kardiolog	k a r . d i . ˈo . l ɔ k
memberi	m ə m b ə r i
kardiogram	k a r . d i . ˈo . ɡ r a m
berus	b ə ˈr ʊ s
halia	h a l i a
antofilia	a n . t o . f i . ˈl i . a
fantastis	f a n ˈt a s t ɪ s
bumi	b u m i
keramat	k ə ˈr a m a t̚
ortu	o r . t u
jarum	ˈd͡ʒ a r u m
hiperaktivitas	h i . p ə r . a k . t i . ˈv i . t a s
kandelir	k a n . d ə . ˈl ɪ r
alfa	ˈa l . f a
plak	p l a k
DIY	d e i ˈj e
petik	p ə . ˈt ɪ k
mendung	m ə n d u ŋ
engkau	ə ŋ k a u̯
subyek	s u b . j ɛ k
tua	t u . a
membata	m ə m ˈb a t a
waktu	w a k . t u
makmum	ˈm a ʔ m ʊ m
hakam	ˈh a . k a m
harimau	h a ˈr i m a u̯
sudut	ˈs u . d ʊ t
nalam	ˈn a l a m
cantik	t͡ʃ a n . t i k
pemulangan	p ə . m u . ˈl a ŋ . a n
suara	s u . ˈw ä . r ä
eksponen	ɛ k s . ˈp o . n ɛ n
autotrof	a u̯ . t o . t r o f
anting	a n t i ŋ
pajanan	p a . ˈd͡ʒ a n . a n
berbicara	b ə r b i t͡ʃ a r a
anua	a . ˈn u . a
degenerasi	d e ɡ e n ə ˈr a s i
korporal	k ɔ r . ˈp o . r a l
bersihan	b ə r . ˈs ɪ h . a n
perjanjian	p ə r . d͡ʒ a n . ˈd͡ʒ i . a n
determinisme	d e . t ɛ r . m ɪ n . ˈɪ s . m ə
alat	a l a t
kuartal	k u a r t a l
tempat	t ə m p a t
tabal	ˈt a . b a l
penanda	p ə n a n d a
prioritas	p r i o ˈr i t a s
pelumas	p ə ˈl u m a s
malik	ˈm a . l ɪ ʔ
telaah	t ə . l a . ʔ a h
anyam	ˈa ɲ a m
tempel	ˈt ɛ m p ɛ l
ampilalas	a m p i ˈl a l a s
sutra	s u . t r a
langcia	l a ŋ . t͡ʃ i a̯
gelora	ɡ ə l o r a
gergasi	ɡ ə r . ˈɡ a . s i
mana	m a . n a
alir	ˈa . l ɪ r
Sarawak	s a ˈr a w a ʔ
cowok	t ʃ o . w o ʔ
sempoa	s ə m p o a
bak	b a k
warsa	ˈw a r . s a
sinse	s i n . s e
konsumerisme	k ɔ n s u m ɛ r ˈɪ s m ə
membawa	m ə m ˈb a w a
mudah	m u d a h
jangan	d͡ʒ a ŋ a n
antor	ˈa n t ɔ r
monsun	m u n s o n
kandung	ˈk a n d ʊ ŋ
sendratari	s ə n . d r a . t a . r i
sendawa	s ə n . d a . w a
enzim	ˈɛ n . z ɪ m
abam	ˈa b a m
menjaga	m ə n ˈd͡ʒ a ɡ a
berak	b ɛ . r a k
termin	t ə r ˈm ɪ n
wasabi	w a ˈs a b i
kumpulan	k ʊ m ˈp ʊ l a n
selada	s a l a d a
amerta	a m ə r . t a
parlemen	p a r l ə ˈm ɛ n
heterogenitas	h e . t e . r o . ɡ e . ˈn i . t a s
altitudo	a l t i ˈt u d o
persada	p ə r . s a . d a
kawanan	k a ˈw a n a n
nabi	ˈn a b i
handasah	h a n ˈd a s a h
alpa	a l . p a
permukaan	p ə r . m u . k a . a n
cendana	t͡ʃ ə n . d a . n a
kumpul	ˈk ʊ m p ʊ l
tsuru	ʃ u . r u
lantama	l a n ˈt a m a
mulai	m u . l a i̯
pasraman	p a s . r a . m a n
magang	ˈm a . ɡ a ŋ
takraw	ˈt a k̚ . r a w
bencong	b ɛ n . t͡ʃ o ŋ
perasaan	p ə r a ˈs a a n
amoa	ˈa m o a̯
Allah	ɑ l l ɑ h
tir	ˈt ɪ r
kau	k a u̯
karunia	k a r u n i a̯
siomai	s i ˈo m a j
konjungtiva	k ɔ n d͡ʒ ʊ ŋ ˈt i v a
tempura	t ə m . p u . r a
akrilamida	a k r i l a ˈm i d a
tebang	t ə . ˈb a ŋ
bhayangkara	b a . j a ŋ . k a . r a
tamadun	t a . ˈm a . d ʊ n
kesukaran	k ə . s u . ˈk a r . a n
kaji	k a d͡ʒ i
hedonisme	h e . d o . n i s . m ə
reduksionisme	r e . d ʊ k . s i . o . ˈn ɪ s . m ə
arhir	ˈa r . h ɪ r
bibit	ˈb i b ɪ t̚
Nyepi	ɲ ə ˈp i
target	ˈt a r ɡ ɛ t̚
ambyur	ˈa m bʲ ʊ r
ulam	ˈu . l a m
kabur	k a . b ʊ r
pulau	ˈp u l a u̯
lomba	ˈl ɔ m b a
kesenjangan	k ə . s ə n . d͡ʒ a ŋ . a n
bayang	ˈb a . j a ŋ
papir	ˈp a p ɪ r
Anda	ˈa n d a
bengkel	ˈb ɛ ŋ k ɛ l
andalas	a n . ˈd a . l a s
provos	ˈp r o v ɔ s
tempeleng	t ə m . ˈp e . l ɛ ŋ
lupa	l u . p a
permutasi	p ə r m u ˈt a s i
belanjaan	b ə ˈl a n . d͡ʒ a ʔ a n
ana	a n a
gletser	ˈɡ l ɛ t s ə r
margarin	m a r ˈɡ a r ɪ n
lengkuas	l ə ŋ . ˈk u . a s
tepat	t ə . p a t
fatwa	ˈf a t . w a
babu	ˈb a b u
alami	ˈa l a m i
selaka	s ə . ˈl a . k a
mendengar	m ə n . d ə . ŋ a r
pantat	ˈp a n t a t̚
babo	ˈb a . b o
aliah	a l i a h
adiafora	a d i a ˈf o r a
taat	ˈt a . ʔ a t̚
standardisasi	s t a n . d a r . d i . s a . s i
afsun	ˈa f s ʊ n
saudara	s a u̯ d a r a
Naufal	n a u . f a l
sumuran	s u ˈm u r a n
biara	b i . a . r a
tantangan	t a n ˈt a ŋ a n
bahwa	b a h . w a
mengemban	m ə ŋ ə m ˈb a n
molekuler	m o . l ə . ˈk u . l ɛ r
persen	p ə r ˈs ɛ n
prabu	p r a . b u
dakwaan	d a ʔ ˈw a a n
berat	b ə ˈr a t
menemukan	m ə n ə ˈm u k a n
prasangka	p r a ˈs a ŋ k a
empiris	ɛ m ˈp i r ɪ s
ketinggalan	k ə ˈt i ŋ . ɡ a . l a n
ponsel	p o n s ɛ l
handuk	h a n d ʊ k̚
dayah	ˈd a j a h
lampak	ˈl a m p a k̚
amleng	ˈa m . l ə ŋ
amben	ˈa m b ə n
isama	i s a m a
bogi	ˈb o . ɡ i
wadah	ˈw a . d a h
soba	s o . b a
slogan	s ə̆ l o . ɡ a n
gagal	ˈɡ a . ɡ a l
kartun	k a r t u n
celaan	t͡ʃ ə ˈl a a n
JPU	d͡ʒ e ˈp e u
laskar	l a s ˈk a r
sabun	ˈs a b ʊ n
cenderasa	t͡ʃ ə n . d ə . r a . s a
C	t͡ʃ e
kredo	ˈk r e . d o
peluk	p ə l ʊ k
membulat	m ə m ˈb u l a t
amporo	a m ˈp o r o
berambang	b ə . ˈr a m . b a ŋ
difusi	d i ˈf u s i
warak	ˈw a . r a k
ergonomi	e r ɡ o ˈn o m i
diberhentikan	d i b ə r h ə n ˈt i k a n
anjing	ˈa n d͡ʒ i ŋ
romusa	r o . m u . s a
ayo	a ˈj o
praktek	ˈp r a k̚ t ɛ k̚
nira	n i . r a
tirani	t i . ˈr a . n i
katun	ˈk a t u n
grahita	ɡ r a . h i . t a
impresum	ɪ m ˈp r ɛ s ʊ m
maktub	ˈm a k t u b
asonisoni	a . s o . n i . ˈs o . n i
reputasi	r e p u ˈt a s i
Januari	d͡ʒ a . n u . ˈa . r i
toko	ˈt o . k o
pecut	p ə . ˈt͡ʃ ʊ t
gempita	ɡ ə m . p i . t a
cecer	ˈt͡ʃ e . t͡ʃ ɛ r
peres	ˈp ɛ . r ɛ s
sambilan	s a m . ˈb ɪ l . a n
himpunan	h ɪ m ˈp ʊ n a n
terpanjang	t ə r ˈp a n d͡ʒ a ŋ
cabul	ˈt͡ʃ a . b ʊ l
fonem	ˈf o n ɛ m
usul	ˈu s ʊ l
kenyataan	k ə . ɲ a . ˈt a . a n
demang	d ə ˈm a ŋ
hambatan	h a m ˈb a t a n
waja	ˈw a d͡ʒ a
ri	r i
pintu	ˈp ɪ n t u
ahin	ˈa h ɪ n
Rabu	r a . b u
pengusaha	p ə ŋ u ˈs a h a
toto	t o t o
apakah	a p a . k a h
timbang	ˈt ɪ m . b a ŋ
tuwung	ˈt ʊ w ʊ ŋ
menatapi	m ə . n a . t a p . i
waralaba	w a r a ˈl a b a
penguatan	p ə ŋ u ˈa t̚ a n
keruh	k ə ˈr ʊ h
aktivitas	a k̚ t i v i t a s
prasada	p r a . s a . d a
granat	ɡ r a . n a t̚
taun	ˈt a . ʊ n
asuhan	a . ˈs ʊ h . a n
Yogyakarta	j o ɡ j a k a r t a
anjul	ˈa n d͡ʒ ʊ l
kegagalan	k ə . ɡ a . ˈɡ a l . a n
biro	b i . r o
tertinggal	t ə r ˈt ɪ ŋ ɡ a l
parut	ˈp a . r ʊ t
banua	ˈb a n u a̯
kucing	ˈk u t͡ʃ ɪ ŋ
mantan	ˈm a n t a n
halusinasi	h a l u s i ˈn a s i
informatif	ɪ n f ɔ r ˈm a t ɪ f
tentu	t ə n ˈt u
avtur	ˈa f t ʊ r
folklor	ˈf ɔ l ʔ . l ɔ r
lama	l a . m a
hama	ˈh a m a
Indo	ˈɪ n d o
staf	s t a f
sandang	ˈs a n d a ŋ
uskup	u s . k ʊ p
mengurutkan	m ə ŋ u ˈr u t k a n
anjiman	a n ˈd͡ʒ i m a n
soleh	ˈs o . l ɛ h
tahi	t a . h i
swasta	s w a s t a
Callista	ˈk a l i s t a
baki	ˈb a k i
lapang	l a p a ŋ
asinkronus	a . s ɪ n . ˈk r ɔ n . ʊ s
menyiarkan	m ə ɲ i a r k a n
bangau	ˈb a ŋ a u̯
mantri	m a n t ə r i
kanstin	ˈk a n . s t ɪ n
prakiraan	p r a . k i . ˈr a . a n
diperkeruh	d i p ə r k ə ˈr ʊ h
ancut	ˈa n . t͡ʃ ʊ t
pemompaan	p ə m ɔ m ˈp a a n
Finlandia	f ɪ n ˈl a n d i a̯
penuntut	p ə . n u n . t ʊ t
ameto	a . ˈm e . t o
loper	l o . p ə r
pemeriksaan	p ə m ə r ɪ k ˈs a a n
memperburuk	m ə m p ə r ˈb u r ʊ k̚
juta	d͡ʒ u t a
tahun	ˈt a . h ʊ n
argo	ˈa r . ɡ o
infeksius	ɪ n . f ɛ k . ˈs i . ʊ s
mendam	m ə n . ˈd a m
daidanco	d a i . d a n . t͡ʃ o
reforestasi	r e f o r ɛ s ˈt a s i
aruna	ˈa r u n a
asat	ˈa s a t̚
ketentuan	k ə t ə n ˈt u a n
kebo	k ə ˈb o
sanggul	s a ŋ . ɡ ʊ l
balo	ˈb a l o
bahaya	b a ˈh a j a
PM	ˈp e ɛ m
rumput	ˈr ʊ m p ʊ t̚
adaptif	ˈa d a p . t ɪ f
beri	b ə r i
benduan	b ə n . ˈd u . a n
fluida	f l u ˈi d a
calon	ˈt͡ʃ a . l o n
nahas	ˈn a h a s
inventaris	ɪ n . v ɛ n . ˈt a . r ɪ s
audiometer	a u̯ . d i . o . ˈm e . t ə r
altar	ˈa l t a r
kardiovaskular	k a r d i o v a s ˈk u l a r
teokrasi	t e o ˈk r a s i
celapa	t͡ʃ ə . l a . p a
amahatua	a m a ˈh a t u a̯
tirta	t i r . t a
sangat	s a . ŋ a t
perintah	p ə ˈr ɪ n t a h
asalamualaikum	a s . s a . ˌl a m . m u . a . l a j ˈk u m
kring	k r ɪ ŋ
riadat	r i ˈa d a t̚
ribu	ˈr i b u
asin	ˈa s ɪ n
eksplikatif	ɛ k s p l i ˈk a t ɪ f
kompet	ˈk ɔ m p ɛ t̚
memasak	m ə ˈm a s a k̚
qanun	q a n u n
patahan	p a ˈt a h a n
dosin	ˈd o . s i n
agresi	a ɡ . r ɛ . s i
Belarusia	b e l a ˈr u s i a̯
pelembapan	p ə . l ə m . ˈb a p . a n
instrumentasi	ɪ n . s t r u . m ɛ n . ˈt a . s i
marhabanan	m a r h a ˈb a n a n
semangka	s ə . m a ŋ . k a
frekwensi	f r e k . w ɛ n . s i
alumpa	ˈa l ʊ m p a
kopitiam	k o p i t i a m
satwa	ˈs a t̚ w a
persenyawaan	p ə r s ə ɲ a ˈw a a n
saputangan	ˈs ä p u ˌt ä ŋ a n
lestari	l ə s . ˈt a . r i
wajah	ˈw a . d͡ʒ a h
lihat	l i h a t̚
tukul	ˈt u . k ʊ l
arjer	ˈa r . d͡ʒ ɛ r
chindo	t͡ʃ i n d o
m	ɛ m
aborigin	a . b o . r i . ɡ ɪ n
alanggaya	a l a ŋ ˈɡ a j a
dramatis	d r a ˈm a t ɪ s
Denmark	ˈd ɛ n m a r k
salpeter	s a l . p ɛ . t ə r
yubileum	j u b i ˈl e ʊ m
bendahari	b ə n . d a . h a . r i
skalar	s k a . l a r
samudra	s a ˈm u d r a
litigasi	l i . t i . ˈɡ a . s i
hadiah	h a ˈd i j a h
epos	ˈe . p ɔ s
BNN	b e ˈɛ n ɛ n
arbor	ˈa r b ɔ r
mengabadi	m ə ŋ . a . b a . d i
zakar	ˈz a k a r
awet	ˈa . w ɛ t
berangkat	b ə . r a ŋ . k a t
eklips	ɛ k . l i p s
nyanyi	ɲ a ɲ i
maju	ˈm a . d͡ʒ u
baftah	ˈb a f t a h
kenan	k ə . ˈn a n
rusak	r u . s a k̚
tamat	ˈt a m a t̚
komplementer	k ɔ m . p l ə . ˈm ɛ n . t ɛ r
sedang	s ə ˈd a ŋ
ideologi	i d e o ˈl o ɡ i
paro	ˈp a r o
luwes	ˈl u w ə s
puputan	p u . ˈp ʊ t . a n
ipar	ˈi p a r
turunan	t u ˈr u n a n
investor	ɪ n . ˈv ɛ s . t ɔ r
antariksawan	a n t a r ɪ k s a w a n
KHS	k a ˈh a ɛ s
mizab	ˈm i z a p̚
alas	a . l a s
Skotlandia	s k ɔ t ˈl a n d i a̯
jenasah	d͡ʒ ə ˈn a s a h
aporia	a . p o . ˈr i . a
hipernim	h i p ə r ˈn ɪ m
kastil	k a s . t ɪ l
aslosin	a s . ˈl o . s ɪ n
syahbandar	ʃ a h . b a n . d a r
jurang	ˈd͡ʒ u . r a ŋ
tiri	ˈt i r i
TPS	t e . ˈp e . ɛ s
cabai	ˈt͡ʃ a b a j
anggara	a ŋ ˈɡ a r a
kait	ˈk a ɪ t̚
anido	ˈa n i d o
mertua	m ə r ˈt u a̯
balugut	b a ˈl u ɡ ʊ t̚
anau	ˈa n a u̯
kembang	k ə m ˈb a ŋ
sentosa	s ə n . t o . s a
resep	r ə ˈs ɛ p
kilap	ˈk i l a p̚
analitis	a n a ˈl i t ɪ s
datu	ˈd a t u
digdaya	d i ɡ . d a . j a
arloji	a r l o d͡ʒ i
patriarkat	p a . t r i . ˈa r . k a t̚
darma	d a r . m a
apologia	a p o ˈl o ɡ i a̯
duta	d u . t a
laknat	ˈl a k n a t̚
inflasi	ɪ n . ˈf l a . s i
pap	p a p
ekstrinsik	ɛ k s . ˈt r ɪ n . s ɪ k
eksplorasi	ɛ k s p l o ˈr a s i
ayeuh	a ˈj ɤ h
ansambel	a n ˈs a m b ə l
mengabsen	m ə ŋ . a p . s e n
bausastra	b a . u . s a s . t r a
anyir	a ɲ ɪ r
terpal	t ə r ˈp a l
mayit	ˈm a j i t̚
tatap	t a . t a p̚
darah	ˈd a r a h
angsongar	a ŋ ˈs o ŋ a r
sekali	s ə . k a . l i
belajar	b ə . l a . d͡ʒ a r
aviditas	a . v i . ˈd i . t a s
romansa	r o ˈm a n s a
komisi	k o ˈm i . s i
digali	ˈd i . ɡ a l i
sabo	s a . b o
atan	ˈa t a n
nila	n i . l a
koneksi	k o n ɛ k s i
tar	t a r
diode	d i ˈo d ə
marhaban	m a r ˈh a b a n
lanca	l a n . t͡ʃ a
pengen	p ɛ . ŋ ɛ n
perkataan	p ə r . k a . ˈt a . a n
kakak	k a . k a ʔ
zalir	ˈz a l i r
anuhuai	a . n u . ˈh u . a i̯
erotis	ˈɛ r o t ɪ s
amar	ˈa m a r
kurung	ˈk u . r ʊ ŋ
paru	ˈp ä . r u
sapa	ˈs a . p a
satori	s a . t o . r i
faktor	ˈf a k̚ t ɔ r
siomay	ˈs j o m a j
vulkanologi	f u l k a n o ˈl o ɡ i
swafoto	s w a . f o . t o
sarung	s a r ʊ ŋ
puas	ˈp u a s
dedak	d ə . ˈd a k
rantau	ˈr a n . t a u̯
perhatian	p ə r . h a . ˈt i . a n
pahala	p a . h a . l a
angpao	a ŋ . p a o
mengingat	m ə ŋ ˈɪ ŋ a t̚
pekerjaan	p ə . k ə r . d ʒ a . ʔ a n
endap	ə n . ˈd a p
pangkal	ˈp a ŋ k a l
diferensial	d i . f e . r ɛ n . ˈs i . a l
rokok	ˈr o k o ʔ
gravitasi	ɡ r a v i ˈt a s i
hilang	h i l a ŋ
inset	i n s ɛ t
taksaka	t a k ˈs a k a
belum	b ə ˈl ʊ m
yen	j ɛ n
panduan	p a n . ˈd u . a n
mencium	m ə ɲ t͡ʃ i u m
lalat	ˈl a . l a t̚
gelita	ɡ ə l i t a
kusta	k ʊ s t a
observasi	ɔ p̚ . s ə r . ˈv a . s i
pengumuman	p ə ŋ u ˈm ʊ m a n
mengendalikan	m ə . ŋ ə n . d a . l i . k a n
dana	d a . n a
berlibur	b ə r ˈl i b ʊ r
magis	ˈm a . ɡ ɪ s
cara	t͡ʃ a . r a
peradilan	p ə r . a . ˈd ɪ l . a n
sponsor	ˈs p ɔ n . s ɔ r
gravir	ˈɡ r a . v ɪ r
persatuan	p ə r s a ˈt u a n
abiseka	a b i . s e . k a
alasan	ˈa l a s a n
andurabian	a n d u r a ˈb i a n
kernet	k ə r ˈn ɛ t̚
Waruna	w a . r u . n a
alewar	ˈa l e w a r
Belarus	b e ˈl a r ʊ s
unta	ˈʊ n t a
seudati	s ɘ ˈd a t i
ꦲꦤ	ɔ n ɔ
tempur	t ə m ˈp ʊ r
terowongan	t ə r o ˈw ɔ ŋ a n
penghulu	p ə ŋ . ˈh u . l u
gada	ɡ a d a
semalem	s ə . m a . l ə m
KPR	k a . ˈp e . ɛ r
amanra	ˈa m a n r o
cagar	ˈt͡ʃ a . ɡ a r
anumerta	a n u . m ə r . t a
turus	ˈt u . r ʊ s
gunseikan	ɡ u n . s e i . k a n
algoritmik	a l ɡ o ˈr ɪ t̚ m ɪ k̚
timbal	ˈt ɪ m b a l
prei	p r e i
kamuflase	k a m u f l a s ə
dunia	d u . n i . a
andir	ˈa n d ɪ r
peringatan	p ə r ˈɪ ŋ a t̚ a n
tenggeret	t ə ŋ ˈɡ ɛ r ɛ t
antunga	a n . ˈt u . ŋ a
mangkat	ˈm a ŋ k a t̚
lokalisir	l o k a l i s ɪ r
laksana	l a k s a n a
anggong	ˈa ŋ ɡ ɔ ŋ
iklan	ˈɪ k l a n
sarasehan	s a . r a . ˈs ɛ h . a n
meritokratis	m e . r i . t o . ˈk r a . t ɪ s
bea	ˈb e a̯
antesis	a n ˈt e s ɪ s
abu	a b u
penganggaran	p e ŋ . a ŋ . ˈɡ a r . a n
antidotum	a n . t i ˈd o . t ʊ m
bendel	b ə n ˈd ə l
ikhlas	i x l a s
hasad	ˈh a s a t̚
aksara	a k . s a . r a
pejagalan	p ə . d͡ʒ a . ˈɡ a l . a n
margin	ˈm a r . ɡ ɪ n
ambataron	a m b a ˈt a r ɔ n
ompol	ˈo m . p o l
bakpau	b a k . p a ʊ̯
bina	ˈb i n a
menampilkan	m ə n a m p i l k a n
balik	ˈb a l ɪ k̚
deaminasi	d e a m i ˈn a s i
vibrasi	v i . ˈb r a . s i
simak	ˈs i m a ʔ
pemrograman	p ɛ m r o ˈɡ r a m a n
uban	ˈu . b a n
arif	ˈa r ɪ f
evaluasi	ɛ v a l u ˈa s i
menyerahkan	m ə ɲ ə r a h k a n
lakon	ˈl a k ɔ n
vasodilatasi	v a s o d i l a ˈt a s i
vasokonstriksi	v a s o k ɔ n s ˈt r ɪ k s i
makasih	m a . k a . s ɪ h
autokrasi	a u t o k r a s i
aci	a t͡ʃ i
flop	ˈf l ɔ p̚
iktibar	ɪ ʔ ˈt i b a r
merusak	m ə r u s a ʔ
bahtera	b a h . t ə . r a
harga	h a r . ɡ a
turun	ˈt u . r ʊ n
semenanjung	s ə m ə ˈn a n d͡ʒ ʊ ŋ
gempa	ɡ ə m ˈp a
dorongan	d ɔ ˈr ɔ ŋ a n
dawet	ˈd a . w ə t
ankanan	a n ˈk a n a n
tato	ˈt a t o
apsara	a p . s a . r a
aliran	a . ˈl ɪ r . a n
ampot	ˈa m p ɔ t̚
terburuk	t ə r ˈb u r ʊ k̚
angkrok	ˈa ŋ k r ɔ k̚
apoking	a . ˈp o . k ɪ ŋ
pramulansia	p r a . m u . l a n . s i a
antardesa	a n t a r ˈd ɛ s a
sekat	s ə . ˈk a t̚
akatopi	a k a ˈt o p i
istibra	ɪ s ˈt ɪ p r a ʔ
publikasi	p u b l i ˈk a s i
busana	b u . s a . n a
kardiologis	k a r . d i . o . ˈl o . ɡ ɪ s
angkasawan	a ŋ k a s a w a n
penerimaan	p ə . n ə . r i . ˈm a . a n
karak	ˈk a . r a k
kasar	ˈk a . s a r
sakelar	s a . k ə . l a r
wewenang	w ə . w ə . ˈn a ŋ
aksiomatik	a k . s i . o . ˈm a . t ɪ k
mengumpamakan	m ə ŋ u m p a m a k a n
tandang	ˈt a n . d a ŋ
lapis	ˈl a . p ɪ s
lipur	l i . p ʊ r
lebar	ˈl e b a r
kenek	k ə ˈn ɛ k
wangsa	w a ŋ . s a
adat	a . d a t
mungkir	ˈm u ŋ k i r
maestro	m a . ˈɛ s . t r o
ponpes	ˈp ɔ n p ə s
Surabaya	s u r a ˈb a j a
pelacur	p ə . l a . t͡ʃ ʊ r
dasar	ˈd a s a r
guna	ɡ u n a
roman	ˈr o . m a n
kelahiran	k ə . l a . ˈh ɪ r . a n
gangsa	ˈɡ a ŋ . s a
aniaya	a n i . a . j a
bohong	b o . h o ŋ
teraniaya	t ə r a n i a j a
lempira	l e m ˈp i r a
penyesuaian	p ə ɲ ə s u ˈa i̯ a n
ampul	a m . p ʊ l
adpis	ˈa t̚ p ɪ s
erti	ə r . t i
wizurai	w i ˈz u r a i̯
kurawa	k u ˈr a w a
ekor	ɛ . k o r
daerah	d a ˈɛ r a h
kutang	k u . t a ŋ
suami	ˈs u a̯ . m i
kafilah	k a ˈf i l a h
AS	ˈa . ɛ s
kebugaran	k ə . b u . ˈɡ a r . a n
bahu	ˈb ä . h u
mawas	ˈm a w a s
sa	s a
henti	h ə n̪ . ˈt̪ i
seko	s e . k o
tegak	t ə ˈɡ a k̚
joli	ˈd͡ʒ o l i
monarki	m o ˈn a r k i
resmi	r ə s . m i
zalim	ˈz a l ɪ m
takal	ˈt a . k a l
takut	t a . k u t
ajaran	a d͡ʒ a r a n
cangklek	ˈt͡ʃ a ŋ k l e k̚
dikti	ˈd ɪ k̚ t i
sri	s ə r i
amudi	ˈa m u d i
d	d e
bakwan	b a ʔ w a n
butana	b u . t a . n a
idap	ˈɪ d a p̚
pelarian	p ə . l a . ˈr i . a n
surga	ˈs ʊ r ɡ a
kelembapan	k ə . l ə m . ˈb a p . a n
utara	u t a r a
rames	ˈr a . m ə s
ovum	ˈɔ v ʊ m
sana	ˈs a n a
menayangkan	m ə n a j a ŋ k a n
pekan	p ə k a n
Habil	h a b ɪ l
Shinto	ʃ i n . t o
heng	h ɛ ŋ
pelepasan	p ə l ə ˈp a s a n
jang	ˈj a ŋ
KTP	k a t ɛ ˈp ɛ
kelar	k ə . l a r
Mbojo	ˈm b o j o
serundeng	s ə . ˈr ʊ n . d ɛ ŋ
penganiaya	p ə ŋ a n i a j a
kuilu	k u ˈi . l u
krans	ˈk r a n s
anangkolaki	a n a ŋ k o ˈl a k i
tabu	ˈt a b u
arti	a r . t i
kebakaran	k ə ˈb a . k a ˈr a n
elang	ˈə l a ŋ
lapuk	ˈl a p u k
peranti	p ə ˈr a n t i
intonasi	ɪ n t o ˈn a s i
ketahanan	k ə t a ˈh a n a n
kokoh	ˈk o k ɔ h
Batam	ˈb a t a m
gap	ˈɡ a p
kewajiban	k ə w a ˈd͡ʒ i b a n
amputan	a m ˈp ʊ t a n
kardiovaskuler	k a r d i o v a s ˈk u l ɛ r
metana	m ɛ . t a . n a
kofte	ˈk ɔ f t e
antok	ˈa n t ɔ k̚
mengenai	m ə ŋ ə n a i
fatamorgana	f a t a m ɔ r ˈɡ a n a
belom	b ə . l o m
sake	s a . k e
bersama	b ə r s a m a
luang	ˈl u a ŋ
askese	a s k e s ə
s'lalu	s l a . l u
anamolepo	a n a m o ˈl e p o
dawat	ˈd a w a t̚
BNPT	b e ɛ n ˈp e t e
belantara	b ə . l a n . t a . r a
amati	a . ˈm a . t i
mayat	ˈm a j a t̚
bumbung	ˈb u m b u ŋ
paha	ˈp a h a
angin	ˈa ŋ i n
kitas	k i . t a s
anak	a . n a k
apen	ˈa p ə n
pelepah	p ə . l ə . ˈp a h
ider	i d ə r
amiug	ˈa m i ʊ k̚
suket	ˈs u k ə t̚
proklamasi	p r o k l a ˈm a s i
A	a
benih	b ə n ɪ h
indekos	i n d ə ˈk ɔ s
parsimoni	p a r . s i . ˈm o . n i
Anatolia	a . n a . t o . ˈl i . a
bobrok	b o . b r ɔ k
advisor	a t . ˈv i . s ɔ r
hidrogen	h i d r o ɡ ɛ n
unggul	u ŋ ɡ ʊ l
jeneng	ˈd͡ʒ ɛ . n ɛ ŋ
keibodan	k e i . b o . d a n
l	ɛ l
seremoni	s e . r e . m o . n i
kelambu	k ə ˈl a m b u
hijrah	h i d͡ʒ r a h
tutorial	t u . t o . ˈr i . a l
kajur	ˈk a d͡ʒ u r
peraturan	p ə r a t u r a n
estafet	ɛ s . t a . f ɛ t
angsang	ˈa ŋ s a ŋ
mempengaruhi	m ə m . p ə . ŋ a . r u h . i
doyo	d o . j o
silet	ˈs i l ɛ t̚
beruang	b ə ˈr u a̯ ŋ
tamatan	t a ˈm a t̚ a n
mag	ˈm ɑ h
membantah	m ə m . b a n . t a h
babaun	b a . ˈb a . ʊ n
sertifikat	s e r t i f i k a t
bilateral	b i . l a . t ə . ˈr a l
bidan	b i . d a n
sulfur	ˈs ʊ l . f ʊ r
afiliator	a f i l i ˈa t ɔ r
awaagama	a . w a . a . ˈɡ a . m a
Oktober	ɔ k̚ . ˈt o . b ə r
lokalisasi	l o k a l i s a s i
Jatim	ˈd͡ʒ a t i m
cakalang	t͡ʃ a . ˈk a . l a ŋ
kers	ˈk ɛ r s
Ahad	ˈa h a t̚
anfal	a n . f a l
serong	ˈs ɛ r ɔ ŋ
November	n o . ˈv ɛ m . b ə r
gaz	ˈɡ a z
wihara	w i . h a . r a
argiria	a r ˈɡ i r i a̯
sekong	s e . k o ŋ
romusya	r o . m u . ʃ a
sanggah	ˈs a ŋ ɡ a h
sipil	s i p ɪ l
lulusan	l u ˈl ʊ s a n
datuk	ˈd a t ʊ k̚
meraja	m ə r a d͡ʒ a
biwara	b i . ˈw a . r a
layang	ˈl a . j a ŋ
propana	p r o . p a . n a
udon	u . d o n
polah	ˈp o l a h
pelanggar	p ə . ˈl a ŋ . ɡ a r
timah	ˈt i m a h
karateka	k a . r a . t e . k a
dosa	d o s a
arababu	a r a ˈb a b u
kesegarisan	k ə . s ə . ɡ a . ˈr ɪ s . a n
bunting	b ʊ n . t ɪ ŋ
awota	ˈa w o . t a
timpang	ˈt ɪ m . p a ŋ
geng	ɡ ɛ ŋ
perdata	p ə r ˈd a t a
abortus	ˈa b ɔ r t̪ ʊ s
Antartika	a n t a r ˈt i k a
ganti	ɡ a n . t i
tenggelam	t ə ŋ ɡ ə ˈl a m
hayat	h a . j a t̚
D	d e
majelis	m a ˈd͡ʒ ə l ɪ s
resleting	r e s . l ɛ . t i ŋ
merubah	m ə ˈr u b a h
rembesan	r ə m b ə s ˈa n
radius	r a ˈd i ʊ s
redundansi	r e . d ʊ n . ˈd a n . s i
meninggal	m ə ˈn ɪ ŋ ɡ a l
garuda	ɡ a ˈr u d a
berketombe	b ə r k ə ˈt ɔ m b e
terorisme	t e . r ɔ r . ˈɪ s . m ə
adorasi	a . d o . ˈr a . s i
piktogram	p ɪ k . ˈt o . ɡ r a m
cam	ˈt͡ʃ a m
sasana	s a . s a . n a
pelan	p ə ˈl a n
andem	ˈa n d ə m
huruf	ˈh u r ʊ f
budi	b u . d i
falak	ˈf a l a k̚
toksin	ˈt ɔ k . s ɪ n
termoregulasi	t ɛ r . m o . r e . ɡ u . ˈl a . s i
idealisme	i . d e . a l . ˈɪ s . m ə
wol	ˈw o l
bersih	b ə r s ɪ h
khawatir	x a ˈw a t ɪ r
bendahara	b ə n . d a . h a . r a
lang	ˈl a ŋ
gita	ɡ i . t a
rembes	ˈr ɛ m b ɛ s
candra	t͡ʃ a n . d r a
kiai	ˈk i a i̯
y	j e
bajaj	ˈb a . d ʒ a i̯
tunang	ˈt u . n a ŋ
dorong	d o r o ŋ
menggarisi	m ə ŋ . ɡ a . r i s . i
oase	o ˈa s ə
kapanewon	k a . p a . n e . w ɔ n
pelatih	p ə ˈl a t ɪ h
brahmana	b r a h ˈm a n a
asesmen	a s ɛ s m ə n
pembakuan	p ə m . b a . ˈk u . a n
Turki	ˈt u r k i
dong	ˈd ɔ ŋ
awak	a w a k
sayur	s a j u r
giro	ɡ i r o
ditangkap	d i ˈt a ŋ k a p̚
tenggorok	t̪ ə ŋ . ˈɡ o . r o k̚
tiris	ˈt i r i s
lensa	l ɛ n s a
publisitas	p u b l i ˈs i t a s
kepada	k ə ˈp a d a
letjend	l ə t ˈd͡ʒ ə n d
binawah	b i ˈn a w a h
mampu	m a m p u
berantas	b ə ˈr a n t a s
penyederhanaan	p ə . ɲ ə . d ə r . h a . ˈn a . a n
tadah	ˈt a d a h
farsakh	ˈf a r s a x
kaf	k a f
kaftan	ˈk a f t a n
eling	ˈe . l ɪ ŋ
perunggu	p ə . ˈr ʊ ŋ . ɡ u
bibi	ˈb i b i
duka	d u . k a
badare	b a . ˈd a . r ə
pelapukan	p ə . l a . ˈp ʊ k . a n
sensei	s e n . s e i
kwasiorkor	k w a s i ˈɔ r k ɔ r
persneling	p ə r . s n e . l i ŋ
impuls	ˈɪ m . p ʊ l s
membeli	m ə m . b e . l i
tindakan	t ɪ n . d a . k a n
lima	ˈl i . m ä
industri	ɪ n . ˈd ʊ s . t r i
hechting	h ɛ k̚ t ɪ ŋ
mangkuk	ˈm a ŋ k ʊ k̚
gula	ˈɡ u . l a
honje	ˈh ɔ n d͡ʒ e
kemanusiaan	k ə m a n u ˈs i a̯ a n
mastautin	m a s ˈt a u̯ t ɪ n
sosialisme	s o s i a l ˈɪ s m ə
goban	ɡ o . b a n
kelab	k ə l a b
KTT	k a . ˈt e . t e
manti	ˈm a n t i
linier	l i ˈn i ɛ r
tajin	t a . d͡ʒ ɪ n
limit	ˈl i m ɪ t̚
kitab	ˈk i . t a p̚
arapota	a . r a . ˈp o . t a
Bibel	ˈb i . b ə l
puja	p u . d͡ʒ a
taksir	ˈt a k̚ s ɪ r
parah	ˈp a r a h
seterika	s ə . t ə . r i . k a
rakyat	ˈr a k j a t
harmonisasi	h a r . m o . n i . ˈs a . s i
wicara	w i . t͡ʃ a . r a
itas	i t a s
balikan	b a l i k a n
kimus	ˈk i m ʊ s
o	o
riol	ˈr i . ɔ l
gejala	ɡ ə . ˈd͡ʒ a . l a
jasuke	d͡ʒ a ˈs u k e
mahram	ˈm a h r a m
baya	b a . j a
KTSP	k a t e ˈɛ s p e
penerapan	p ə . n ə . ˈr a p . a n
indra	i n . d r a
spesifik	s p ɛ ˈs i f ɪ k̚
teriyaki	t ɛ . r i . j a . k i
ambu	ˈa m b u
efektif	ˈɛ f ɛ k̚ t ɪ f
apokdim	a . ˈp ɔ ʔ . d ɪ m
paroki	p a . r o . k i
instrumen	ɪ n . ˈs t r u . m ɛ n
finansial	f i n a n ˈs i a l
apek	a . p ɛ k
apa	a p a
Khairunnisa	ˈx a i r u n i s a
anggi	ˈa ŋ ɡ i
ken	k ɛ n
simpangan	s ɪ m . ˈp a ŋ . a n
memimpin	m ə ˈm ɪ m p ɪ n
akselerasi	a k s e l ə ˈr a s i
baronsai	b a . r o n . s a i̯
populasi	p o p u ˈl a s i
nyonya	ɲ o ɲ a
bad	ˈb a t̚
atur	ˈa t ʊ r
PHBS	p e h a ˈb e ɛ s
badek	ˈb a . d ə k
muda	m u . d a
intipan	ɪ n ˈt ɪ p̚ a n
anoda	a . n o . d a
lusin	ˈl u s i n
kelapa	k ə ˈl a p a
benar	ˈb e . n a r
serdadu	s ə r ˈd a d u
eigendom	e i . ɡ ə n . d o m
kekasih	k ə ˈk a s ɪ h
hibah	ˈh i b a h
letak	l ə ˈt a ʔ
berkap	b ə r ˈk a p̚
kebupatian	k ə b u p a ˈt i a n
adempauze	a d ə m . p a u̯ . z ə
kuwu	ˈk u . w u
jurnalisme	d͡ʒ ʊ r . n a . ˈl ɪ s . m ə
artropoda	a r t r o ˈp o d a
dingin	d i ŋ ɪ n
gading	ɡ a . d i ŋ
bantahan	b a n ˈt a h a n
perpanjangan	p ə r p a n ˈd͡ʒ a ŋ a n
a	a
syabas	ˈʃ a . b a s
gereja	ɡ ə ˈr ɛ d͡ʒ a
makanan	m a k a . n a n
Bengkulu	b ə ŋ ˈk u l u
perdarahan	p ə r . d a . ˈr a h . a n
dijelaskan	d i d͡ʒ ə ˈl a s k a n
deforestasi	d e . f o . r ə s . ˈt a . s i
seperti	s ə p ə r t i
kencana	k ə n . t͡ʃ a . n a
amanat	ˈa m a n a t̚
auban	a u . b a n
terima	t ə ˈr i m a
adodui	ˈa d o d u i̯
terung	t ə . ˈr ʊ ŋ
simposium	s ɪ m . p o . ˈs i . ʊ m
tangguh	ˈt a ŋ ɡ ʊ h
baktau	b a k . t a ʊ̯
telepon	t e ˈl e p ɔ n
setempat	s ə t ə m ˈp a t̚
ijazah	ˈɪ d͡ʒ a z a h
bazar	b a . z a r
aplaus	a p . l a . u s
fasakh	ˈf a s a ʔ
blumbak	ˈb l ʊ m b a k̚
rumus	ˈr u m ʊ s
ancala	a n t͡ʃ a l a
Nyonya	ɲ o ɲ a
ḍiri	a b o n ə m ɛ n
lobang	ˈl o b a ŋ
canggih	t͡ʃ a ŋ . ɡ i h
toksikologi	ˈt ɔ k . s i . k o . ˈl o . ɡ i
performer	p ə r ˈf ɔ r m ə r
nirkarat	n i r k a r a t
pirus	ˈp i r ʊ s
jelita	d͡ʒ ə l i t a
syahadat	ʃ a ˈh a . d a t̚
kumulatif	k u m u ˈl a t ɪ f
nafiri	n a ˈf i r i
arbei	a r . b e i̯
perasat	p ə . ˈr a . s a t
verano	v e ˈr a n o
handal	h a n d a l
polimer	p o . ˈl i . m ɛ r
sehat	s ɛ h a t̚
x	ɛ k s
bruder	b r u d ə r
teokratis	t e o ˈk r a t ɪ s
musang	ˈm u s a ŋ
ranjang	ˈr a n . d͡ʒ a ŋ
sanak	s a . n a ʔ
terbit	t ə r ˈb ɪ t̚
tensi	t ɛ n s i
ibukota	i . b u . k o . t a
sarkas	ˈs a r k a s
ditemukan	d i t ə ˈm u k a n
transparansi	t r a n s p a ˈr a n s i
coker	ˈt͡ʃ o k ə r
iktidal	ɪ ʔ ˈt i d a l
ampal	ˈa m p a l
punya	ˈp u ɲ a
biliun	b i ˈl i ʊ n
kebut	k ə ˈb ʊ t̚
disposisi	d i s . p o . s i . s i
seka	ˈs ɛ k a
maklumat	m a ʔ ˈl u m a t̚
kompi	ˈk ɔ m p i
adenopati	a . d ə . n o . ˈp a . t i
ambekpati	a m b ə k̚ ˈp a t i
onderdil	o n . d ə r . d i l
angsana	a ŋ ˈs a n a
I	i
sabit	ˈs a b ɪ t̚
pangkat	ˈp a ŋ k a t̚
ayun	ˈa j ʊ n
umbi	ˈʊ m . b i
perbani	p ə r . ˈb a . n i
akademi	a k a . d e . m i
cuitan	t͡ʃ u ˈɪ t̚ a n
raba	ˈr a b a
madrasah	m a d ˈr a s a h
lues	l u . e s
sabar	ˈs a b a r
bawang	ˈb a w a ŋ
Saka	s a k a
defleksi	d e . ˈf l ɛ k . s i
inspirasi	ɪ n s p i ˈr a s i
aib	aʲ i b
jala	d͡ʒ a l a
penjahat	p ə n ˈd͡ʒ a h a t̚
etik	ˈɛ t ɪ k
panekuk	p a . n ə . k u k
biologis	b i o ˈl o ɡ ɪ s
averoisme	a . v e . r o . ˈɪ s . m ə
mengoplos	m ə ŋ . o p . l o s
sumbu	ˈs ʊ m . b u
voucer	ˈv o u̯ t͡ʃ ə r
Jumat	d͡ʒ ʊ m . ʔ a t
heiho	h e i . h o
ibadah	i . b a . d a h
ambulralra	a m b ʊ l ˈr a l r a
delesi	d e . l e . s i
anglung	a ŋ . l u ŋ
ananim	ˈa n a n ɪ m
dongkrak	ˈd ɔ ŋ k r a k̚
berubah	b ə r ˈʊ b a h
nirharapan	n i r h a r a p a n
keik	k ɛ . i k
suiseki	s u i . s e . k i
akeo	a k e o
genderuwo	ɡ ə n . d ə . ˈr u . w o
acar	ˈa t͡ʃ a r
malam	ˈm a l a m
magfirah	m a ʔ ˈf i r a h
tepar	ˈt ɛ p a r
borgol	ˈb ɔ r ɡ ɔ l
gagak	ˈɡ a . ɡ a ʔ
planologi	p l a n o ˈl o ɡ i
titinada	t i . t i . ˈn a . d a
klub	ˈk l u p
begawan	b ə . ɡ a . w a n
cuat	ˈt͡ʃ u . a t
paus	ˈp a ʊ s
ancak	ˈa n t͡ʃ a k̚
GGL	ɡ e . ɡ e . ɛ l
penghancuran	p ə ŋ h a n ˈt͡ʃ ʊ r a n
herbarium	h ɛ r . b a . ˈr i . ʊ m
aeropolis	a e r o ˈp o l ɪ s
ragu	ˈr a ɡ u
deflasi	d e ˈf l a s i
keripik	k ə ˈr i p ɪ k̚
raga	r a . ɡ a
karnivora	k a r n i ˈv o r a
devisa	d e . ˈv i . s a
gastrointestinal	ɡ a s . t r o . ɪ n . t ɛ s . ˈt i . n a l
PDIP	p ɛ d ɛ i ˈp ɛ
samsek	s a m . s ə k
jauhar	ˈd͡ʒ a u̯ h a r
mendasar	m ə n ˈd a s a r
watas	ˈw a t a s
kewartawanan	k ə . w a r . t a . ˈw a n . a n
indoktrinasi	ɪ n . d ɔ k . t r i . ˈn a . s i
eter	ˈɛ t ə r
sungkit	s ʊ ŋ k ɪ t
deselerasi	d e s ɛ l ə ˈr a s i
zakat	ˈz a k a t̚
angko	ˈa ŋ k o
kuantum	k u ˈa n t ʊ m
eksperimen	ɛ k s p ɛ ˈr i m ɛ n
momentum	m o . ˈm ɛ n . t ʊ m
Bali	b a l i
tinggal	ˈt ɪ ŋ ɡ a l
galak	ɡ a . l a k
segel	s ɛ ɡ ə l
watak	ˈw a . t a ʔ
tenggorokan	t̪ ə ŋ . ˈɡ o . r o . k ä n
singgasana	s i ŋ . ɡ a . s a . n a
visus	ˈv i s ʊ s
mengecam	m ə . ŋ ə . ˈt͡ʃ a m
nuansa	n u ˈa n s a
mitos	m i t o s
duit	d u . i t
humanisme	h u . m a . ˈn ɪ s . m ə
palang	ˈp a l a ŋ
inventarisasi	ɪ n . v ɛ n . t a . r i . ˈs a . s i
sublimasi	s ʊ p l i ˈm a s i
karsa	k a r s a
padus	p a . d u s
biku	b i . k u
suplai	ˈs ʊ p l a i̯
etude	e t u d ɛ
mendiamkan	m ə n d i a m k a n
terlalu	t ə r l a l u
bancak	b a n t͡ʃ a ʔ
ketan	k ə ˈt a n
iga	ˈɪ ɡ a
taju	ˈt a d͡ʒ u
kandela	k a n . ˈd e . l a
penyelenggaraan	p ə . ɲ ə . l ə ŋ . ɡ a . ˈr a . a n
debu	d ə ˈb u
rogol	ˈr ɔ . ɡ ɔ l
awetan	a . ˈw ɛ t . a n
angkutan	a ŋ ˈk ʊ t a n
ragil	ˈr a . ɡ ɪ l
kanonis	k a n o n ɪ s
menara	m ə ˈn a r a
adiwastra	a d i ˈw a s t r a
samurai	s a . m u . r a i
parak	ˈp a . r a ʔ
gapura	ɡ a p u r a
bukan	ˈb u k a n
judogi	d͡ʒ u . d o . ɡ i
gelak	ɡ ə ˈl a k
perkara	p ə r . k a . r a
Ibrani	i ˈb r a n i
hara	ˈh a . r a
tentang	t ə n t a ŋ
Betawi	b ə t a w i
gagang	ˈɡ a . ɡ a ŋ
Jepang	d͡ʒ ə ˈp a ŋ
bakcang	b a ʔ . t͡ʃ a ŋ
PSK	p ɛ ˈɛ s k a
Natal	n a . t a l
berapa	b ə . r a . p a
bekintangon	b ɛ k ɪ n ˈt a ŋ ɔ n
ia	ˈi a̯
lajur	ˈl a d͡ʒ u r
rujak	ˈr u d͡ʒ a ʔ
lekong	l e . k o ŋ
beledu	b ə l ə d u
dokumentografi	d o k u m ɛ n t o ˈɡ r a f i
ambyang	ˈa m bʲ a ŋ
kuat	ˈk u a t̚
takar	ˈt a k a r
bujangga	b u . d͡ʒ a ŋ . ɡ a
Senin	s ə . ˈn ɪ n
jamur	ˈd͡ʒ a . m ʊ r
mantul	ˈm a n t ʊ l
otot	ˈɔ t ɔ t
reksa	r ə k . s a
anaria	a . n a . ˈr i . a
H	h a
pemilik	p ə ˈm i l ɪ ʔ̚
toilet	ˈt o i̯ . l ɛ t̚
bubuk	ˈb u b u k
palisade	p a l i ˈs a d ə
kuntit	ˈk ʊ n t ɪ t̚
cucu	ˈt͡ʃ u . t͡ʃ u
kadi	ˈk a . d i
handelar	h a n ˈd ə l a r
cemani	t͡ʃ ə . m a . n i
ensiklik	e n s i k l i k
awo	ˈa w o
kepatuhan	k ə . p a . ˈt ʊ h . a n
matkul	m a t . k ʊ l
fajar	ˈf a d͡ʒ a r
insidental	ɪ n . s i . ˈd ɛ n . t a l
sepatu	s ə . p a . t u
hedon	h e . d o n
kehausan	k ə . h a ʊ s . a n
ampor	ˈa m p ɔ r
estetis	ɛ s ˈt ɛ t ɪ s
grup	ˈɡ r ʊ p̚
mukjizat	m ʊ ʔ ˈd͡ʒ i z a t̚
duli	d u l i
punca	ˈp ʊ n . t͡ʃ a
keponakan	k ə p o ˈn a k a n
pedupaan	p ə d u ˈp a a n
lasik	l a . s i k
watan	w a . t a n
guru	ɡ u . r u
jernih	d͡ʒ ə r ˈn i h
kanguru	k a ˈŋ u r u
amuk	ˈa m ʊ k̚
ngab	ŋ a b
penelitian	p ə . n ə . l i . ˈt i . a n
penganiayaan	p ə ŋ a n i a j a a n
dom	ˈd ɔ m
pacu	ˈp a . t͡ʃ u
apotek	a p o . t e k
Iduladha	i d u l ˈa d a
bugil	ˈb u ɡ ɪ l
etana	e . t a . n a
resistor	r e ˈs ɪ s t ɔ r
yudikatif	j u d i ˈk a t ɪ f
kahar	ˈk a h a r
muwakil	m u w a k i l
mandraguna	m a n . d r a . ˈɡ u . n a
degeneratif	d e ɡ e n ə ˈr a t ɪ f
ageisme	a ɡ e ˈɪ s m ə
ekonomis	ɛ k o ˈn o m ɪ s
tangga	ˈt a ŋ ɡ a
ambong	ˈa m b ɔ ŋ
sprei	s ə p . r e i
gagah	ˈɡ a . ɡ a h
instruksional	ɪ n . s t r ʊ k . s i . ˈo . n a l
suf	ˈs ʊ f
ꦢꦺꦱ	d e . s ɔ
tautan	t a ˈʊ t a n
stoples	ˈs t ɔ p l ɛ s
merupakan	m ə r u p a k a n
edaran	e . ˈd a r . a n
kelengkiak	k ə l ə ŋ ˈk i a k̚
pahlawan	p a h ˈl a w a n
independen	i n . d ə . p ɛ n . d ə n
loket	a b o n ə m ɛ n
atmosferis	a t m ɔ s ˈf ɛ r ɪ s
kidal	k i d a l
perhentian	p ə r ˈh ə n t j a n
jerami	d͡ʒ ə ˈr a m i
surat	s u . r a t
papan	ˈp a p a n
hipotenusa	h i p o t ə ˈn u s a
tebusan	t ə . b u . s a n
frekuensi	f r e k u ˈɛ n s i
ligamen	l i ˈɡ a m ɛ n
stereotipe	s t e r e o ˈt i p ə
taraf	ˈt a . r a f
lisan	l i . s a n
ayam	a . j a m
cogan	t͡ʃ o . ɡ a n
seprai	s ə p . r a i
dicatat	d i ˈt͡ʃ a t a t̚
galat	ˈɡ a l a t̚
komplot	k o m p l o t
Malingsia	m ä l ɪ ŋ . s i a
hadirin	h a ˈd i r ɪ n
pendekatan	p ə ŋ . d ə . ˈk a t . a n
nisbah	ˈn ɪ s b a h
absolusi	a b s o l u s i
rahmat	r a h m a t
Surakarta	s u r a k a r t a
gugur	ˈɡ u . ɡ ʊ r
defekasi	d e f e ˈk a s i
mual	ˈm u a l
gelis	ɡ ə . ˈl ɪ s
perban	p ə r . b a n
cerana	t͡ʃ ə . r a . n a
nepotisme	n e p ɔ t̚ ˈɪ s m ə
kendala	k ə n ˈd a l a
betonase	b ə t o ˈn a s ə
lapangan	l a ˈp a ŋ a n
epitel	ˈɛ p i t ɛ l
cerca	t͡ʃ ə r . t͡ʃ a
beleran	b ɛ l ɛ ˈr aː n
moci	m o t͡ʃ i
kek	k ɛ ʔ
tentara	t ə n ˈt a r a
tahu	ˈt a u
satah	ˈs a t a h
jawab	d͡ʒ a . w a p̚
biadab	b i ˈa d a p̚
pesumo	p ə . s u . m o
BBLR	b e b e ˈɛ l ɛ r
blek	b l ɛ k
tanah	t a . n a h
beli	b ə ˈl i
bapao	b a . p a o
bagian	b a ˈɡ iʲ a n
mari	m a . r i
kelarutan	k ə . l a . r u . t a n
undangan	ʊ n . ˈd a ŋ . a n
agul	ˈa ɡ ʊ l
empal	ə m . ˈp a l
dewa	d ɛ . w a
tengkujuh	t ə ŋ ˈk u d͡ʒ ʊ h
berjibaku	b ə r . d͡ʒ i . b a . k u
zen	z ɛ n
Petrus	ˈp ɛ t r ʊ s
perdikan	p ə r ˈd i k a n
selak	ˈs e . l a k
afirmasi	a f ɪ r ˈm a s i
lahir	ˈl a . h ɪ r
aforestasi	a f o r ɛ s ˈt a s i
agih	ˈa ɡ ɪ h
bodo	ˈb o . d o
sela	ˈs e . l a
weker	w ɛ . k ə r
PR	p ɛ . ɛ r
pengadaan	p ə ŋ . ˈa d a . a n
badi	ˈb a d i
Indonesia	i n . ˈd o . n ɛ . s ɪ . j a
petrus	p ə ˈt r ʊ s
kabus	k a b ʊ s
adiksimba	a d ɪ k ˈs ɪ m b a
mol	ˈm ɔ l
lompat	ˈl ɔ m p a t̚
kamikaze	k a m i k a z e
aliansi	a l i ˈa n s i
keasaman	k ə a ˈs a m a n
sujud	ˈs u d͡ʒ ʊ t̚
alamete	a l a ˈm ɛ t e
memberikan	m ə m b ə r i k a n
ahuh	ˈa h ʊ h
berdarah	b ə r ˈd a r a h
cilik	ˈt͡ʃ i . l ɪ k
jentera	d͡ʒ ə n t ə r a
losin	ˈl o . s i n
honji	h o n . d͡ʒ i
dimakan	ˈd i . m a k a n
bukti	b u k . t i
dekomposisi	d e k ɔ m p o ˈs i s i
situasional	s i t u a s i ˈo n a l
spaning	s p a . n i ŋ
kacung	ˈk a t͡ʃ ʊ ŋ
fantasi	f a n ˈt a s i
herbisida	h ɛ r b i ˈs i d a
piama	p i ˈa m a
astana	a s . t a . n a
giling	ˈɡ i l ɪ ŋ
perserikatan	p ə r . s ə . r i . ˈk a t . a n
amplokan	a m ˈp l o k a n
kanit	k a . n i t
jadwal	d͡ʒ a t̚ w a l
berpulang	b ə r ˈp u l a ŋ
afdeling	a f . d e . l i ŋ
ambekdarma	a m b ə k̚ ˈd a r m a
Bapa	b a p a
kuadran	ˈk u a̯ d r a n
versi	ˈv ɛ r s i
unik	ˈu n i k
interferensi	ɪ n t ə r f ə ˈr ɛ n s i
rongga	ˈr ɔ ŋ . ɡ ä
Sabrina	ˈs a b r i n a
sembuh	s ə m ˈb ʊ h
sulit	ˈs u l ɪ t̚
hidayah	h i ˈd a j a h
takeyari	t a . k e . y a . r i
pasokan	p a ˈs ɔ k a n
adik	ˈa . d ɪ k
syah	ʃ a h
anakompo	a n a ˈk ɔ m p o
protein	p r o ˈt e ɪ n
hidrokarbon	h i . d r o . ˈk a r . b ɔ n
anglo	a ŋ . l o
diri	d i . r i
segara	s ə ˈɡ a r a
kandil	ˈk a n . d ɪ l
jawi	ˈd͡ʒ a . w i
helikopter	h e . l i . ˈk ɔ p . t ə r
panas	p a . n a s
alokai	ˈa l o k a i̯
membilah	m ə m ˈb i l a h
soang	s o a̯ ŋ
bozah	ˈb o z a h
hikmah	h i k m a h
nasi	ˈn a s i
riskan	r i s . k a n
margasatwa	m a r . ɡ a . ˈs a t . w a
rambut	ˈr ä m . b u t̪̚
bijak	b i . d͡ʒ a k
orang	o . r a ŋ
asidulan	a s i . ˈd u . l a n
tukar	ˈt u k a r
radikalisasi	r a d i k a l ˈɪ s a s i
menggempita	m ə ŋ . ɡ ə m . p i . t a
cerpelai	t͡ʃ ə r ˈp ə l a j
Sunda	ˈs ʊ n d a
alpukat	a l p u k a t
kersen	ˈk ɛ r s ə n
sarapan	s a ˈr a p̚ a n
Aceh	a t͡ʃ e h
empati	ɛ m ˈp a t i
klasikal	k l a ˈs ɪ k . a l
penderita	p ə n d ə r i t a
aritmetika	a . r i t . m ɛ . t i . k a
datang	ˈd a t a ŋ
panko	p a n . k o
telefon	t e ˈl e f ɔ n
titrasi	t i ˈt r a s i
ufuk	ˈu f ʊ k
akselerator	a k . s e . l ə . ˈr a . t ɔ r
basmi	b a s . m i
asumsi	a ˈs ʊ m s i
gaharu	ɡ a h a r u
uduk	ˈu . d ʊ k
terkait	t ə r ˈk a ɪ t̚
seminar	s ə ˈm i n a r
ubin	ˈu b i n
koroner	k o ˈr o . n ɛ r
kustar	ˈk ʊ s t a r
penegakan	p ə . n ə . ˈɡ a k . a n
hewani	h e ˈw a n i
proses	ˈp r o s ɛ s
puntung	p ʊ n t ʊ ŋ
psikologis	p ə s i k o ˈl o ɡ ɪ s
benda	b ə n . d a
ansai	ˈa n . s a i̯
kecam	k ə . ˈt͡ʃ a m
kohesi	k o ˈh e s i
dilah	ˈd i l a h
antik	a n . t i k
bilang	ˈb i l a ŋ
dengar	d ə . ŋ a r
gudang	ɡ u d a ŋ
literasi	l i t ə ˈr a s i
asmara	a s . m a . r a
astronaut	a s t r o n a u̯ t̚
saja	ˈs a d͡ʒ a
batik	b a t ɪ k
aktivasi	a k̚ t i v a s i
pura	p u . r a
tablig	ˈt a b l ɪ k̚
kolektivisme	k o l ɛ k t i ˈv ɪ s m ə
konpers	ˈk ɔ n p ɛ r s
wajib	ˈw a d͡ʒ ɪ p
peradaban	p ə r ˈa d a p a n
balumba	b a ˈl ʊ m b a
teorema	t e o ˈr ɛ m a
lateks	ˈl a . t ɛ k s
sepur	s ə ˈp u r
wuku	ˈw u . k u
tinta	t i n . t a
jamu	ˈd͡ʒ a m u
pelopor	p ə ˈl o p ɔ r
spesifisitas	s p e s i f i ˈs i t a s
ingin	i . ŋ i n
tukang	ˈt u . k a ŋ
syal	ʃ a l
q	k
tudung	ˈt u . d ʊ ŋ
argentum	a r . ˈɡ ɛ n . t ʊ m
uber	u b ə r
dojo	d o . d͡ʒ o
semong	s ə ˈm ɔ ŋ
meong	ˈm e . o ŋ
sopir	ˈs o p ɪ r
perolehan	p ə r o ˈl ɛ h . a n
hanzi	h a n . z i
antrap	ˈa n t r a p̚
asiri	ˈa s i r i
bersuasana	b ə r . ˈs u . w ä . r ä
keputusasaan	k ə p u t u s a ˈs a a n
Estonia	e s ˈt o n i a̯
lantamil	l a n ˈt a m ɪ l
IP	ˈi . p e
menjarum	m ə n ˈd͡ʒ a r u m
Italia	ɪ ˈt a l i a̯
fotosel	f o ˈt o s ɛ l
kertas	k ə r ˈt a s
lazuardi	l a z u a r d i
rendah	r ə n d a h
gundik	ˈɡ u n d i ʔ
ais	ˈa ʔ ɪ s
parpol	p a r . p o l
potongan	p ɔ ˈt ɔ ŋ a n
daras	d a r a s
losmen	l o s . m ɛ n
antuk	ˈa n t u k
awuta	ˈa w u . t a
perlengkapan	p ə r . l ə ŋ . ˈk a p . a n
antarbahasa	a n t a r b a ˈh a s a
śāsana	s a . s a . n a
mudra	m u d . r a
tambur	ˈt a m b ʊ r
bradikardia	b r a . d i . ˈk a r . d i a̯
kirik	ˈk i . r ɪ ʔ
Bulgaria	b ʊ l ˈɡ a r i a̯
keluar	k ə . l u . a r
SAKIP	ˈs a k ɪ p̚
kuintal	ˈk w i n t a l
ateisme	a t e ˈɪ s m ə
bukak	ˈb u k a k̚
kapan	k a . p a n
deduktif	d e ˈd ʊ k t ɪ f
utan	u . t a n
Daffa	ˈd a f a
tadarus	t a d a r u s
aftab	ˈa f t a p̚
mazbah	ˈm a z b a h
alot	ˈa l ɔ t̚
gandeng	ˈɡ a n . d ɛ ŋ
aneka	a n ɛ . k a
fluks	ˈf l ʊ k s
kudeta	k u ˈd ɛ t a
rem	ˈr ɛ m
putaran	p u . ˈt a . r a n
ketersediaan	k ə . t ə r . s ə . d i . ˈa . a n
apang	ˈa p a ŋ
fakir	ˈf a k ɪ r
gulud	ˈɡ u l ʊ t̚
tumbuh	ˈt ʊ m b ʊ h
hadap	ˈh a d a p̚
nakhoda	n a ˈx o d a
dua	ˈd u w ä
abalalu	a b a ˈl a l u
diet	ˈd i e t̚
devosi	d e v o s i
N	ɛ n
kriptogamik	k r ɪ p t o ˈɡ a m ɪ k
balak	ˈb a l a ʔ
kolam	ˈk o . l a m
mencela	m ə ŋ t͡ʃ ə l a
tamtama	t a m ˈt a m a
aktris	ˈa k t r ɪ s
asam	ˈa s a m
akseptasi	a k . s ɛ p . ˈt a . s i
diam	d i . a m
mengetatkan	m ə ŋ ə t a t̚ k a n
sandar	ˈs a n d a r
amoh	ˈa m ɔ h
rancang	ˈr a n . t͡ʃ a ŋ
seharian	s ə . h a . r i . a n
bravo	ˈb r a . v o
ikan	i k a n
santap	ˈs a n . t a p̚
seri	ˈs e . r i
langau	l a ŋ a u̯
mewah	ˈm ɛ w a h
ramal	r a m a l
ergonomis	e r ɡ o ˈn o m ɪ k
ilham	ˈɪ l h a m
anaheha	a n a ˈh e h a
kedatangan	k ə ˈd a t a ŋ a n
lengket	ˈl ɛ ŋ k ɛ t̚
artikula	a r . t i . ˈk u . l a
edisi	ˈɛ d i s i
pada	ˈp a d a
terjelas	d͡ʒ ə ˈl a s
aji	ˈa d͡ʒ i
rapat	ˈr a p a t
memberhentikan	m ə m b ə r h ə n ˈt i k a n
kering	k ə ˈr ɪ ŋ
sitoplasma	s i t o ˈp l a s m a
steker	a b o n ə m ɛ n
nanti	n a n . t i
rasa	r a . s a
penyiksaan	p ə . ɲ ɪ k . ˈs a . a n
alpiris	a l . ˈp i . r ɪ s
televisi	t e l e v i s i
babka	ˈb a p . k a
kosmonaut	k ɔ s m o n a u̯ t̚
kardiologi	k a r . d i . o . ˈl o . ɡ i
anfakah	a n ˈf a k a h
piadah	p i ˈa d a h
tawar	t a w a r
tas	ˈt a s
cadar	t͡ʃ a . d a r
arwah	ˈa r . w a h
agraris	ˈa ɡ r a r ɪ s
darat	ˈd a r a t
maljum	ˈm a l d͡ʒ u m
bunuh	ˈb u n ʊ h
seniman	s ə ˈn i m a n
Sumbar	ˈs u m b a r
jelas	d͡ʒ ə ˈl a s
intoleransi	ɪ n t o l e ˈr a n s i
dekat	d ə ˈk a t
G	ɡ e
didik	d i d ɪ ʔ
ganjar	ˈɡ a n d͡ʒ a r
konus	ˈk o n ʊ s
homo	h o . m o
silsilah	s ɪ l ˈs i l a h
jangankan	d͡ʒ a . ŋ a n . k a n
cempaka	t͡ʃ ə m . p a . k a
alutta	ˈa l ʊ t t a
greha	ɡ r ə . h a
basantara	b a . s a n . ˈt a . r a
empu	ə m ˈp u
montase	m ɔ n . ˈt a . s ə
anuitas	a . n u . ˈi . t a s
influen	ɪ n ˈf l u ɛ n
tersebar	t ə r s ə ˈb a r
lengan	ˈl ə . ŋ ä n
pembelahan	p ə m b ə ˈl a h a n
seprei	s ə p . r e i
emoji	e . m o . d͡ʒ i
bab	b a b
arus	ˈa . r ʊ s
percuma	p ə r t͡ʃ u m a
September	s ɛ p̚ . ˈt ɛ m . b ə r
lenjer	l ə n ˈd͡ʒ ə r
kejuruan	k ə . d͡ʒ u . ˈr u . a n
capung	ˈt͡ʃ a p ʊ ŋ
ambir	ˈa m b ɪ r
rasuah	r a . s u . a h
M	ɛ m
ancaman	a n . t͡ʃ a . m a n
anjal	ˈa n d͡ʒ a l
babad	ˈb a b a t̚
kartika	k a r . t i . k a
indikator	ɪ n d i ˈk a t ɔ r
hadir	h a . d ɪ r
sesak	s ə . ˈs a k
sempurna	s ə m . p u r . n a
awam	ˈa w a m
aboi	ˈa . b o i̯
Jokowi	d͡ʒ o ˈk o w i
bertambah	b ə r ˈt a m b a h
geostasioner	ɡ e o s t a s i ˈo n ɛ r
ampa	ˈa m p a
gabah	ˈɡ a b a h
khatam	ˈx a t a m
alel	ˈa . l ɛ l
bang	b a ŋ
kesejahteraan	k ə s ə d͡ʒ a h t ə ˈr a a n
tanda	ˈt a n d a
gerus	ɡ ə . ˈr ʊ s
lokapasar	l o k a ˈp a s a r
pengendali	p ə . ŋ ə n . ˈd a . l i
sampling	ˈs a m p l ɪ ŋ
Perak	ˈp ɛ . ɾ ʌ ʔ
nah	n a h
besikal	b ə ˈs i . k a l
bel	b ɛ l
andala	a n ˈd a l a
puji	p u . d͡ʒ i
cadang	ˈt͡ʃ a . d a ŋ
skor	s k o r
transfigurasi	t r a n s f i ɡ u ˈr a s i
berdasar	b ə r ˈd a s a r
antil	ˈa n t ɪ l
melansir	m ə . ˈl a n . s ɪ r
feodalisme	f e o d a l ˈɪ s m ə
kali	k a . l i
buni	ˈb u n i
diperburuk	d i p ə r ˈb u r ʊ k̚
Ngawi	ŋ a ˈw i
mendoa	m ə n d o a
kinase	k i . ˈn a . s ə
prinsip	ˈp r ɪ n s ɪ p̚
badam	ˈb a d a m
Habel	h a b e l
menit	m ə ˈn ɪ t
alferes	a l ˈf e r e s
membranofon	m ɛ m b r a ˈn o f ɔ n
mufasir	m u f a s ɪ r
kombinasi	k ɔ m b i ˈn a s i
bus	ˈb ʊ s
gayung	ɡ a j u ŋ
anaweli	a . n a . ˈw e . l i
gawang	ˈɡ a w a ŋ
kerbau	k ə r b a u̯
obi	o . b i
ambo	ˈa m . b o
resorpsi	r e ˈs ɔ r p s i
pengucapan	p ə ŋ . u . ˈt͡ʃ a p . a n
J	d͡ʒ e
menel	ˈm e n e l
resonansi	r e . s o . ˈn a n . s i
pecutan	p ə ˈt͡ʃ ʊ t a n
olah	ˈɔ l a h
panjang	ˈp a n d͡ʒ a ŋ
elipsis	e . ˈl ɪ p . s ɪ s
demografi	d e m o ˈɡ r a f i
anaye	ˈa n a j ɛ
pendek	ˈp e n . d e k
kelinci	k ə ˈl ɪ n . t͡ʃ i
kelas	k ə ˈl a s
katode	k a . t o . d ə
bayu	b a j u
silabis	s i . ˈl a . b ɪ s
ambiguitas	a m b i ɡ u ˈi t a s
aplikatif	a p l i ˈk a t ɪ f
slendro	s l ɛ n . d r o
hukuman	h u ˈk u . m a n
blangko	b ə̆ l a ŋ k o
munsyi	m u n . ʃ i
endapan	ə n ˈd a p a n
fotoelektrisitas	f o t o ɛ l ɛ k̚ t r i ˈs i t a s
jangka	ˈd͡ʒ a ŋ k a
KK	k a . k a
liturgis	l i . ˈt ʊ r . ɡ ɪ s
permusyawarahan	p ə r m u ʃ a w a ˈr a h a n
yo	j oː
pionir	p i o n ɪ r
konsultatif	k ɔ n . s ʊ l . ˈt a . t ɪ f
kaprodi	k a . ˈp r o . d i
ketimpangan	k ə t ɪ m ˈp a ŋ a n
amer	ˈa m ɛ r
amra	a m r a
ketat	k ə ˈt a t
anungo	a . ˈn u . ŋ o
hindar	ˈh ɪ n . d a r
maka	ˈm a k a
jelata	d͡ʒ ə . l a . t a
firaun	f i r . a . u n
wana	w a . n a
mancanegara	m a n . t͡ʃ a . n ə ˈɡ a . r a
hop	h o p
adipenghantar	a d i p ə ŋ ˈh a n t a r
andap	ˈa n . d a p
lipat	ˈl i . p a t̚
ꦱꦺꦮ	s e w a
wanda	ˈw a n . d a
suka	ˈs u k a
buka	ˈb u k a
duktus	ˈd ʊ k̚ t ʊ s
maling	ˈm a . l ɪ ŋ
dikau	d i k a u̯
swakriya	s w a ˈk r i j a
anakia	ˈa n a k i a̯
sungai	s u ŋ a i̯
mesjid	m ə s ˈd͡ʒ ɪ t̚
garansi	ɡ a ˈr a n s i
cenangga	t͡ʃ ə . n a ŋ . ɡ a
tasbih	ˈt a s b ɪ h
badul	ˈb a . d ʊ l
sumatif	s u . ˈm a . t ɪ f
elektromagnetisme	ɛ l ɛ k t r o m a k n ɛ t ˈɪ s m ə
kelurahan	k ə . l u . ˈr a h . a n
Belanda	b ə . l a n . d a
sumo	s u . m o
keberatan	k ə b ə ˈr a t a n
mustahik	m ʊ s ˈt a h ɪ k̚
tunda	ˈt ʊ n d a
hentai	h ɛ n . t a i̯
transparan	t r a n s ˈp a r a n
dewan	ˈd ɛ w a n
barah	ˈb a . r a h
manira	m a . ˈn i . r a
asal	ˈa . s a l
gala	ɡ a l a
asid	ˈa s ɪ t
tawakal	t a ˈw a k a l
babi	ˈb a b i
ecer	ˈɛ t͡ʃ ɛ r
audiometri	a u̯ . d i . o . ˈm e . t r i
wafat	ˈw a f a t̚
lada	ˈl a d a
loh	ˈl ɔ h
seratus	s ə ˈr a t ʊ s
menambah	m ə n a m b a h
tuntut	t u n . t ʊ t
menggali	m ə ŋ . ɡ a . l i
bupati	b u . p a . t i
vulkanis	v ʊ l ˈk a n ɪ s
gerha	ɡ ə r . h a
kilang	k i l a ŋ
dehidrasi	d e h i ˈd r a s i
Maret	ˈm a r ə t
E	e
keturunan	k ə . t u . r u . n a n
hayati	h a . j a . t i
memperkokoh	m ə m p ə r ˈk o k ɔ h
kunjung	ˈk ʊ n . d͡ʒ ʊ ŋ
lowong	ˈl ɔ w ɔ ŋ
butun	ˈb u t u n
informasi	i n f ɔ r m a s i
penjelajah	p ə n d͡ʒ ə ˈl a d͡ʒ a h
menghadiri	m ə ŋ . h a . d i r . i
kehakiman	k ə . h a . ˈk ɪ m . a n
jumlah	ˈd͡ʒ ʊ m l a h
antum	ˈa n t ʊ m
proyek	ˈp r o . j ɛ k
sedawa	s ə . d a . w a
irama	i r a m a
membanguni	m ə m b a ˈŋ ʊ n i
kartografer	k a r t o ˈɡ r a f ə r
ekaristi	ɛ k a r i s t i
ambekara	a m b e ˈk a r a
among	ˈa m ɔ ŋ
kamber	ˈk a m . b ə r
Juni	ˈd͡ʒ u . n i
awar	ˈa w a r
baling	ˈb a l ɪ ŋ
cuek	c u e ʔ
delman	ˈd e l . m a n
dorna	d o r n a
saat	s a . ʔ a t
sadeu	ˈs a d ɘ
aplikan	a p̚ ˈl i k a n
lauk	ˈl a . ʊ ʔ
adijana	a . d i . ˈd͡ʒ a . n a
semah	s ə ˈm a h
rasio	ˈr a s i o̯
slang	s ə l a ŋ
sudra	ˈs ʊ t . r a
arigol	ˈa . r i . ɡ ɔ l
tobang	t o . b a ŋ
mutasi	m u . t a . s i
asistol	a . ˈs ɪ s . t ɔ l
waria	ˈw a . r i . j a
gampar	ɡ a m . p a r
kasuistik	k a s u ˈɪ s t ɪ k̚
memunculkan	m ə . m u n . t͡ʃ ʊ l . k a n
adenosina	a . d e . n o . ˈs i . n a
dewana	d ɛ ˈw a n a
aswa	a s . w a
gigit	ˈɡ ɪ . ɡ ɪ t̚
suvenir	s u v ə ˈn ɪ r
aktivisme	a k̚ t i v ɪ s m ə
heptana	h e p . t a . n a
secang	s ə . t͡ʃ a ŋ
demografis	d e m o ˈɡ r a f ɪ s
pejamu	p ə . ˈd͡ʒ a . m u
udah	u . d a h
kongruen	k ɔ n . ˈɡ r u . ɛ n
adiposa	a d i ˈp o s a
isu	ˈɪ s u
giat	ˈɡ i a t̚
profesor	p r o ˈf ɛ . s ɔ r
awelat	a . ˈw e . l a t̚
pergelaran	p ə r . ɡ ə . ˈl a r . a n
sengsai	s ɛ ŋ . s a i
cita	t͡ʃ i . t a
pengeluaran	p ə ŋ ə ˈl u a r a n
jiwa	d͡ʒ i . w a
gabungan	ɡ a ˈb ʊ ŋ a n
jenawi	d͡ʒ ə ˈn a w i
mengencingi	m ə . ŋ e n . c i ŋ . i
albatros	a l . ˈb a . t r ɔ s
ucul	u . t͡ʃ u l
ongkos	o ŋ . k o s
mukminin	m ʊ ʔ ˈm i n ɪ n
angrem	a ŋ r ə m
membakar	m ə m . b a . k a r
desalinasi	d e . s a . l i . ˈn a . s i
kapten	ˈk a p̚ t ɛ n
basahan	b a ˈs a h a n
defek	ˈd e f ɛ k̚
antulawo	a n . t u . ˈl a . w o
terbesar	t ə r b ə ˈs a r
haus	ˈh a . ʊ s
adikara	a d i . k a . r a
adimanusia	a . d i . m a . n u . ˈs i . a
taring	t a . r ɪ ŋ
qasar	ˈq a . s a r
onigiri	o . n i . ɡ i . r i
wortel	w o r . t ə l
pertambangan	p ə r t a m ˈb a ŋ a n
anggas	ˈa ŋ ɡ a s
Kristen	ˈk r ɪ s . t ə n
kaki	ˈk ä . k i
partus	ˈp a r . t ʊ s
pemabuk	p ə m a b u k
go	ɡ o
pit	ˈp ɪ t
kuna	ˈk u n a
rindang	ˈr ɪ n d a ŋ
PPDB	p e . p e . d e . b e
romantis	r o ˈm a n t ɪ s
laku	ˈl a k u
sagu	ˈs a ɡ o
mencekokkan	m ə n . t͡ʃ ə . k o ʔ . k a n
khilafah	x i . l a . f a h
balobo	b a ˈl o b o
nori	n o . r i
khizanatulkitab	x i z a n a t ʊ l ˈk i t a p̚
transformasi	t r a n s . f ɔ r . ˈm a . s i
daun	ˈd a ʊ n
KPK	k a ˈp e k a
negoisasi	n ɛ . ɡ o . s i . a . s i
anjar	ˈa n d͡ʒ a r
Maroko	m a . ˈr o . k o
menganggap	m ə ŋ ˈa ŋ ɡ a p̚
gaga	ˈɡ a . ɡ a
heterogen	h e . t e . ˈr o . ɡ ɛ n
parlementer	p a r l ə m ɛ n t ɛ r
coba	ˈt͡ʃ o b a
membangun	m ə m ˈb a ŋ u n
SHUN	ɛ s h a ˈu ɛ n
babatan	b a . ˈb a t . a n
mengubah	m ə ˈŋ u b a h
agen	ˈa . ɡ ɛ n
aerasi	a e ˈr a s i
persiapan	p ə r . s i . ˈa p . a n
tepis	t ə . ˈp ɪ s
anggal	ˈa ŋ . ɡ a l
jadi	d ʒ a . d i
laksmana	l a k s . m a . n a
mencekoki	m ə ɲ . t͡ʃ ə . k o . k i
ampu	ˈa m . p u
sambungan	s a m . ˈb ʊ ŋ . a n
kedutaan	k ə d u t a a n
kanca	ˈk ɔ n t͡ʃ ɔ
menyatakan	m ə ɲ a ˈt a k a n
menyebar	m ə ɲ ə ˈb a r
lapar	ˈl a p a r
batara	b a . t a . r a
siang	s i . a ŋ
kami	ˈk ä . m i
kemudahan	k ə m u ˈd a h a n
datar	ˈd a t a r
linear	l i ˈn ɛ a r
lobak	l o . b a k
tersier	t ɛ r ˈs i ɛ r
sampir	ˈs a m p ɪ r
umur	u m ʊ r
rasional	r a s i ˈo n a l
kolektivitas	k o l ɛ k t i ˈv i t a s
Jateng	d͡ʒ a ˈt ə ŋ
penguji	p ə ŋ . ˈʊ d͡ʒ i
menjaring	m ə n ˈd͡ʒ a r i ŋ
praktik	ˈp r a k̚ t ɪ k̚
sekresi	s ə ˈk r e s i
moda	ˈm o . d a
inferensi	ɪ n . f e . ˈr ɛ n . s i
petahana	p ə t a ˈh a n a
KY	ˈk a j e
asyik	a . ʃ ɪ k
ꦱꦺꦴꦕ	s o t͡ʃ ɔ
pemacu	p ə . ˈm a . t͡ʃ u
akidah	ˈa k i d a h
memutakhirkan	m ə m u t a x i r k a n
biostatika	b i . o . s t a . ˈt i . k a
mentol	ˈm ɛ n . t ɔ l
memproklamasikan	m ə m p r o k l a m a ˈs i k a n
benzol	b e n . z o l
bakero	b a k e r o
asbabulwurud	a s . b a . b ʊ l . ˈw u . r ʊ t
pengecaman	p ə . ŋ ə . ˈt͡ʃ a m . a n
peduli	p ə d u l i
gilik	ˈɡ i l ɪ k̚
binasa	b i . n a . s a
micin	m i . t͡ʃ i n
kalurahan	k a . l u . ˈr a h . a n
pandemi	p a n ˈd e m i
kabuki	k a ˈb u k i
merk	m ɛ r k
angki	ˈa ŋ k i
duren	ˈd u . r ɛ n
sebar	s ə ˈb a r
bentar	b ə n ˈt a r
catat	ˈt͡ʃ a t a t̚
luka	ˈl u k a
Islandia	ɪ s ˈl a n d i a̯
Indra	i n . d r a
antaladan	a n . t a . ˈl a . d a n
julang	ˈd͡ʒ u l a ŋ
gelut	ɡ ə . ˈl ʊ t
samper	s a m p ə r
bandung	ˈb a n . d ʊ ŋ
pertahanan	p ə r t a ˈh a n a n
liyan	ˈl i j a n
sein	s e ɪ̯ n
tanya	t a . ɲ a
teori	t e o r i
barid	ˈb a r ɪ t̚
liana	ˈl i a̯ n a
bendu	b ə n . ˈd u
bungsut	ˈb ʊ ŋ s ʊ t̚
akresi	a . ˈk r e . s i
ate	ˈa . t e
bineka	b i . ˈn e . k a
kapal	k a . p a l
talian	t a ˈl i a n
bungsu	b u ŋ s u
karna	k a r . n a
masakan	m a ˈs a k̚ a n
lelangit	l ə . ˈl ä . ŋ ɪ t̪̚
kolusi	k o ˈl u s i
junta	ˈd͡ʒ ʊ n . t a
intensi	i n t ɛ n s i
jagung	ˈd͡ʒ a ɡ ʊ ŋ
perpaduan	p ə r p a ˈd u a n
mengimbuh	m ə ŋ . i m . b u h
gang	ɡ a ŋ
swatantra	s ʋ a t a n t r a
lali	ˈl a l i
tromol	ˈt r o . m o l
kultivasi	k ʊ l t i ˈv a s i
hiu	ˈh i . u
tarekat	t a ˈr ɛ k a t̚
aspal	a s . p a l
alkana	a l . k a . n a
membaca	m ə m ˈb a t͡ʃ a
IPM	i ˈp ɛ ɛ m
aloun	a . ˈl o . ʊ n
Sulut	s u . l u t
serampang	s ə ˈr a m p a ŋ
perbuatan	p ə r . b u . a . t a n
akar	a . k a r
pemeruman	p ə m ə ˈr u m a n
tengok	ˈt e . ŋ ɔ k
wilis	ˈw i . l ɪ s
perembesan	p ə . r ə m . b ə s . ˈa n
kotor	k o t o r
jijik	d͡ʒ i . d͡ʒ ɪ ʔ
pemandian	p ə m a n ˈd i a n
tuai	t u a i̯
limas	ˈl i m a s
tiram	ˈt i r a m
baba	ˈb a . b a
borang	ˈb ɔ r a ŋ
ambil	ˈa m b ɪ l
dukung	ˈd u . k ʊ ŋ
tinjau	t i n d͡ʒ a u̯
canang	ˈt͡ʃ a . n a ŋ
angkruk	ˈa ŋ k r ʊ k̚
pernyataan	p ə r . ɲ a . ˈt a . a n
onagata	o . n a . ɡ a . t a
arowon	a . ˈr o . w ɔ n
keseruan	k ə s ə ˈr u a n
magnitudo	m a k n i ˈt u d o
angkatan	a ŋ ˈk a t a n
senantiasa	s ə n a n t i ˈa s a
nyaman	ˈɲ a m a n
menghadap	m ə ŋ . ˈh a . d a p
ardi	ˈa r . d i
abi	a b i
uap	ˈʊ a p̚
formatif	f ɔ r . ˈm a . t ɪ f
mengemasi	m ə ɲ ə m a s i
cedera	t͡ʃ ə . d ə . r a
zikir	ˈz i k ɪ r
rehabilitasi	r e h a b i l i ˈt a s i
dipantau	d i ˈp a n t a u̯
peria	p ə ˈr i a̯
bagi	b a . ɡ i
menyanggah	m ə ˈɲ a ŋ ɡ a h
gilap	ˈɡ i l a p̚
andam	ˈa n d a m
pedagogi	p e d a ˈɡ o ɡ i
kubak	ˈk u b a ʔ
kecil	k ə ˈt͡ʃ i l
ekstrapolasi	ɛ k s . t r a . p o . ˈl a . s i
pengenalan	p ə ŋ ə ˈn a l a n
lancia	l a n . t͡ʃ i a̯
menggarisbawahi	m ə ŋ . ɡ a . r i s . b a . w a h . i
penganjur	p ə ŋ ˈa n d͡ʒ ʊ r
kontributor	k ɔ n . t r i . ˈb u . t ɔ r
kuap	ˈk u a p̚
berbeda	b ə r ˈb ɛ d a
lurah	ˈl u . r a h
kabupaten	k a . b u . p a . t e n
bushido	b u s . h i . d o
handschoen	h a n . s ə k ʊ n
nabatah	n a b a t a h
pola	ˈp o l a
tanggapan	t a ŋ . ɡ a . p a n
buruk	ˈb u r u k
insaf	i n . s a f
keparat	k ə . p a . r a t
patriarki	p a . t r i . ˈa r . k i
tengar	t ə ˈŋ a r
toksik	ˈt ɔ k . s ɪ k
japri	d͡ʒ a . p r i
frater	f r a t ə r
kemacetan	k ə m a t͡ʃ ə t ˈa n
min	ˈm ɪ n
produk	ˈp r o . d ʊ k
siber	ˈs i b ə r
permainan	p ə r ˈm a i . n a n
Merkurius	m ɛ r . k u . ˈr i . ʊ s
rekonsiliasi	r e . k ɔ n . s i . l i . ˈa . s i
diperkokoh	d i p ə r ˈk o k ɔ h
tapa	t a . p a
naskah	ˈn a s . k a h
LPMP	ɛ l p e ˈɛ m p e
aborsi	ˈa b ɔ r s i
cultuurstelsel	k ʊ l t ʊ r s t ɛ l s ə l
mengatakan	m ə ŋ a ˈt a k a n
ritsleting	r i t . s l ə . t i ŋ
memilih	m ə . m i . l i h
nalar	ˈn a l a r
jujitsu	d ʒ u . d ʒ ɪ t . s u
ketumbar	k ə ˈt ʊ m b a r
memaafkan	m ə . m a . a f . k a n
mukbang	ˈm ʊ k b ɑ ŋ
kayas	k a ˈj a s
manset	ˈm a n s ɛ t
bustan	ˈb ʊ s t a n
pihak	ˈp i h a ʔ
membangunkan	m ə m b a ˈŋ ʊ n k a n
monomer	m o ˈn o m ɛ r
kehujanan	k ə ˈh u d͡ʒ a n a n
sarden	ˈs a r d ɛ n
berkembang	b ə r k ə m ˈb a ŋ
asrok	ˈa s . r ɔ k
adil	a . d i l
amporang	a m ˈp o r a ŋ
pastor	p a s t o r
bersenandung	b ə r s ə ˈn a n d ʊ ŋ
ransel	ˈr a n . s ə l
perdana	p ə r d a n a
am	ˈa m
pita	p i . t a
buku	ˈb u k u
eksim	ˈɛ k . s ɪ m
sarana	s a . r a . n a
bulu	ˈb u . l u
determinasi	d e . t ɛ r . m i . ˈn a . s i
beban	b ə ˈb a n
luak	ˈl u a k̚
dolar	ˈd o l a r
warkat	ˈw a r . k a t
sembilan	s ə m . ˈb i . l ä n
sentul	s ə n . ˈt ʊ l
umat	ˈu m a t̚
membuka	m ə m ˈb u k a
umi	ˈʊ m i
anggana	a ŋ ˈɡ a n a
yuyitsu	j u . j i t . s u
menjijikkan	m ə n . d͡ʒ i . d͡ʒ ɪ ʔ . k a n
izin	ˈɪ z ɪ n
menyusun	m ə . ɲ u . s ʊ n
siluet	s i . ˈl u . ɛ t
hibrida	h i ˈb r i d a
kompetisi	k ɔ m p ə ˈt i s i
calak	ˈt͡ʃ a l a ʔ
sementara	s ə m ə n ˈt a r a
sini	ˈs i n i
seronok	s ə . ˈr o . n ɔ ʔ
takoyaki	t a . k o . j a . k i
abras	a b . r a s
Februari	f ɛ b r u ˈa r i
perabuan	p ə r ˈa b u a n
manga	ˈm a n ɡ a
darwis	ˈd a r w ɪ s
rungu	ˈr u . ŋ u
IPA	i . ˈp a
landasan	l a n . d a . s a n
hitung	ˈh i t ʊ ŋ
feodal	f e ˈo d a l
kedaerahan	k ə . d a ɛ . ˈr a h . a n
komet	ˈk o . m ɛ t̚
alodna	a . ˈl ɔ t . n a
mula	m u l a
bingar	ˈb i ŋ a r
bunga	ˈb u ŋ a
eutanasia	e u t a n a ˈs i a
katedral	k a t ə d r a l
beton	b ə . t o n
alfuil	a l ˈf u ɪ l
psikolog	p ə s i ˈk o l ɔ k̚
gender	ˈɡ ɛ n d ə r
lepra	l ɛ p r a
apologi	a p o ˈl o ɡ i
pialang	ˈp ɪ j a l a ŋ
sadir	ˈs a d ɪ r
kaliks	ˈk a l ɪ k s
embrio	ɛ m ˈb r i o
kaca	k a t͡ʃ a
alis	ˈʔ ä . l i s
geulis	ɡ ɘ . ˈl ɪ s
kuy	ˈk u j
aora	a . ˈo . r a
memola	m ə ˈm o l a
doa	d o a
bulbul	ˈb ʊ l b ʊ l
persentil	p ə r . ˈs ɛ n . t ɪ l
gemuk	ˈɡ ə m ʊ ʔ
adisi	a . ˈd i . s i
pembohong	p ə m . b o . h o n ɡ
mahakuasa	m a h a k u a s a
ilah	ˈɪ l a h
perulangan	p ə r . ˈʊ l a ŋ . a n
agung	ˈa ɡ ʊ ŋ
Tamil	ˈt a m ɪ l
gusi	ˈɡ u . s i
esa	ə . s a
pokok	ˈp o k ɔ k̚
biner	ˈb i n ɛ r
makna	ˈm a ʔ n a
aruris	a . ˈr u . r ɪ s
pencucian	p ə n t͡ʃ u t͡ʃ iʲ a n
sami	ˈs a m i
wanprestasi	w a n p r e s t a s i
kanji	k a n . d͡ʒ i
bagan	ˈb a . ɡ a n
amput	ˈa m p ʊ t̚
ajara	ˈa d͡ʒ a r a
gugus	ˈɡ u ɡ ʊ s
buana	b u a̯ . n a
teladan	t ə l a d a n
Austria	a ʊ s ˈt r i a
muluk	ˈm u . l ʊ ʔ
kandungan	k a n ˈd ʊ ŋ a n
ketombe	k ə ˈt ɔ m b e
bawi	b a . w i
internasional	i n t ə r n a s i o n a l
iotasisme	i o t a ˈs ɪ s m ə
dekan	d e k a n
