aniquilar	a n i k i ˈl a ɾ
embarulladas	e m b a ɾ u ˈʝ a d a s
angostados	a n ɡ o s ˈt a d o s
acotolados	a k o t o ˈl a d o s
fincados	f i n ˈk a d o s
rotular	r o t u ˈl a ɾ
taco	ˈt a k o
serigrafiado	s e ɾ i ɡ ɾ a ˈf j a d o
rebuscado	r e b u s ˈk a d o
expectorados	e ɡ s p e ɡ t o ˈɾ a d o s
biotecnóloga	b j o t e ɡ ˈn o l o ɡ a
tener	t e ˈn e ɾ
inventes	i m ˈb e n t e s
ontofántico	o n t o ˈf a n t i k o
diablita	d j a ˈb l i t a
apocopa	a p o ˈk o p a
estampa	e s ˈt a m p a
abajadlo	a b a ˈx a d l o
Vito	ˈb i t o
bongosero	b o n ɡ o ˈs e ɾ o
anuario	a ˈn w a ɾ j o
sobrepujaremos	s o b ɾ e p u x a ˈɾ e m o s
abundas	a ˈb u n d a s
renqueada	r e n k e ˈa d a
clic	ˈk l i k
escudriñamiento	e s k u d ɾ i ɲ a ˈm j e n t o
irritadas	i r i ˈt a d a s
tormientado	t o ɾ m j e n ˈt a d o
aborregaríamos	a b o r e ɡ a ˈɾ i a m o s
afluir	a ˈf l w i ɾ
codescubierto	k o d e s k u ˈb j e ɾ t o
carpinteril	k a ɾ p i n t e ˈɾ i l
oxidaras	o ɡ s i ˈd a ɾ a s
charquito	t͡ʃ a ɾ ˈk i t o
oraremos	o ɾ a ˈɾ e m o s
agorafóbico	a ɡ o ɾ a ˈf o b i k o
saturaste	s a t u ˈɾ a s t e
yudoca	ʝ u ˈd o k a
ejemplo	e ˈx e m p l o
tomografía	t o m o ɡ ɾ a ˈf i a
temiera	t e ˈm j e ɾ a
conservadorismo	k o n s e ɾ b a d o ˈɾ i s m o
santa	ˈs a n t a
enjugador	e n x u ɡ a ˈd o ɾ
apachurrada	a p a t͡ʃ u ˈr a d a
bastir	b a s ˈt i ɾ
cuatrilingüe	k w a t ɾ i ˈl i n ɡ w e
barbarie	b a ɾ ˈb a ɾ j e
pastito	p a s ˈt i t o
antepuesto	a n t e ˈp w e s t o
mitin	ˈm i t i n
deleitadas	d e l e i ˈt a d a s
abastada	a b a s ˈt a d a
agolpado	a ɡ o l ˈp a d o
extensas	e ɡ s ˈt e n s a s
faremos	f a ˈɾ e m o s
opulento	o p u ˈl e n t o
complique	k o m ˈp l i k e
insumir	i n s u ˈm i ɾ
porrito	p o ˈr i t o
amartillado	a m a ɾ t i ˈʝ a d o
elamita	e l a ˈm i t a
onde	ˈo n d e
despierta	d e s ˈp j e ɾ t a
trasquilado	t ɾ a s k i ˈl a d o
superpotente	s u p e ɾ p o ˈt e n t e
heredar	e ɾ e ˈd a ɾ
acopiada	a k o ˈp j a d a
impracticabilidad	i m p ɾ a ɡ t i k a b i l i ˈd a d
vedarme	b e ˈd a ɾ m e
ey	ˈe i
adherir	a d e ˈɾ i ɾ
acojonadas	a k o x o ˈn a d a s
hables	ˈa b l e s
hervida	e ɾ ˈb i d a
coventículo	k o b e n ˈt i k u l o
golpismo	ɡ o l ˈp i s m o
llevar	ʝ e ˈb a ɾ
rebobinar	r e b o b i ˈn a ɾ
animada	a n i ˈm a d a
miocarditis	m j o k a ɾ ˈd i t i s
estratigrafía	e s t ɾ a t i ɡ ɾ a ˈf i a
lídar	ˈl i d a ɾ
demente	d e ˈm e n t e
acompañamiento	a k o m p a ɲ a ˈm j e n t o
ándelas	ˈa n d e l a s
termine	t e ɾ ˈm i n e
desmesurada	d e s m e s u ˈɾ a d a
premiaríamos	p ɾ e m j a ˈɾ i a m o s
portuenses	p o ɾ ˈt w e n s e s
psicoterapias	s i k o t e ˈɾ a p j a s
extracto	e ɡ s ˈt ɾ a ɡ t o
organismo	o ɾ ɡ a ˈn i s m o
asuán	a ˈs w a n
destapador	d e s t a p a ˈd o ɾ
fructífero	f ɾ u ɡ ˈt i f e ɾ o
conmutatividad	k o m m u t a t i b i ˈd a d
Jaca	ˈx a k a
apenaremos	a p e n a ˈɾ e m o s
notro	ˈn o t ɾ o
vendimiados	b e n d i ˈm j a d o s
mal	ˈm a l
abogades	a b o ˈɡ a d e s
seríamos	s e ˈɾ i a m o s
dañados	d a ˈɲ a d o s
santeros	s a n ˈt e ɾ o s
plastificaríamos	p l a s t i f i k a ˈɾ i a m o s
paleáramos	p a l e ˈa ɾ a m o s
contractualista	k o n t ɾ a ɡ t w a ˈl i s t a
hidrólisis	i ˈd ɾ o l i s i s
respuesta	r e s ˈp w e s t a
caligrafiados	k a l i ɡ ɾ a ˈf j a d o s
deslustrada	d e s l u s ˈt ɾ a d a
estar	e s ˈt a ɾ
lama	ˈl a m a
casuales	k a ˈs w a l e s
banfileños	b a n f i ˈl e ɲ o s
general	x e n e ˈɾ a l
argumentar	a ɾ ɡ u m e n ˈt a ɾ
indómitas	i n ˈd o m i t a s
recolectadas	r e k o l e ɡ ˈt a d a s
agüé	a ˈɡ w e
atribular	a t ɾ i b u ˈl a ɾ
intentada	i n t e n ˈt a d a
psíquico	ˈs i k i k o
autoantónimo	a u t o a n ˈt o n i m o
fabrica	f a ˈb ɾ i k a
polbero	p o l ˈb e ɾ o
semisedentario	s e m i s e d e n ˈt a ɾ j o
chequeados	t͡ʃ e k e ˈa d o s
hasta	ˈa s t a
eslabonamiento	e s l a b o n a ˈm j e n t o
limados	l i ˈm a d o s
fariano	f a ˈɾ j a n o
limitadora	l i m i t a ˈd o ɾ a
bulón	b u ˈl o n
animaras	a n i ˈm a ɾ a s
nativa	n a ˈt i b a
rasgueado	r a s ɡ e ˈa d o
menopáusico	m e n o ˈp a u s i k o
quincuagésimo	k i n k w a ˈx e s i m o
disparado	d i s p a ˈɾ a d o
histoquímicas	i s t o ˈk i m i k a s
unir	u ˈn i ɾ
microendémico	m i k ɾ o e n ˈd e m i k o
sacralidad	s a k ɾ a l i ˈd a d
abastáramos	a b a s ˈt a ɾ a m o s
opaca	o ˈp a k a
lampasados	l a m p a ˈs a d o s
enfisematoso	e n f i s e m a ˈt o s o
gradados	ɡ ɾ a ˈd a d o s
bisemanal	b i s e m a ˈn a l
acoplas	a ˈk o p l a s
estaño	e s ˈt a ɲ o
reprochamos	r e p ɾ o ˈt͡ʃ a m o s
indignidad	i n d i ɡ n i ˈd a d
Salaverria	s a l a ˈb e r j a
vincristina	b i n k ɾ i s ˈt i n a
acatados	a k a ˈt a d o s
cumplimentados	k u m p l i m e n ˈt a d o s
rutina	r u ˈt i n a
intradérmico	i n t ɾ a ˈd e ɾ m i k o
padrastro	p a ˈd ɾ a s t ɾ o
Putumayo	p u t u ˈm a ʝ o
aguador	a ɡ w a ˈd o ɾ
frustres	ˈf ɾ u s t ɾ e s
hevea	e ˈb e a
castigados	k a s t i ˈɡ a d o s
consejera	k o n s e ˈx e ɾ a
defino	d e ˈf i n o
diabólicos	d j a ˈb o l i k o s
trasparentadas	t ɾ a s p a ɾ e n ˈt a d a s
destacados	d e s t a ˈk a d o s
dentaria	d e n ˈt a ɾ j a
Nebraska	n e ˈb ɾ a s k a
Cardona	k a ɾ ˈd o n a
bioéticas	b i o ˈe t i k a s
oncogénesis	o n k o ˈx e n e s i s
lamentaste	l a m e n ˈt a s t e
flojo	ˈf l o x o
alongadas	a l o n ˈɡ a d a s
premedita	p ɾ e m e ˈd i t a
devasto	d e ˈb a s t o
gamarrista	ɡ a m a ˈr i s t a
laboriosa	l a b o ˈɾ j o s a
costearíamos	k o s t e a ˈɾ i a m o s
prosterná	p ɾ o s t e ɾ ˈn a
achorar	a t͡ʃ o ˈɾ a ɾ
languor	l a n ˈɡ w o ɾ
gotita	ɡ o ˈt i t a
esofagogastroduodenoscopia	e s o f a ɡ o ɡ a s t ɾ o d w o d e n o s ˈk o p j a
mandril	m a n ˈd ɾ i l
ruejo	ˈr w e x o
fornicamos	f o ɾ n i ˈk a m o s
arañar	a ɾ a ˈɲ a ɾ
penúltima	p e ˈn u l t i m a
koala	k o ˈa l a
trilema	t ɾ i ˈl e m a
valentona	b a l e n ˈt o n a
prestatario	p ɾ e s t a ˈt a ɾ j o
jalapeño	x a l a ˈp e ɲ o
prototipo	p ɾ o t o ˈt i p o
indisimulada	i n d i s i m u ˈl a d a
perpetrador	p e ɾ p e t ɾ a ˈd o ɾ
orladas	o ɾ ˈl a d a s
reintentar	r e i n t e n ˈt a ɾ
heroica	e ˈɾ o i k a
envolver	e m b o l ˈb e ɾ
catadas	k a ˈt a d a s
sexar	s e ɡ ˈs a ɾ
depilar	d e p i ˈl a ɾ
abreviaremos	a b ɾ e b j a ˈɾ e m o s
extrasistólicos	e ɡ s t ɾ a s i s ˈt o l i k o s
chapoteados	t͡ʃ a p o t e ˈa d o s
anguladas	a n ɡ u ˈl a d a s
obsequiada	o b s e ˈk j a d a
revoleada	r e b o l e ˈa d a
tuvimos	t u ˈb i m o s
llamémosla	ʝ a ˈm e m o s l a
vienés	b j e ˈn e s
yoduro	ʝ o ˈd u ɾ o
bilis	ˈb i l i s
escuadronados	e s k w a d ɾ o ˈn a d o s
propano	p ɾ o ˈp a n o
conectaste	k o n e ɡ ˈt a s t e
evangelio	e b a n ˈx e l j o
tañedora	t a ɲ e ˈd o ɾ a
venteadas	b e n t e ˈa d a s
enumeradas	e n u m e ˈɾ a d a s
aguijados	a ɡ i ˈx a d o s
cuidando	k w i ˈd a n d o
alijaste	a l i ˈx a s t e
embebidos	e m b e ˈb i d o s
confeso	k o n ˈf e s o
andaban	a n ˈd a b a n
multitudinaria	m u l t i t u d i ˈn a ɾ j a
paliada	p a ˈl j a d a
precavido	p ɾ e k a ˈb i d o
frambueso	f ɾ a m ˈb w e s o
rafagueados	r a f a ɡ e ˈa d o s
mineróloga	m i n e ˈɾ o l o ɡ a
pésimo	ˈp e s i m o
divisadas	d i b i ˈs a d a s
quemador	k e m a ˈd o ɾ
colocado	k o l o ˈk a d o
amentoflavona	a m e n t o f l a ˈb o n a
enagua	e ˈn a ɡ w a
Alexandrescu	a l e ɡ s a n ˈd ɾ e s k u
vigesimosexto	b i ˌx e s i m o ˈs e ɡ s t o
fibrinosos	f i b ɾ i ˈn o s o s
gatear	ɡ a t e ˈa ɾ
copernicanos	k o p e ɾ n i ˈk a n o s
siútico	ˈs j u t i k o
cal	ˈk a l
castellanista	k a s t e ʝ a ˈn i s t a
latino	l a ˈt i n o
totopo	t o ˈt o p o
sobresaltadas	s o b ɾ e s a l ˈt a d a s
modifico	m o d i ˈf i k o
ganduleadas	ɡ a n d u l e ˈa d a s
abejón	a b e ˈx o n
reverberaréis	r e b e ɾ b e ɾ a ˈɾ e i s
desencabestrado	d e s e n k a b e s ˈt ɾ a d o
legalidad	l e ɡ a l i ˈd a d
gentilhombre	x e n t i ˈl o m b ɾ e
yaresaní	ʝ a ɾ e s a ˈn i
taquito	t a ˈk i t o
buscando	b u s ˈk a n d o
concluís	k o n ˈk l w i s
amplificado	a m p l i f i ˈk a d o
trópicas	ˈt ɾ o p i k a s
tened	t e ˈn e d
desenchufadas	d e s e n t͡ʃ u ˈf a d a s
comilón	k o m i ˈl o n
abductor	a b d u ɡ ˈt o ɾ
retractados	r e t ɾ a ɡ ˈt a d o s
herradero	e r a ˈd e ɾ o
mentecatos	m e n t e ˈk a t o s
redimidos	r e d i ˈm i d o s
resondrar	r e s o n ˈd ɾ a ɾ
falsedad	f a l s e ˈd a d
mosaicos	m o ˈs a i k o s
nacatamal	n a k a t a ˈm a l
chinicuil	t͡ʃ i n i ˈk w i l
desembrujada	d e s e m b ɾ u ˈx a d a
enfriadero	e n f ɾ j a ˈd e ɾ o
encasquetado	e n k a s k e ˈt a d o
jauría	x a u ˈɾ i a
jaca	ˈx a k a
triangulará	t ɾ j a n ɡ u l a ˈɾ a
ruines	ˈr w i n e s
opinas	o ˈp i n a s
esponjaren	e s p o n ˈx a ɾ e n
fantasmagóricos	f a n t a s m a ˈɡ o ɾ i k o s
enganchadas	e n ɡ a n ˈt͡ʃ a d a s
devotas	d e ˈb o t a s
retrotraer	r e t ɾ o t ɾ a ˈe ɾ
pluralidades	p l u ɾ a l i ˈd a d e s
aligerados	a l i x e ˈɾ a d o s
levitado	l e b i ˈt a d o
envalentonadas	e m b a l e n t o ˈn a d a s
desentender	d e s e n t e n ˈd e ɾ
definimos	d e f i ˈn i m o s
testadas	t e s ˈt a d a s
burdeos	b u ɾ ˈd e o s
debelaste	d e b e ˈl a s t e
saudade	s a u ˈd a d e
espantoso	e s p a n ˈt o s o
otaku	o ˈt a k u
topónimo	t o ˈp o n i m o
encarnados	e n k a ɾ ˈn a d o s
dentudo	d e n ˈt u d o
deambuladas	d e a m b u ˈl a d a s
Cordillera	k o ɾ d i ˈʝ e ɾ a
inexplicables	i n e ɡ s p l i ˈk a b l e s
estriada	e s ˈt ɾ j a d a
instigaríamos	i n s t i ɡ a ˈɾ i a m o s
cleriguito	k l e ɾ i ˈɡ i t o
empreñador	e m p ɾ e ɲ a ˈd o ɾ
sapa	ˈs a p a
desprotegida	d e s p ɾ o t e ˈx i d a
sobrevoladas	s o b ɾ e b o ˈl a d a s
peloteado	p e l o t e ˈa d o
pop	ˈp o p
decacordio	d e k a ˈk o ɾ d j o
pseudoartrosis	s e u d o a ɾ ˈt ɾ o s i s
ecléctico	e ˈk l e ɡ t i k o
alérgeno	a ˈl e ɾ x e n o
sorpresivamente	s o ɾ p ɾ e ˌs i b a ˈm e n t e
extendidas	e ɡ s t e n ˈd i d a s
interpoladas	i n t e ɾ p o ˈl a d a s
veneranda	b e n e ˈɾ a n d a
sed	ˈs e d
sauna	ˈs a u n a
responderemos	r e s p o n d e ˈɾ e m o s
ninguno	n i n ˈɡ u n o
Goliat	ɡ o ˈl j a t
desvividas	d e s b i ˈb i d a s
despellejados	d e s p e ʝ e ˈx a d o s
panegírico	p a n e ˈx i ɾ i k o
ligeramente	l i ˌx e ɾ a ˈm e n t e
beldar	b e l ˈd a ɾ
aturada	a t u ˈɾ a d a
panal	p a ˈn a l
sujetar	s u x e ˈt a ɾ
soleros	s o ˈl e ɾ o s
colador	k o l a ˈd o ɾ
abacoraremos	a b a k o ɾ a ˈɾ e m o s
tonos	ˈt o n o s
deltoidal	d e l t o i ˈd a l
tardar	t a ɾ ˈd a ɾ
recalificada	r e k a l i f i ˈk a d a
murmurador	m u ɾ m u ɾ a ˈd o ɾ
cojinúa	k o x i ˈn u a
nítidas	ˈn i t i d a s
caprino	k a ˈp ɾ i n o
villalbés	b i ʝ a l ˈb e s
menudeados	m e n u d e ˈa d o s
autarquía	a u t a ɾ ˈk i a
amohinadas	a m o i ˈn a d a s
seriada	s e ˈɾ j a d a
deformante	d e f o ɾ ˈm a n t e
delineares	d e l i n e ˈa ɾ e s
trasmontados	t ɾ a s m o n ˈt a d o s
recostabas	r e k o s ˈt a b a s
modernidad	m o d e ɾ n i ˈd a d
Góngora	ˈɡ o n ɡ o ɾ a
rogará	r o ɡ a ˈɾ a
suinos	ˈs w i n o s
trabar	t ɾ a ˈb a ɾ
quintacolumnista	k i n t a k o l u m ˈn i s t a
malditas	m a l ˈd i t a s
anfipática	a n f i ˈp a t i k a
atutía	a t u ˈt i a
talladores	t a ʝ a ˈd o ɾ e s
matoneadas	m a t o n e ˈa d a s
xaminí	s a m i ˈn i
Luis	ˈl w i s
lero	ˈl e ɾ o
raigrás	r a i ˈɡ ɾ a s
esculpida	e s k u l ˈp i d a
palpitar	p a l p i ˈt a ɾ
alcoyanas	a l k o ˈʝ a n a s
regrabados	r e ɡ ɾ a ˈb a d o s
bilabial	b i l a ˈb j a l
frentista	f ɾ e n ˈt i s t a
flaco	ˈf l a k o
unicameral	u n i k a m e ˈɾ a l
predictibilidad	p ɾ e d i ɡ t i b i l i ˈd a d
consensuar	k o n s e n ˈs w a ɾ
hipocomplementemia	i p o k o m p l e m e n ˈt e m j a
escapado	e s k a ˈp a d o
antinomia	a n t i ˈn o m j a
cofre	ˈk o f ɾ e
tejita	t e ˈx i t a
satisfechísimo	s a t i s f e ˈt͡ʃ i s i m o
administráramos	a d m i n i s ˈt ɾ a ɾ a m o s
refulgidas	r e f u l ˈx i d a s
triunfo	ˈt ɾ j u n f o
dinerario	d i n e ˈɾ a ɾ j o
escolta	e s ˈk o l t a
soberbia	s o ˈb e ɾ b j a
admitir	a d m i ˈt i ɾ
camerístico	k a m e ˈɾ i s t i k o
atravesar	a t ɾ a b e ˈs a ɾ
xerografiados	s e ɾ o ɡ ɾ a ˈf j a d o s
bebito	b e ˈb i t o
juntillo	x u n ˈt i ʝ o
Ramona	r a ˈm o n a
atenidos	a t e ˈn i d o s
disculpa	d i s ˈk u l p a
aventada	a b e n ˈt a d a
superares	s u p e ˈɾ a ɾ e s
arbustiva	a ɾ b u s ˈt i b a
dijeren	d i ˈx e ɾ e n
desconsoladas	d e s k o n s o ˈl a d a s
multáramos	m u l ˈt a ɾ a m o s
malpuesto	m a l ˈp w e s t o
sagitada	s a x i ˈt a d a
amariconado	a m a ɾ i k o ˈn a d o
abjurando	a b x u ˈɾ a n d o
marmota	m a ɾ ˈm o t a
presentes	p ɾ e ˈs e n t e s
yuracaré	ʝ u ɾ a k a ˈɾ e
Ledesma	l e ˈd e s m a
medianera	m e d j a ˈn e ɾ a
inquietada	i n k j e ˈt a d a
girado	x i ˈɾ a d o
fiques	ˈf i k e s
coexista	k o e ɡ ˈs i s t a
tortures	t o ɾ ˈt u ɾ e s
sobrevolada	s o b ɾ e b o ˈl a d a
chucho	ˈt͡ʃ u t͡ʃ o
maracuyá	m a ɾ a k u ˈʝ a
desgarradas	d e s ɡ a ˈr a d a s
periclitado	p e ɾ i k l i ˈt a d o
sopor	s o ˈp o ɾ
tonadilla	t o n a ˈd i ʝ a
aguará	a ɡ w a ˈɾ a
piragua	p i ˈɾ a ɡ w a
babélica	b a ˈb e l i k a
nectáreas	n e ɡ ˈt a ɾ e a s
lisar	l i ˈs a ɾ
lenón	l e ˈn o n
argayar	a ɾ ɡ a ˈʝ a ɾ
sustantiva	s u s t a n ˈt i b a
acuanautas	a k w a ˈn a u t a s
gratinaste	ɡ ɾ a t i ˈn a s t e
abaldóneles	a b a l ˈd o n e l e s
achicopalaos	a t͡ʃ i k o p a ˈl a o s
asamblea	a s a m ˈb l e a
Tomasa	t o ˈm a s a
misionero	m i s j o ˈn e ɾ o
miositis	m j o ˈs i t i s
jamelgo	x a ˈm e l ɡ o
columbradas	k o l u m ˈb ɾ a d a s
magistratura	m a x i s t ɾ a ˈt u ɾ a
tajantemente	t a ˌx a n t e ˈm e n t e
débil	ˈd e b i l
duche	ˈd u t͡ʃ e
masculina	m a s k u ˈl i n a
miras	ˈm i ɾ a s
chontaduro	t͡ʃ o n t a ˈd u ɾ o
personificar	p e ɾ s o n i f i ˈk a ɾ
tenías	t e ˈn i a s
artrósico	a ɾ ˈt ɾ o s i k o
sobrevalorados	s o b ɾ e b a l o ˈɾ a d o s
trincadas	t ɾ i n ˈk a d a s
envidioso	e m b i ˈd j o s o
apocalipsis	a p o k a ˈl i b s i s
diseñar	d i s e ˈɲ a ɾ
prologal	p ɾ o l o ˈɡ a l
adietado	a d j e ˈt a d o
presupuestario	p ɾ e s u p w e s ˈt a ɾ j o
leído	l e ˈi d o
Saturno	s a ˈt u ɾ n o
espeso	e s ˈp e s o
espectrómetros	e s p e ɡ ˈt ɾ o m e t ɾ o s
desnudamiento	d e s n u d a ˈm j e n t o
fontanería	f o n t a n e ˈɾ i a
detergidos	d e t e ɾ ˈx i d o s
excluido	e ɡ s ˈk l w i d o
afirmativo	a f i ɾ m a ˈt i b o
argumentes	a ɾ ɡ u ˈm e n t e s
abañadas	a b a ˈɲ a d a s
autogestionado	a u t o x e s t j o ˈn a d o
andaos	a n ˈd a o s
chachapoya	t͡ʃ a t͡ʃ a ˈp o ʝ a
actitudinal	a ɡ t i t u d i ˈn a l
desportillar	d e s p o ɾ t i ˈʝ a ɾ
discrepadas	d i s k ɾ e ˈp a d a s
ahondada	a o n ˈd a d a
smoking	e s ˈm o k i n
Marsella	m a ɾ ˈs e ʝ a
quimioterápico	k i m j o t e ˈɾ a p i k o
tetradimensionales	t e t ɾ a d i m e n s j o ˈn a l e s
rehogar	r e o ˈɡ a ɾ
desprestigiado	d e s p ɾ e s t i ˈx j a d o
votará	b o t a ˈɾ a
codón	k o ˈd o n
comprensible	k o m p ɾ e n ˈs i b l e
reinona	r e i ˈn o n a
melotrón	m e l o ˈt ɾ o n
Higüey	i ˈɡ w e i
escavar	e s k a ˈb a ɾ
glosara	ɡ l o ˈs a ɾ a
tintineo	t i n t i ˈn e o
caballera	k a b a ˈʝ e ɾ a
alteo	a l ˈt e o
cocodrila	k o k o ˈd ɾ i l a
dieron	ˈd j e ɾ o n
riñón	r i ˈɲ o n
substituidos	s u b s t i ˈt w i d o s
traficante	t ɾ a f i ˈk a n t e
aldónico	a l ˈd o n i k o
bifurcado	b i f u ɾ ˈk a d o
proamericanas	p ɾ o a m e ɾ i ˈk a n a s
skyline	e s ˈk a i l a i n
ascua	ˈa s k w a
chutaríamos	t͡ʃ u t a ˈɾ i a m o s
germanísticos	x e ɾ m a ˈn i s t i k o s
bregue	ˈb ɾ e ɡ e
dictablanda	d i ɡ t a ˈb l a n d a
americano	a m e ɾ i ˈk a n o
ventriloquia	b e n t ɾ i ˈl o k j a
comidilla	k o m i ˈd i ʝ a
desordenar	d e s o ɾ d e ˈn a ɾ
percutirá	p e ɾ k u t i ˈɾ a
simplifique	s i m p l i ˈf i k e
piridoxina	p i ɾ i d o ɡ ˈs i n a
gavetero	ɡ a b e ˈt e ɾ o
ricos	ˈr i k o s
africada	a f ɾ i ˈk a d a
roca	ˈr o k a
desempatados	d e s e m p a ˈt a d o s
chistorra	t͡ʃ i s ˈt o r a
desbotonar	d e s b o t o ˈn a ɾ
dinamita	d i n a ˈm i t a
putadita	p u t a ˈd i t a
germanio	x e ɾ ˈm a n j o
fisgoneados	f i s ɡ o n e ˈa d o s
abejorro	a b e ˈx o r o
enfocados	e n f o ˈk a d o s
horado	o ˈɾ a d o
enfriadas	e n ˈf ɾ j a d a s
axiológico	a ɡ s j o ˈl o x i k o
arraigado	a r a i ˈɡ a d o
trajinados	t ɾ a x i ˈn a d o s
dominicas	d o m i ˈn i k a s
retornado	r e t o ɾ ˈn a d o
Vichada	b i ˈt͡ʃ a d a
abullonaras	a b u ʝ o ˈn a ɾ a s
bebienda	b e ˈb j e n d a
verdusco	b e ɾ ˈd u s k o
engallar	e n ɡ a ˈʝ a ɾ
parsec	p a ɾ ˈs e k
subida	s u ˈb i d a
anchura	a n ˈt͡ʃ u ɾ a
autocorregido	a u t o k o r e ˈx i d o
subarrendar	s u b a r e n ˈd a ɾ
fondeados	f o n d e ˈa d o s
cartesianos	k a ɾ t e ˈs j a n o s
ahorrativo	a o r a ˈt i b o
notables	n o ˈt a b l e s
emularemos	e m u l a ˈɾ e m o s
sonados	s o ˈn a d o s
juguetonamente	x u ɡ e ˌt o n a ˈm e n t e
coagente	k o a ˈx e n t e
seudoconsulta	s e u d o k o n ˈs u l t a
saladería	s a l a d e ˈɾ i a
guineoecuatorial	ɡ i n e o e k w a t o ˈɾ j a l
escrutados	e s k ɾ u ˈt a d o s
polígloto	p o ˈl i ɡ l o t o
sintomáticas	s i n t o ˈm a t i k a s
pelasga	p e ˈl a s ɡ a
laudar	l a u ˈd a ɾ
mansega	m a n ˈs e ɡ a
escurrir	e s k u ˈr i ɾ
gaviotín	ɡ a b j o ˈt i n
enlutar	e n l u ˈt a ɾ
ballesta	b a ˈʝ e s t a
anidados	a n i ˈd a d o s
algodonadas	a l ɡ o d o ˈn a d a s
recostados	r e k o s ˈt a d o s
fermentaras	f e ɾ m e n ˈt a ɾ a s
asolada	a s o ˈl a d a
cagado	k a ˈɡ a d o
onagro	o ˈn a ɡ ɾ o
derribo	d e ˈr i b o
envión	e m ˈb j o n
guadaña	ɡ w a ˈd a ɲ a
sobresaltar	s o b ɾ e s a l ˈt a ɾ
condenado	k o n d e ˈn a d o
transparentada	t ɾ a n s p a ɾ e n ˈt a d a
Montellano	m o n t e ˈʝ a n o
derribar	d e r i ˈb a ɾ
brie	ˈb ɾ i
siamesas	s j a ˈm e s a s
agrillo	a ˈɡ ɾ i ʝ o
disfemia	d i s ˈf e m j a
cutrona	k u ˈt ɾ o n a
imaginara	i m a x i ˈn a ɾ a
ovil	o ˈb i l
tedioso	t e ˈd j o s o
falafel	f a l a ˈf e l
nefríticos	n e ˈf ɾ i t i k o s
encriptadas	e n k ɾ i b ˈt a d a s
cacahuete	k a k a ˈw e t e
aleteadas	a l e t e ˈa d a s
desafortunado	d e s a f o ɾ t u ˈn a d o
tántalo	ˈt a n t a l o
mielodisplasia	m j e l o d i s ˈp l a s j a
oligotrófico	o l i ɡ o ˈt ɾ o f i k o
Noguera	n o ˈɡ e ɾ a
Amarillo	a m a ˈɾ i ʝ o
fagosoma	f a ɡ o ˈs o m a
ladrones	l a ˈd ɾ o n e s
discreteadas	d i s k ɾ e t e ˈa d a s
achacoso	a t͡ʃ a ˈk o s o
Choy	ˈt͡ʃ o i
cantándoos	k a n ˈt a n d o o s
viable	ˈb j a b l e
contactes	k o n ˈt a ɡ t e s
maldad	m a l ˈd a d
mosquear	m o s k e ˈa ɾ
palatino	p a l a ˈt i n o
ventilada	b e n t i ˈl a d a
desgarres	d e s ˈɡ a r e s
generado	x e n e ˈɾ a d o
ser	ˈs e ɾ
veámoslos	b e ˈa m o s l o s
desternilladas	d e s t e ɾ n i ˈʝ a d a s
higüero	i ˈɡ w e ɾ o
divulgado	d i b u l ˈɡ a d o
traficados	t ɾ a f i ˈk a d o s
amblados	a m ˈb l a d o s
adiposa	a d i ˈp o s a
mesentérico	m e s e n ˈt e ɾ i k o
deltana	d e l ˈt a n a
utrera	u ˈt ɾ e ɾ a
lentificado	l e n t i f i ˈk a d o
desamparar	d e s a m p a ˈɾ a ɾ
caucásico	k a u ˈk a s i k o
derrochadoras	d e r o t͡ʃ a ˈd o ɾ a s
cocotes	k o ˈk o t e s
hablándome	a ˈb l a n d o m e
respiras	r e s ˈp i ɾ a s
extraversión	e ɡ s t ɾ a b e ɾ ˈs j o n
acuitados	a k w i ˈt a d o s
frivolidad	f ɾ i b o l i ˈd a d
ruralidad	r u ɾ a l i ˈd a d
rédito	ˈr e d i t o
alavesista	a l a b e ˈs i s t a
sufragada	s u f ɾ a ˈɡ a d a
revestí	r e b e s ˈt i
combinare	k o m b i ˈn a ɾ e
vagues	ˈb a ɡ e s
lapona	l a ˈp o n a
anhedonia	a n e ˈd o n j a
envestir	e m b e s ˈt i ɾ
Chile	ˈt͡ʃ i l e
melada	m e ˈl a d a
gaseoso	ɡ a s e ˈo s o
suscrito	s u s ˈk ɾ i t o
fiestones	f j e s ˈt o n e s
argüíais	a ɾ ˈɡ w i a i s
influjo	i n ˈf l u x o
replanteados	r e p l a n t e ˈa d o s
codifiques	k o d i ˈf i k e s
emigrantes	e m i ˈɡ ɾ a n t e s
vístanlo	ˈb i s t a n l o
cantalupo	k a n t a ˈl u p o
contrahechura	k o n t ɾ a e ˈt͡ʃ u ɾ a
contestar	k o n t e s ˈt a ɾ
chinchilla	t͡ʃ i n ˈt͡ʃ i ʝ a
veneraremos	b e n e ɾ a ˈɾ e m o s
lapo	ˈl a p o
babeado	b a b e ˈa d o
hedidas	e ˈd i d a s
embalemos	e m b a ˈl e m o s
sobresalir	s o b ɾ e s a ˈl i ɾ
diana	ˈd j a n a
has	ˈa s
mediodía	m e d j o ˈd i a
almodovarianos	a l m o d o b a ˈɾ j a n o s
conversando	k o m b e ɾ ˈs a n d o
percute	p e ɾ ˈk u t e
auto	ˈa u t o
onicomicosis	o n i k o m i ˈk o s i s
prearmar	p ɾ e a ɾ ˈm a ɾ
cámping	ˈk a m p i n
infundir	i n f u n ˈd i ɾ
mercurio	m e ɾ ˈk u ɾ j o
indexar	i n d e ɡ ˈs a ɾ
deslustrar	d e s l u s ˈt ɾ a ɾ
desmontados	d e s m o n ˈt a d o s
toloache	t o l o ˈa t͡ʃ e
esotéricas	e s o ˈt e ɾ i k a s
matas	ˈm a t a s
motilón	m o t i ˈl o n
Cabanilla	k a b a ˈn i ʝ a
despeñados	d e s p e ˈɲ a d o s
magenta	m a ˈx e n t a
rodando	r o ˈd a n d o
eritema	e ɾ i ˈt e m a
esprín	e s ˈp ɾ i n
linkbuilding	l i n ɡ ˈb i l d i n
comentados	k o m e n ˈt a d o s
columbrado	k o l u m ˈb ɾ a d o
pinillos	p i ˈn i ʝ o s
mericarpio	m e ɾ i ˈk a ɾ p j o
asará	a s a ˈɾ a
banqueteada	b a n k e t e ˈa d a
predestinada	p ɾ e d e s t i ˈn a d a
metronómico	m e t ɾ o ˈn o m i k o
amargosa	a m a ɾ ˈɡ o s a
embragadas	e m b ɾ a ˈɡ a d a s
tópico	ˈt o p i k o
colicorto	k o l i ˈk o ɾ t o
acometerás	a k o m e t e ˈɾ a s
detectados	d e t e ɡ ˈt a d o s
declamado	d e k l a ˈm a d o
sombrerón	s o m b ɾ e ˈɾ o n
obsoleta	o b s o ˈl e t a
endovascular	e n d o b a s k u ˈl a ɾ
perdedora	p e ɾ d e ˈd o ɾ a
laudados	l a u ˈd a d o s
vertedor	b e ɾ t e ˈd o ɾ
anómalo	a ˈn o m a l o
actuales	a ɡ ˈt w a l e s
irradiante	i r a ˈd j a n t e
deprisa	d e ˈp ɾ i s a
amillaráremos	a m i ʝ a ˈɾ a ɾ e m o s
solaré	s o l a ˈɾ e
soplados	s o ˈp l a d o s
nasosinusales	n a s o s i n u ˈs a l e s
acholados	a t͡ʃ o ˈl a d o s
autobombeados	a u t o b o m b e ˈa d o s
yiras	ˈʝ i ɾ a s
fosforilaríamos	f o s f o ɾ i l a ˈɾ i a m o s
pteridófito	t e ɾ i ˈd o f i t o
perdigón	p e ɾ d i ˈɡ o n
develado	d e b e ˈl a d o
periostraco	p e ɾ j o s ˈt ɾ a k o
chupamiel	ˌt͡ʃ u p a ˈm j e l
contemplada	k o n t e m ˈp l a d a
mixturamos	m i ɡ s t u ˈɾ a m o s
calesa	k a ˈl e s a
deputaste	d e p u ˈt a s t e
tiritada	t i ɾ i ˈt a d a
almohadilla	a l m o a ˈd i ʝ a
reasentar	r e a s e n ˈt a ɾ
cautelados	k a u t e ˈl a d o s
sapeada	s a p e ˈa d a
cavador	k a b a ˈd o ɾ
carcanapire	k a ɾ k a n a ˈp i ɾ e
flan	ˈf l a n
pausadas	p a u ˈs a d a s
mate	ˈm a t e
profanidad	p ɾ o f a n i ˈd a d
contrarrestadas	k o n t ɾ a r e s ˈt a d a s
tests	ˈt e s t s
fenaquistoscopio	f e n a k i s t o s ˈk o p j o
Turín	t u ˈɾ i n
puritanas	p u ɾ i ˈt a n a s
apelada	a p e ˈl a d a
Shanghái	ʃ a n ˈɡ a i
reagrupamiento	r e a ɡ ɾ u p a ˈm j e n t o
convocados	k o m b o ˈk a d o s
distributario	d i s t ɾ i b u ˈt a ɾ j o
fanfarrones	f a n f a ˈr o n e s
acontentar	a k o n t e n ˈt a ɾ
surreal	s u r e ˈa l
decretadas	d e k ɾ e ˈt a d a s
secretada	s e k ɾ e ˈt a d a
guindar	ɡ i n ˈd a ɾ
soltamos	s o l ˈt a m o s
piquito	p i ˈk i t o
sometido	s o m e ˈt i d o
flaubertianas	f l o b e ɾ ˈt j a n a s
tribanda	t ɾ i ˈb a n d a
afirmemos	a f i ɾ ˈm e m o s
ludido	l u ˈd i d o
arramblados	a r a m ˈb l a d o s
transparente	t ɾ a n s p a ˈɾ e n t e
posromántico	p o s r o ˈm a n t i k o
sutilidad	s u t i l i ˈd a d
pekinesas	p e k i ˈn e s a s
boyero	b o ˈʝ e ɾ o
altivo	a l ˈt i b o
jurídico	x u ˈɾ i d i k o
fomentémoste	f o m e n ˈt e m o s t e
acábalos	a ˈk a b a l o s
expiado	e ɡ s ˈp j a d o
insólitos	i n ˈs o l i t o s
glamouroso	ɡ l a m u ˈɾ o s o
autótrofo	a u ˈt o t ɾ o f o
depredados	d e p ɾ e ˈd a d o s
supuesto	s u ˈp w e s t o
lucaya	l u ˈk a ʝ a
bagatela	b a ɡ a ˈt e l a
pinball	ˈp i m b a l
depósitos	d e ˈp o s i t o s
piquillín	p i k i ˈʝ i n
restados	r e s ˈt a d o s
anaplásico	a n a ˈp l a s i k o
bicroma	b i ˈk ɾ o m a
adiabático	a d j a ˈb a t i k o
acústicas	a ˈk u s t i k a s
comprará	k o m p ɾ a ˈɾ a
hiladora	i l a ˈd o ɾ a
sorpresivo	s o ɾ p ɾ e ˈs i b o
profanadas	p ɾ o f a ˈn a d a s
columnela	k o l u m ˈn e l a
postulas	p o s ˈt u l a s
contrariado	k o n t ɾ a ˈɾ j a d o
subsumido	s u b s u ˈm i d o
guitarristas	ɡ i t a ˈr i s t a s
profundamente	p ɾ o ˌf u n d a ˈm e n t e
cantarlas	k a n ˈt a ɾ l a s
fotografiado	f o t o ɡ ɾ a ˈf j a d o
lubrificá	l u b ɾ i f i ˈk a
llamarlos	ʝ a ˈm a ɾ l o s
granjeada	ɡ ɾ a n x e ˈa d a
abadernásemos	a b a d e ɾ ˈn a s e m o s
brutalidad	b ɾ u t a l i ˈd a d
alargamiento	a l a ɾ ɡ a ˈm j e n t o
anteanoche	a n t e a ˈn o t͡ʃ e
lanchero	l a n ˈt͡ʃ e ɾ o
desatendidas	d e s a t e n ˈd i d a s
recontadas	r e k o n ˈt a d a s
catuaba	k a ˈt w a b a
fardadas	f a ɾ ˈd a d a s
usaremos	u s a ˈɾ e m o s
humilladero	u m i ʝ a ˈd e ɾ o
elabora	e l a ˈb o ɾ a
supracondílea	s u p ɾ a k o n ˈd i l e a
alardeados	a l a ɾ d e ˈa d o s
tenebrosas	t e n e ˈb ɾ o s a s
estuvieses	e s t u ˈb j e s e s
permutarás	p e ɾ m u t a ˈɾ a s
logradas	l o ˈɡ ɾ a d a s
limosneado	l i m o s n e ˈa d o
ova	ˈo b a
enes	ˈe n e s
servil	s e ɾ ˈb i l
programa	p ɾ o ˈɡ ɾ a m a
Araujo	a ˈɾ a u x o
prontito	p ɾ o n ˈt i t o
imperará	i m p e ɾ a ˈɾ a
guardoso	ɡ w a ɾ ˈd o s o
programada	p ɾ o ɡ ɾ a ˈm a d a
hipersexualidad	i p e ɾ s e ɡ s w a l i ˈd a d
nesga	ˈn e s ɡ a
cuatrimestral	k w a t ɾ i m e s ˈt ɾ a l
diseminar	d i s e m i ˈn a ɾ
moraste	m o ˈɾ a s t e
cochambre	k o ˈt͡ʃ a m b ɾ e
turistificados	t u ɾ i s t i f i ˈk a d o s
ubiquinona	u b i k i ˈn o n a
vagueado	b a ɡ e ˈa d o
elegantes	e l e ˈɡ a n t e s
desgana	d e s ˈɡ a n a
malherida	m a l e ˈɾ i d a
operativo	o p e ɾ a ˈt i b o
pavonearse	p a b o n e ˈa ɾ s e
hijes	ˈi x e s
ansiada	a n ˈs j a d a
geranio	x e ˈɾ a n j o
butacón	b u t a ˈk o n
butronero	b u t ɾ o ˈn e ɾ o
envainadoras	e m b a i n a ˈd o ɾ a s
elequeme	e l e ˈk e m e
queísmo	k e ˈi s m o
Brayan	ˈb ɾ a ʝ a n
densificadas	d e n s i f i ˈk a d a s
taburete	t a b u ˈɾ e t e
gloriareis	ɡ l o ˈɾ j a ɾ e i s
marchadas	m a ɾ ˈt͡ʃ a d a s
según	s e ˈɡ u n
lobulillar	l o b u l i ˈʝ a ɾ
glosásemos	ɡ l o ˈs a s e m o s
invisible	i m b i ˈs i b l e
cadaverosa	k a d a b e ˈɾ o s a
alquitranados	a l k i t ɾ a ˈn a d o s
Inesita	i n e ˈs i t a
guineocuatoriano	ɡ i n e o k w a t o ˈɾ j a n o
cremallera	k ɾ e m a ˈʝ e ɾ a
peligro	p e ˈl i ɡ ɾ o
confesora	k o n f e ˈs o ɾ a
esquel	e s ˈk e l
toltecas	t o l ˈt e k a s
amnésica	a m ˈn e s i k a
lentillo	l e n ˈt i ʝ o
resultadas	r e s u l ˈt a d a s
premeditar	p ɾ e m e d i ˈt a ɾ
ornitólogo	o ɾ n i ˈt o l o ɡ o
dimidiadas	d i m i ˈd j a d a s
viudita	b j u ˈd i t a
metaético	m e t a ˈe t i k o
jamaicanos	x a m a i ˈk a n o s
complicaditos	k o m p l i k a ˈd i t o s
patotero	p a t o ˈt e ɾ o
acompañada	a k o m p a ˈɲ a d a
desglose	d e s ˈɡ l o s e
enfurruñados	e n f u r u ˈɲ a d o s
sófora	ˈs o f o ɾ a
clara	ˈk l a ɾ a
deslavar	d e s l a ˈb a ɾ
colofón	k o l o ˈf o n
avasallados	a b a s a ˈʝ a d o s
indivisibilidad	i n d i b i s i b i l i ˈd a d
guitarra	ɡ i ˈt a r a
pielero	p j e ˈl e ɾ o
sinostosis	s i n o s ˈt o s i s
fogón	f o ˈɡ o n
estudiado	e s t u ˈd j a d o
ungidos	u n ˈx i d o s
comprador	k o m p ɾ a ˈd o ɾ
otosclerosis	o t o s k l e ˈɾ o s i s
debería	d e b e ˈɾ i a
embarcar	e m b a ɾ ˈk a ɾ
afecta	a ˈf e ɡ t a
respaldados	r e s p a l ˈd a d o s
agusánese	a ɡ u ˈs a n e s e
englobadas	e n ɡ l o ˈb a d a s
preaviso	p ɾ e a ˈb i s o
driblear	d ɾ i b l e ˈa ɾ
acudí	a k u ˈd i
denotaríamos	d e n o t a ˈɾ i a m o s
libreta	l i ˈb ɾ e t a
decano	d e ˈk a n o
empadronamiento	e m p a d ɾ o n a ˈm j e n t o
Canuto	k a ˈn u t o
lalada	l a ˈl a d a
manú	m a ˈn u
bonarda	b o ˈn a ɾ d a
santanderista	s a n t a n d e ˈɾ i s t a
copada	k o ˈp a d a
mostraríamos	m o s t ɾ a ˈɾ i a m o s
honrilla	o n ˈr i ʝ a
adestrará	a d e s t ɾ a ˈɾ a
deputemos	d e p u ˈt e m o s
televisor	t e l e b i ˈs o ɾ
jimia	ˈx i m j a
mantequilludas	m a n t e k i ˈʝ u d a s
escarda	e s ˈk a ɾ d a
fibroso	f i ˈb ɾ o s o
don	ˈd o n
morir	m o ˈɾ i ɾ
estrígiles	e s ˈt ɾ i x i l e s
urbano	u ɾ ˈb a n o
apabullados	a p a b u ˈʝ a d o s
improvisar	i m p ɾ o b i ˈs a ɾ
pajúos	p a ˈx u o s
tranqui	ˈt ɾ a n k i
incolora	i n k o ˈl o ɾ a
llegue	ˈʝ e ɡ e
arará	a ɾ a ˈɾ a
bohrio	ˈb o ɾ j o
arbitramento	a ɾ b i t ɾ a ˈm e n t o
calares	k a ˈl a ɾ e s
varsoviano	b a ɾ s o ˈb j a n o
bruñido	b ɾ u ˈɲ i d o
soláis	s o ˈl a i s
ojeado	o x e ˈa d o
autodelatando	a u t o d e l a ˈt a n d o
meditareis	m e d i ˈt a ɾ e i s
diletante	d i l e ˈt a n t e
euromonedero	e u ɾ o m o n e ˈd e ɾ o
psicopompo	s i k o ˈp o m p o
Abraham	a ˈb ɾ a m
tirrena	t i ˈr e n a
trasliteradas	t ɾ a s l i t e ˈɾ a d a s
devastados	d e b a s ˈt a d o s
ronda	ˈr o n d a
pornificar	p o ɾ n i f i ˈk a ɾ
reconfiguradas	r e k o n f i ɡ u ˈɾ a d a s
desagradadas	d e s a ɡ ɾ a ˈd a d a s
reproductiva	r e p ɾ o d u ɡ ˈt i b a
tartamudeada	t a ɾ t a m u d e ˈa d a
tatuada	t a ˈt w a d a
matacandelas	m a t a k a n ˈd e l a s
aviará	a b j a ˈɾ a
meningitis	m e n i n ˈx i t i s
semblar	s e m ˈb l a ɾ
patriótico	p a ˈt ɾ j o t i k o
voltaicos	b o l ˈt a i k o s
infiltrante	i n f i l ˈt ɾ a n t e
padrear	p a d ɾ e ˈa ɾ
orlará	o ɾ l a ˈɾ a
caos	ˈk a o s
lubrifico	l u b ɾ i ˈf i k o
buriláramos	b u ɾ i ˈl a ɾ a m o s
jachapuri	x a t͡ʃ a ˈp u ɾ i
ves	ˈb e s
audible	a u ˈd i b l e
estrafalario	e s t ɾ a f a ˈl a ɾ j o
torpedeamos	t o ɾ p e d e ˈa m o s
domareis	d o ˈm a ɾ e i s
demoremos	d e m o ˈɾ e m o s
argüiríais	a ɾ ɡ w i ˈɾ i a i s
fincares	f i n ˈk a ɾ e s
semisentado	s e m i s e n ˈt a d o
posdoctoral	p o s d o ɡ t o ˈɾ a l
Escobar	e s k o ˈb a ɾ
leudo	ˈl e u d o
Fuerteventura	f w e ɾ t e b e n ˈt u ɾ a
hipoclorador	i p o k l o ɾ a ˈd o ɾ
hablémoslos	a ˈb l e m o s l o s
tansé	t a n ˈs e
regule	r e ˈɡ u l e
albugínea	a l b u ˈx i n e a
descarboxiladas	d e s k a ɾ b o ɡ s i ˈl a d a s
contenidos	k o n t e ˈn i d o s
discordada	d i s k o ɾ ˈd a d a
comámosles	k o ˈm a m o s l e s
bamba	ˈb a m b a
jarana	x a ˈɾ a n a
guayadas	ɡ w a ˈʝ a d a s
quinurénico	k i n u ˈɾ e n i k o
planeada	p l a n e ˈa d a
hierosolimitano	ʝ e ɾ o s o l i m i ˈt a n o
comprensivo	k o m p ɾ e n ˈs i b o
pitas	ˈp i t a s
tequilería	t e k i l e ˈɾ i a
dominiquesa	d o m i n i ˈk e s a
pájaros	ˈp a x a ɾ o s
modelando	m o d e ˈl a n d o
empatados	e m p a ˈt a d o s
pavo	ˈp a b o
abnegamos	a b n e ˈɡ a m o s
recabdo	r e ˈk a b d o
Crono	ˈk ɾ o n o
Merino	m e ˈɾ i n o
detergidas	d e t e ɾ ˈx i d a s
mentirosa	m e n t i ˈɾ o s a
workshop	ˈw o ɾ ɡ ʃ o p
continuando	k o n t i ˈn w a n d o
enrabietados	e n r a b j e ˈt a d o s
audión	a u ˈd j o n
apellidada	a p e ʝ i ˈd a d a
despercudir	d e s p e ɾ k u ˈd i ɾ
obliterareis	o b l i t e ˈɾ a ɾ e i s
comandados	k o m a n ˈd a d o s
curvare	k u ɾ ˈb a ɾ e
debámosla	d e ˈb a m o s l a
anfipáticos	a n f i ˈp a t i k o s
forjadura	f o ɾ x a ˈd u ɾ a
acondroplasia	a k o n d ɾ o ˈp l a s j a
monitorear	m o n i t o ɾ e ˈa ɾ
edificar	e d i f i ˈk a ɾ
autenticadas	a u t e n t i ˈk a d a s
twittero	t w i ˈt e ɾ o
angelino	a n x e ˈl i n o
sudista	s u ˈd i s t a
vetándoos	b e ˈt a n d o o s
criopreservadas	k ɾ j o p ɾ e s e ɾ ˈb a d a s
rayuela	r a ˈʝ w e l a
hablémoos	a ˈb l e m o o s
Atlanta	a ˈt l a n t a
sorpresita	s o ɾ p ɾ e ˈs i t a
surfeados	s u ɾ f e ˈa d o s
pajarón	p a x a ˈɾ o n
licopodio	l i k o ˈp o d j o
poli	ˈp o l i
redargüidas	r e d a ɾ ˈɡ w i d a s
acunados	a k u ˈn a d o s
sangría	s a n ˈɡ ɾ i a
optados	o b ˈt a d o s
calda	ˈk a l d a
fitomorfa	f i t o ˈm o ɾ f a
guanajo	ɡ w a ˈn a x o
variables	b a ˈɾ j a b l e s
cloroalquino	k l o ɾ o a l ˈk i n o
endospora	e n d o s ˈp o ɾ a
desbarrancadas	d e s b a r a n ˈk a d a s
neoplateresco	n e o p l a t e ˈɾ e s k o
prendidos	p ɾ e n ˈd i d o s
Yoro	ˈʝ o ɾ o
tardadas	t a ɾ ˈd a d a s
senador	s e n a ˈd o ɾ
redil	r e ˈd i l
abstuvieren	a b s t u ˈb j e ɾ e n
confirmareis	k o n f i ɾ ˈm a ɾ e i s
rascador	r a s k a ˈd o ɾ
salón	s a ˈl o n
paneleros	p a n e ˈl e ɾ o s
amacollado	a m a k o ˈʝ a d o
cagona	k a ˈɡ o n a
piquigualdo	p i k i ˈɡ w a l d o
valorativa	b a l o ɾ a ˈt i b a
tímalo	ˈt i m a l o
poso	ˈp o s o
oviraptorosaurio	o b i ɾ a b t o ɾ o ˈs a u ɾ j o
supracondíleo	s u p ɾ a k o n ˈd i l e o
alojativo	a l o x a ˈt i b o
amén	a ˈm e n
amarteladas	a m a ɾ t e ˈl a d a s
claveteadas	k l a b e t e ˈa d a s
hackearás	x a k e a ˈɾ a s
resfriamos	r e s ˈf ɾ j a m o s
cascajo	k a s ˈk a x o
martinelli	m a ɾ t i ˈn e l i
palmear	p a l m e ˈa ɾ
extrusiva	e ɡ s t ɾ u ˈs i b a
solad	s o ˈl a d
chapurreados	t͡ʃ a p u r e ˈa d o s
incrementada	i n k ɾ e m e n ˈt a d a
monda	ˈm o n d a
enrocas	e n ˈr o k a s
trigarante	t ɾ i ɡ a ˈɾ a n t e
endocrinológicas	e n d o k ɾ i n o ˈl o x i k a s
reseñada	r e s e ˈɲ a d a
aplanadas	a p l a ˈn a d a s
Guáimaro	ˈɡ w a i m a ɾ o
goleadas	ɡ o l e ˈa d a s
beguina	b e ˈɡ i n a
postnatal	p o s d n a ˈt a l
septiembre	s e b ˈt j e m b ɾ e
camarín	k a m a ˈɾ i n
sistemáticas	s i s t e ˈm a t i k a s
disputador	d i s p u t a ˈd o ɾ
palindrómico	p a l i n ˈd ɾ o m i k o
impulsivas	i m p u l ˈs i b a s
perpetua	p e ɾ ˈp e t w a
paico	ˈp a i k o
playeras	p l a ˈʝ e ɾ a s
abrevadero	a b ɾ e b a ˈd e ɾ o
designado	d e s i ɡ ˈn a d o
acaramelados	a k a ɾ a m e ˈl a d o s
neoyorquino	n e o ʝ o ɾ ˈk i n o
desintegrar	d e s i n t e ˈɡ ɾ a ɾ
disuadida	d i s w a ˈd i d a
frecuentadora	f ɾ e k w e n t a ˈd o ɾ a
catinona	k a t i ˈn o n a
abrasaremos	a b ɾ a s a ˈɾ e m o s
articulado	a ɾ t i k u ˈl a d o
fechemos	f e ˈt͡ʃ e m o s
yodurar	ʝ o d u ˈɾ a ɾ
triángulos	ˈt ɾ j a n ɡ u l o s
agremiados	a ɡ ɾ e ˈm j a d o s
investigadoras	i m b e s t i ɡ a ˈd o ɾ a s
Himalaya	i m a ˈl a ʝ a
boliviano	b o l i ˈb j a n o
ahusados	a u ˈs a d o s
suyos	ˈs u ʝ o s
regeneras	r e x e ˈn e ɾ a s
seriaremos	s e ɾ j a ˈɾ e m o s
rondeña	r o n ˈd e ɲ a
matasano	m a t a ˈs a n o
empleador	e m p l e a ˈd o ɾ
masturbador	m a s t u ɾ b a ˈd o ɾ
auscultares	a u s k u l ˈt a ɾ e s
blocadas	b l o ˈk a d a s
crocodiliforme	k ɾ o k o d i l i ˈf o ɾ m e
tirémoslo	t i ˈɾ e m o s l o
Cantórbery	k a n ˈt o ɾ b e ɾ i
temeos	t e ˈm e o s
precapitalista	p ɾ e k a p i t a ˈl i s t a
amputadas	a m p u ˈt a d a s
runa	ˈr u n a
golpeteasen	ɡ o l p e t e ˈa s e n
kineses	k i ˈn e s e s
pretendida	p ɾ e t e n ˈd i d a
pesquise	p e s ˈk i s e
gernikarra	x e ɾ n i ˈk a r a
perfume	p e ɾ ˈf u m e
tándems	ˈt a n d e m s
ninguneada	n i n ɡ u n e ˈa d a
belfo	ˈb e l f o
arquear	a ɾ k e ˈa ɾ
anestesiados	a n e s t e ˈs j a d o s
alguien	ˈa l ɡ j e n
ska	ˈs k a
monárquica	m o ˈn a ɾ k i k a
entrevenidas	e n t ɾ e b e ˈn i d a s
antineutrino	a n t i n e u ˈt ɾ i n o
interna	i n ˈt e ɾ n a
dríade	ˈd ɾ i a d e
plantares	p l a n ˈt a ɾ e s
paulino	p a u ˈl i n o
semiarco	s e ˈm j a ɾ k o
procrastinar	p ɾ o k ɾ a s t i ˈn a ɾ
inconcreto	i n k o n ˈk ɾ e t o
despistado	d e s p i s ˈt a d o
Argentina	a ɾ x e n ˈt i n a
inopia	i ˈn o p j a
desvirtuados	d e s b i ɾ ˈt w a d o s
necrólisis	n e ˈk ɾ o l i s i s
amistado	a m i s ˈt a d o
desesperados	d e s e s p e ˈɾ a d o s
tumor	t u ˈm o ɾ
compurgar	k o m p u ɾ ˈɡ a ɾ
Angulo	a n ˈɡ u l o
cabás	k a ˈb a s
ionosfera	ʝ o n o s ˈf e ɾ a
váyanla	ˈb a ʝ a n l a
propulsoras	p ɾ o p u l ˈs o ɾ a s
desolladora	d e s o ʝ a ˈd o ɾ a
régimen	ˈr e x i m e n
libadas	l i ˈb a d a s
abajar	a b a ˈx a ɾ
derecho	d e ˈɾ e t͡ʃ o
litronas	l i ˈt ɾ o n a s
papaíto	p a p a ˈi t o
emprendedorismo	e m p ɾ e n d e d o ˈɾ i s m o
patchwork	ˈp a t͡ʃ w o ɾ k
diminutos	d i m i ˈn u t o s
desfigurada	d e s f i ɡ u ˈɾ a d a
paseíllo	p a s e ˈi ʝ o
rabanito	r a b a ˈn i t o
bordillo	b o ɾ ˈd i ʝ o
gangueo	ɡ a n ˈɡ e o
laminaras	l a m i ˈn a ɾ a s
haríamos	a ˈɾ i a m o s
comprometíamos	k o m p ɾ o m e ˈt i a m o s
antenal	a n t e ˈn a l
debilidades	d e b i l i ˈd a d e s
usuaria	u ˈs w a ɾ j a
trofoblasto	t ɾ o f o ˈb l a s t o
narval	n a ɾ ˈb a l
pelador	p e l a ˈd o ɾ
adrenalínico	a d ɾ e n a ˈl i n i k o
connatural	k o n n a t u ˈɾ a l
psicofisiología	s i k o f i s j o l o ˈx i a
conejito	k o n e ˈx i t o
estadísticamente	e s t a ˌd i s t i k a ˈm e n t e
cracoviano	k ɾ a k o ˈb j a n o
epigástrico	e p i ˈɡ a s t ɾ i k o
calvito	k a l ˈb i t o
radiculopatías	r a d i k u l o p a ˈt i a s
baeneras	b a e ˈn e ɾ a s
debías	d e ˈb i a s
ofrenda	o ˈf ɾ e n d a
italófonos	i t a ˈl o f o n o s
corcho	ˈk o ɾ t͡ʃ o
semiconductor	s e m i k o n d u ɡ ˈt o ɾ
enjertal	e n x e ɾ ˈt a l
bailotear	b a i l o t e ˈa ɾ
nerviosamente	n e ɾ ˌb j o s a ˈm e n t e
abstuviste	a b s t u ˈb i s t e
autonomista	a u t o n o ˈm i s t a
vetaros	b e ˈt a ɾ o s
prevaricadoras	p ɾ e b a ɾ i k a ˈd o ɾ a s
autoaislarse	a u t o a i s ˈl a ɾ s e
sobrerrepresentando	s o b ɾ e r e p ɾ e s e n ˈt a n d o
cuasidelito	k w a s i d e ˈl i t o
ilegitimidad	i l e x i t i m i ˈd a d
igualadas	i ɡ w a ˈl a d a s
falsarios	f a l ˈs a ɾ j o s
proverbialmente	p ɾ o ˌb e ɾ b j a l ˈm e n t e
puros	ˈp u ɾ o s
empoderadas	e m p o d e ˈɾ a d a s
aditividad	a d i t i b i ˈd a d
hemorragia	e m o ˈr a x j a
adelitas	a d e ˈl i t a s
ministrado	m i n i s ˈt ɾ a d o
maleada	m a l e ˈa d a
odre	ˈo d ɾ e
bagrátida	b a ˈɡ ɾ a t i d a
oliente	o ˈl j e n t e
vial	ˈb j a l
amurar	a m u ˈɾ a ɾ
gastrina	ɡ a s ˈt ɾ i n a
mamoneá	m a m o n e ˈa
hackeará	x a k e a ˈɾ a
anestesiaremos	a n e s t e s j a ˈɾ e m o s
avenarán	a b e n a ˈɾ a n
teratogénica	t e ɾ a t o ˈx e n i k a
fufada	f u ˈf a d a
procurares	p ɾ o k u ˈɾ a ɾ e s
hayámoos	a ˈʝ a m o o s
abaluartares	a b a l w a ɾ ˈt a ɾ e s
badalonesa	b a d a l o ˈn e s a
cómanle	ˈk o m a n l e
quebradita	k e b ɾ a ˈd i t a
revalidadas	r e b a l i ˈd a d a s
sugestionable	s u x e s t j o ˈn a b l e
trascrita	t ɾ a s ˈk ɾ i t a
crie	ˈk ɾ j e
fermentaríamos	f e ɾ m e n t a ˈɾ i a m o s
disputáramos	d i s p u ˈt a ɾ a m o s
tético	ˈt e t i k o
alcantarillar	a l k a n t a ɾ i ˈʝ a ɾ
reputar	r e p u ˈt a ɾ
distintiva	d i s t i n ˈt i b a
soros	ˈs o ɾ o s
pesqueras	p e s ˈk e ɾ a s
hablándoles	a ˈb l a n d o l e s
et	ˈe t
destituidos	d e s t i ˈt w i d o s
pacará	p a k a ˈɾ a
velaríais	b e l a ˈɾ i a i s
Marbella	m a ɾ ˈb e ʝ a
laudo	ˈl a u d o
cantémoslos	k a n ˈt e m o s l o s
díganla	ˈd i ɡ a n l a
transportes	t ɾ a n s ˈp o ɾ t e s
normoevolutivo	n o ɾ m o e b o l u ˈt i b o
lloriqueados	ʝ o ɾ i k e ˈa d o s
venerables	b e n e ˈɾ a b l e s
resaltar	r e s a l ˈt a ɾ
almiar	a l ˈm j a ɾ
superpremiado	s u p e ɾ p ɾ e ˈm j a d o
aseverado	a s e b e ˈɾ a d o
ensamblaje	e n s a m ˈb l a x e
Aija	ˈa i x a
Carreño	k a ˈr e ɲ o
pocheadas	p o t͡ʃ e ˈa d a s
parador	p a ɾ a ˈd o ɾ
perturbados	p e ɾ t u ɾ ˈb a d o s
espingarda	e s p i n ˈɡ a ɾ d a
sinoestadounidense	s i n o e s t a d o u n i ˈd e n s e
blindados	b l i n ˈd a d o s
chocoano	t͡ʃ o k o ˈa n o
estructurado	e s t ɾ u ɡ t u ˈɾ a d o
solerlo	s o ˈl e ɾ l o
churruscar	t͡ʃ u r u s ˈk a ɾ
digitaríamos	d i x i t a ˈɾ i a m o s
negativas	n e ɡ a ˈt i b a s
llamaremos	ʝ a m a ˈɾ e m o s
follable	f o ˈʝ a b l e
rabel	r a ˈb e l
despabilado	d e s p a b i ˈl a d o
jadeados	x a d e ˈa d o s
reme	ˈr e m e
conjurar	k o n x u ˈɾ a ɾ
esculturales	e s k u l t u ˈɾ a l e s
distensible	d i s t e n ˈs i b l e
escaladas	e s k a ˈl a d a s
asistidas	a s i s ˈt i d a s
frenéticamente	f ɾ e ˌn e t i k a ˈm e n t e
árbol	ˈa ɾ b o l
róbalo	ˈr o b a l o
hipogastrio	i p o ˈɡ a s t ɾ j o
presa	ˈp ɾ e s a
inhabitable	i n a b i ˈt a b l e
donada	d o ˈn a d a
eclipsará	e k l i b s a ˈɾ a
benigna	b e ˈn i ɡ n a
degradados	d e ɡ ɾ a ˈd a d o s
litigares	l i t i ˈɡ a ɾ e s
escudriñadores	e s k u d ɾ i ɲ a ˈd o ɾ e s
definiríamos	d e f i n i ˈɾ i a m o s
nitrificara	n i t ɾ i f i ˈk a ɾ a
rufa	ˈr u f a
skopiote	e s k o ˈp j o t e
apetitosa	a p e t i ˈt o s a
amurallados	a m u ɾ a ˈʝ a d o s
jacau	ˈx a k a u
vertida	b e ɾ ˈt i d a
Donaire	d o ˈn a i ɾ e
soleada	s o l e ˈa d a
astrosas	a s ˈt ɾ o s a s
choquear	t͡ʃ o k e ˈa ɾ
imam	i ˈm a m
pedroso	p e ˈd ɾ o s o
indico	i n ˈd i k o
oyó	o ˈʝ o
hermeneútica	e ɾ m e n e ˈu t i k a
leías	l e ˈi a s
morigerador	m o ɾ i x e ɾ a ˈd o ɾ
patetismo	p a t e ˈt i s m o
desacoplar	d e s a k o ˈp l a ɾ
codificado	k o d i f i ˈk a d o
lamela	l a ˈm e l a
impactada	i m p a ɡ ˈt a d a
epigastralgia	e p i ɡ a s ˈt ɾ a l x j a
empatada	e m p a ˈt a d a
ondulado	o n d u ˈl a d o
aglomeradas	a ɡ l o m e ˈɾ a d a s
guajiro	ɡ w a ˈx i ɾ o
Torralba	t o ˈr a l b a
hubiese	u ˈb j e s e
babosada	b a b o ˈs a d a
recalculamos	r e k a l k u ˈl a m o s
sondeados	s o n d e ˈa d o s
virará	b i ɾ a ˈɾ a
intoxicadas	i n t o ɡ s i ˈk a d a s
anacarado	a n a k a ˈɾ a d o
pelirrojo	p e l i ˈr o x o
pelillo	p e ˈl i ʝ o
guíes	ˈɡ i e s
campar	k a m ˈp a ɾ
incumbido	i n k u m ˈb i d o
palladiano	p a ʝ a ˈd j a n o
aspectada	a s p e ɡ ˈt a d a
cosmovisión	k o s m o b i ˈs j o n
leoninos	l e o ˈn i n o s
hubimos	u ˈb i m o s
amodorrados	a m o d o ˈr a d o s
atrevimiento	a t ɾ e b i ˈm j e n t o
malherido	m a l e ˈɾ i d o
sudanés	s u d a ˈn e s
sobrellevado	s o b ɾ e ʝ e ˈb a d o
Némesis	ˈn e m e s i s
erógenos	e ˈɾ o x e n o s
vivaqueada	b i b a k e ˈa d a
jactá	x a ɡ ˈt a
resplandor	r e s p l a n ˈd o ɾ
vagaríamos	b a ɡ a ˈɾ i a m o s
byte	ˈb a i t
avenasen	a b e ˈn a s e n
desprendida	d e s p ɾ e n ˈd i d a
balasto	b a ˈl a s t o
forradito	f o r a ˈd i t o
vosotras	b o ˈs o t ɾ a s
colegida	k o l e ˈx i d a
caros	ˈk a ɾ o s
genitales	x e n i ˈt a l e s
notadas	n o ˈt a d a s
protesto	p ɾ o ˈt e s t o
expansivo	e ɡ s p a n ˈs i b o
desasosegado	d e s a s o s e ˈɡ a d o
rompidos	r o m ˈp i d o s
caed	k a ˈe d
absolutistas	a b s o l u ˈt i s t a s
jamelga	x a ˈm e l ɡ a
reprogramados	r e p ɾ o ɡ ɾ a ˈm a d o s
empinemos	e m p i ˈn e m o s
metonimia	m e t o ˈn i m j a
chisporroteado	t͡ʃ i s p o r o t e ˈa d o
encanijar	e n k a n i ˈx a ɾ
derrochador	d e r o t͡ʃ a ˈd o ɾ
pituco	p i ˈt u k o
fundidas	f u n ˈd i d a s
correaje	k o r e ˈa x e
botil	b o ˈt i l
depuremos	d e p u ˈɾ e m o s
desafecta	d e s a ˈf e ɡ t a
blando	ˈb l a n d o
habiéndole	a ˈb j e n d o l e
arraigar	a r a i ˈɡ a ɾ
prospectora	p ɾ o s p e ɡ ˈt o ɾ a
tipológicos	t i p o ˈl o x i k o s
anglocatólica	a n ɡ l o k a ˈt o l i k a
optrónico	o b ˈt ɾ o n i k o
naturalidad	n a t u ɾ a l i ˈd a d
aparado	a p a ˈɾ a d o
amurallada	a m u ɾ a ˈʝ a d a
paracaidista	p a ɾ a k a i ˈd i s t a
tuberosidad	t u b e ɾ o s i ˈd a d
criminóloga	k ɾ i m i ˈn o l o ɡ a
consenso	k o n ˈs e n s o
análisis	a ˈn a l i s i s
periné	p e ɾ i ˈn e
galvánico	ɡ a l ˈb a n i k o
titiladas	t i t i ˈl a d a s
culito	k u ˈl i t o
identificada	i d e n t i f i ˈk a d a
mareadoras	m a ɾ e a ˈd o ɾ a s
inmunocomprometidos	i m m u n o k o m p ɾ o m e ˈt i d o s
caseificante	k a s e i f i ˈk a n t e
incruenta	i n ˈk ɾ w e n t a
piscucha	p i s ˈk u t͡ʃ a
endodérmico	e n d o ˈd e ɾ m i k o
silfo	ˈs i l f o
escoltada	e s k o l ˈt a d a
apagamos	a p a ˈɡ a m o s
quisiste	k i ˈs i s t e
vedarte	b e ˈd a ɾ t e
portadas	p o ɾ ˈt a d a s
lastimar	l a s t i ˈm a ɾ
soler	s o ˈl e ɾ
ola	ˈo l a
desajustada	d e s a x u s ˈt a d a
banderita	b a n d e ˈɾ i t a
supervalorada	s u p e ɾ b a l o ˈɾ a d a
pernoctar	p e ɾ n o ɡ ˈt a ɾ
madrigal	m a d ɾ i ˈɡ a l
sobrescribir	s o b ɾ e s k ɾ i ˈb i ɾ
calibrada	k a l i ˈb ɾ a d a
malévolo	m a ˈl e b o l o
chaquetita	t͡ʃ a k e ˈt i t a
abdicará	a b d i k a ˈɾ a
donas	ˈd o n a s
sajado	s a ˈx a d o
desbancada	d e s b a n ˈk a d a
extrasistólica	e ɡ s t ɾ a s i s ˈt o l i k a
carrero	k a ˈr e ɾ o
novelístico	n o b e ˈl i s t i k o
microbiológicos	m i k ɾ o b j o ˈl o x i k o s
turnadas	t u ɾ ˈn a d a s
lacón	l a ˈk o n
adehesar	a d e e ˈs a ɾ
adores	a ˈd o ɾ e s
aerocubierta	a e ɾ o k u ˈb j e ɾ t a
brótola	ˈb ɾ o t o l a
catán	k a ˈt a n
filmar	f i l ˈm a ɾ
florales	f l o ˈɾ a l e s
intrusadas	i n t ɾ u ˈs a d a s
multicolinealidad	m u l t i k o l i n e a l i ˈd a d
talego	t a ˈl e ɡ o
elaborados	e l a b o ˈɾ a d o s
periquitos	p e ɾ i ˈk i t o s
amoldable	a m o l ˈd a b l e
suélenla	ˈs w e l e n l a
leoninas	l e o ˈn i n a s
monoaural	m o n o a u ˈɾ a l
apenaréis	a p e n a ˈɾ e i s
correísmo	k o r e ˈi s m o
góndola	ˈɡ o n d o l a
islandeses	i s l a n ˈd e s e s
padrino	p a ˈd ɾ i n o
medianil	m e d j a ˈn i l
angloamericanas	a n ɡ l o a m e ɾ i ˈk a n a s
augurada	a u ɡ u ˈɾ a d a
banco	ˈb a n k o
vasca	ˈb a s k a
rescatadas	r e s k a ˈt a d a s
chompa	ˈt͡ʃ o m p a
emisión	e m i ˈs j o n
desrabotada	d e s r a b o ˈt a d a
acalorarse	a k a l o ˈɾ a ɾ s e
baraja	b a ˈɾ a x a
puro	ˈp u ɾ o
acabareis	a k a ˈb a ɾ e i s
tripolitano	t ɾ i p o l i ˈt a n o
inmensos	i m ˈm e n s o s
impala	i m ˈp a l a
liberar	l i b e ˈɾ a ɾ
embalsado	e m b a l ˈs a d o
formaldehido	f o ɾ m a l ˈd e i d o
descuajar	d e s k w a ˈx a ɾ
diptongada	d i b t o n ˈɡ a d a
musicología	m u s i k o l o ˈx i a
parangones	p a ɾ a n ˈɡ o n e s
forestar	f o ɾ e s ˈt a ɾ
égloga	ˈe ɡ l o ɡ a
enferma	e n ˈf e ɾ m a
paralelada	p a ɾ a l e ˈl a d a
espinodal	e s p i n o ˈd a l
emplatado	e m p l a ˈt a d o
aquitano	a k i ˈt a n o
expletiva	e ɡ s p l e ˈt i b a
calafateados	k a l a f a t e ˈa d o s
quíntuplos	ˈk i n t u p l o s
escaparate	e s k a p a ˈɾ a t e
consellera	k o n s e ˈʝ e ɾ a
farero	f a ˈɾ e ɾ o
amillararías	a m i ʝ a ɾ a ˈɾ i a s
espongiforme	e s p o n x i ˈf o ɾ m e
humita	u ˈm i t a
falisco	f a ˈl i s k o
abajáremos	a b a ˈx a ɾ e m o s
deletreada	d e l e t ɾ e ˈa d a
primavera	p ɾ i m a ˈb e ɾ a
psicoactivo	s i k o a ɡ ˈt i b o
garabateada	ɡ a ɾ a b a t e ˈa d a
listillo	l i s ˈt i ʝ o
abeldar	a b e l ˈd a ɾ
sindical	s i n d i ˈk a l
va	ˈb a
habladla	a ˈb l a d l a
vapeadas	b a p e ˈa d a s
calor	k a ˈl o ɾ
futuro	f u ˈt u ɾ o
fincado	f i n ˈk a d o
fútil	ˈf u t i l
desclasificado	d e s k l a s i f i ˈk a d o
tiroxina	t i ɾ o ɡ ˈs i n a
gayado	ɡ a ˈʝ a d o
apeles	a ˈp e l e s
conmutados	k o m m u ˈt a d o s
liberta	l i ˈb e ɾ t a
henchida	e n ˈt͡ʃ i d a
extracapilares	e ɡ s t ɾ a k a p i ˈl a ɾ e s
predestinado	p ɾ e d e s t i ˈn a d o
oncológica	o n k o ˈl o x i k a
desproveyera	d e s p ɾ o b e ˈʝ e ɾ a
atenido	a t e ˈn i d o
exageres	e ɡ s a ˈx e ɾ e s
escuincle	e s ˈk w i n k l e
titiriteadlo	t i t i ɾ i t e ˈa d l o
labial	l a ˈb j a l
arromo	a ˈr o m o
hollejo	o ˈʝ e x o
lavando	l a ˈb a n d o
abacoras	a b a ˈk o ɾ a s
estudio	e s ˈt u d j o
atemos	a ˈt e m o s
atrayente	a t ɾ a ˈʝ e n t e
güiña	ˈɡ w i ɲ a
equidades	e k i ˈd a d e s
huanuqueño	w̝ a n u ˈk e ɲ o
igualado	i ɡ w a ˈl a d o
hidroterápico	i d ɾ o t e ˈɾ a p i k o
sobrevaluado	s o b ɾ e b a ˈl w a d o
nihilismo	n i i ˈl i s m o
penetrado	p e n e ˈt ɾ a d o
negras	ˈn e ɡ ɾ a s
arquitecto	a ɾ k i ˈt e ɡ t o
mortificado	m o ɾ t i f i ˈk a d o
hemínico	e ˈm i n i k o
enramada	e n r a ˈm a d a
escamotear	e s k a m o t e ˈa ɾ
exportaste	e ɡ s p o ɾ ˈt a s t e
etnologías	e d n o l o ˈx i a s
sí	ˈs i
okapi	o ˈk a p i
sedes	ˈs e d e s
mangoneada	m a n ɡ o n e ˈa d a
botáramos	b o ˈt a ɾ a m o s
vestidura	b e s t i ˈd u ɾ a
fijar	f i ˈx a ɾ
rictus	ˈr i ɡ t u s
remolino	r e m o ˈl i n o
distinto	d i s ˈt i n t o
voleo	b o ˈl e o
proveídos	p ɾ o b e ˈi d o s
parafraseadas	p a ɾ a f ɾ a s e ˈa d a s
adquirida	a d k i ˈɾ i d a
caxcana	k a ɡ s ˈk a n a
amañada	a m a ˈɲ a d a
pisamos	p i ˈs a m o s
trasladado	t ɾ a s l a ˈd a d o
skúa	e s ˈk u a
festejados	f e s t e ˈx a d o s
degradada	d e ɡ ɾ a ˈd a d a
colectivista	k o l e ɡ t i ˈb i s t a
bucólico	b u ˈk o l i k o
reparas	r e ˈp a ɾ a s
Kosovo	k o ˈs o b o
sudadas	s u ˈd a d a s
norteños	n o ɾ ˈt e ɲ o s
rubéola	r u ˈb e o l a
complicadas	k o m p l i ˈk a d a s
ambientadores	a m b j e n t a ˈd o ɾ e s
emperrar	e m p e ˈr a ɾ
abadernabais	a b a d e ɾ ˈn a b a i s
cualquier	k w a l ˈk j e ɾ
abisagrado	a b i s a ˈɡ ɾ a d o
regresadas	r e ɡ ɾ e ˈs a d a s
balleneras	b a ʝ e ˈn e ɾ a s
intransigentes	i n t ɾ a n s i ˈx e n t e s
violentada	b j o l e n ˈt a d a
cosmópolis	k o s ˈm o p o l i s
torrada	t o ˈr a d a
partido	p a ɾ ˈt i d o
yuxtaponer	ʝ u ɡ s t a p o ˈn e ɾ
lechoso	l e ˈt͡ʃ o s o
alcana	a l ˈk a n a
restauraste	r e s t a u ˈɾ a s t e
guapo	ˈɡ w a p o
conecte	k o ˈn e ɡ t e
interétnicos	i n t e ˈɾ e d n i k o s
habiéndoos	a ˈb j e n d o o s
triunfadores	t ɾ j u n f a ˈd o ɾ e s
bastoneadas	b a s t o n e ˈa d a s
garrapiñado	ɡ a r a p i ˈɲ a d o
sedimentario	s e d i m e n ˈt a ɾ j o
ánsara	ˈa n s a ɾ a
calumniosa	k a l u m ˈn j o s a
interalemán	i n t e ɾ a l e ˈm a n
completamos	k o m p l e ˈt a m o s
Alexópulos	a l e ɡ ˈs o p u l o s
abrupto	a ˈb ɾ u b t o
Pegaso	p e ˈɡ a s o
compendiado	k o m p e n ˈd j a d o
siembra	ˈs j e m b ɾ a
percudido	p e ɾ k u ˈd i d o
suntuosidad	s u n t w o s i ˈd a d
desincorporar	d e s i n k o ɾ p o ˈɾ a ɾ
punibilidad	p u n i b i l i ˈd a d
sobrevalorada	s o b ɾ e b a l o ˈɾ a d a
foto	ˈf o t o
lijadas	l i ˈx a d a s
hipsómetros	i b ˈs o m e t ɾ o s
alojar	a l o ˈx a ɾ
ponchadora	p o n t͡ʃ a ˈd o ɾ a
abordadas	a b o ɾ ˈd a d a s
hexafluorofosfato	e ɡ s a f l w o ɾ o f o s ˈf a t o
escanea	e s k a ˈn e a
microbiana	m i k ɾ o ˈb j a n a
sobrellevadas	s o b ɾ e ʝ e ˈb a d a s
herpético	e ɾ ˈp e t i k o
pintadas	p i n ˈt a d a s
enripiadas	e n r i ˈp j a d a s
alumbre	a ˈl u m b ɾ e
cajón	k a ˈx o n
radiografiados	r a d j o ɡ ɾ a ˈf j a d o s
trapera	t ɾ a ˈp e ɾ a
superaremos	s u p e ɾ a ˈɾ e m o s
cuartito	k w a ɾ ˈt i t o
autotrófico	a u t o ˈt ɾ o f i k o
corneadas	k o ɾ n e ˈa d a s
abluidas	a ˈb l w i d a s
Mauro	ˈm a u ɾ o
muerteabas	m w e ɾ t e ˈa b a s
crac	ˈk ɾ a k
limada	l i ˈm a d a
gravísimas	ɡ ɾ a ˈb i s i m a s
calabriadas	k a l a ˈb ɾ j a d a s
oportunísimo	o p o ɾ t u ˈn i s i m o
Malí	m a ˈl i
tachada	t a ˈt͡ʃ a d a
prevaricadora	p ɾ e b a ɾ i k a ˈd o ɾ a
grelina	ɡ ɾ e ˈl i n a
sanguinolentos	s a n ɡ i n o ˈl e n t o s
usuluteca	u s u l u ˈt e k a
Hawái	x a ˈw a i
testificar	t e s t i f i ˈk a ɾ
búlgara	ˈb u l ɡ a ɾ a
reparemos	r e p a ˈɾ e m o s
coreografiar	k o ɾ e o ɡ ɾ a ˈf j a ɾ
equilibrador	e k i l i b ɾ a ˈd o ɾ
enviar	e m ˈb j a ɾ
enturbiar	e n t u ɾ ˈb j a ɾ
distorsionado	d i s t o ɾ s j o ˈn a d o
desembolsadas	d e s e m b o l ˈs a d a s
sextina	s e s ˈt i n a
vieres	ˈb j e ɾ e s
sublimado	s u b l i ˈm a d o
marihuanas	m a ɾ i ˈw a n a s
birminghense	b i ɾ m i n ˈɡ e n s e
seísmo	s e ˈi s m o
enemistar	e n e m i s ˈt a ɾ
embreada	e m b ɾ e ˈa d a
psicosomático	s i k o s o ˈm a t i k o
muertitas	m w e ɾ ˈt i t a s
agüevada	a ɡ w e ˈb a d a
erre	ˈe r e
esquivares	e s k i ˈb a ɾ e s
dan	ˈd a n
voleada	b o l e ˈa d a
gasánida	ɡ a ˈs a n i d a
vimos	ˈb i m o s
bebería	b e b e ˈɾ i a
epodo	e ˈp o d o
posibles	p o ˈs i b l e s
cuchuchear	k u t͡ʃ u t͡ʃ e ˈa ɾ
tolina	t o ˈl i n a
tautología	t a u t o l o ˈx i a
resquebrar	r e s k e ˈb ɾ a ɾ
ubérrimo	u ˈb e r i m o
Vaupés	b a u ˈp e s
retrucaste	r e t ɾ u ˈk a s t e
pipada	p i ˈp a d a
vocabulario	b o k a b u ˈl a ɾ j o
andémoste	a n ˈd e m o s t e
grieta	ˈɡ ɾ j e t a
retiráramos	r e t i ˈɾ a ɾ a m o s
invernaderos	i m b e ɾ n a ˈd e ɾ o s
provicario	p ɾ o b i ˈk a ɾ j o
sobrecoger	s o b ɾ e k o ˈx e ɾ
relampaguee	r e l a m p a ˈɡ e e
colapso	k o ˈl a b s o
tornados	t o ɾ ˈn a d o s
rácano	ˈr a k a n o
abocar	a b o ˈk a ɾ
impetrado	i m p e ˈt ɾ a d o
deformar	d e f o ɾ ˈm a ɾ
verija	b e ˈɾ i x a
alimaña	a l i ˈm a ɲ a
extraacadémica	e ɡ s t ɾ a a k a ˈd e m i k a
reforjar	r e f o ɾ ˈx a ɾ
endocrinológica	e n d o k ɾ i n o ˈl o x i k a
codesarrollado	k o d e s a r o ˈʝ a d o
decolorados	d e k o l o ˈɾ a d o s
enemistada	e n e m i s ˈt a d a
aduláramos	a d u ˈl a ɾ a m o s
alante	a ˈl a n t e
xenófobo	s e ˈn o f o b o
sopladas	s o ˈp l a d a s
avarienta	a b a ˈɾ j e n t a
enastado	e n a s ˈt a d o
huaco	ˈw̝ a k o
paniaguado	p a n j a ˈɡ w a d o
frustrando	f ɾ u s ˈt ɾ a n d o
eslalon	e s ˈl a l o n
adenohipófisis	a d e n o i ˈp o f i s i s
baratadas	b a ɾ a ˈt a d a s
sufragados	s u f ɾ a ˈɡ a d o s
autolesionada	a u t o l e s j o ˈn a d a
intuir	i n ˈt w i ɾ
competidor	k o m p e t i ˈd o ɾ
taponear	t a p o n e ˈa ɾ
capirote	k a p i ˈɾ o t e
petipuá	p e t i ˈp w a
salvaguardamos	s a l b a ɡ w a ɾ ˈd a m o s
apuntillado	a p u n t i ˈʝ a d o
parametrar	p a ɾ a m e ˈt ɾ a ɾ
crisálida	k ɾ i ˈs a l i d a
grapo	ˈɡ ɾ a p o
yago	ˈʝ a ɡ o
yaracuyano	ʝ a ɾ a k u ˈʝ a n o
apelas	a ˈp e l a s
alegal	a l e ˈɡ a l
trasmutados	t ɾ a s m u ˈt a d o s
hebrero	e ˈb ɾ e ɾ o
digestible	d i x e s ˈt i b l e
chorrillana	t͡ʃ o r i ˈʝ a n a
andándoles	a n ˈd a n d o l e s
aminopeptidasa	a m i n o p e b t i ˈd a s a
desgarrante	d e s ɡ a ˈr a n t e
bloguear	b l o ɡ e ˈa ɾ
gin	ˈʝ i n
deberéis	d e b e ˈɾ e i s
desbandá	d e s b a n ˈd a
romboide	r o m ˈb o i d e
saquear	s a k e ˈa ɾ
arropado	a r o ˈp a d o
acordándose	a k o ɾ ˈd a n d o s e
tristura	t ɾ i s ˈt u ɾ a
chasqueado	t͡ʃ a s k e ˈa d o
aspecto	a s ˈp e ɡ t o
reverendo	r e b e ˈɾ e n d o
ultrajados	u l t ɾ a ˈx a d o s
universalidad	u n i b e ɾ s a l i ˈd a d
esgrimir	e s ɡ ɾ i ˈm i ɾ
glaseado	ɡ l a s e ˈa d o
resoluto	r e s o ˈl u t o
hiperpotasemias	i p e ɾ p o t a ˈs e m j a s
socarronería	s o k a r o n e ˈɾ i a
expansionar	e ɡ s p a n s j o ˈn a ɾ
jeringadas	x e ɾ i n ˈɡ a d a s
butiá	b u ˈt j a
rabiada	r a ˈb j a d a
fonda	ˈf o n d a
polaridad	p o l a ɾ i ˈd a d
eón	e ˈo n
extermino	e ɡ s t e ɾ ˈm i n o
subactuar	s u b a ɡ ˈt w a ɾ
ligoteo	l i ɡ o ˈt e o
linfoides	l i n ˈf o i d e s
peleados	p e l e ˈa d o s
oiréis	o i ˈɾ e i s
próximo	ˈp ɾ o ɡ s i m o
inculta	i n ˈk u l t a
acopla	a ˈk o p l a
mandatoria	m a n d a ˈt o ɾ j a
traído	t ɾ a ˈi d o
hipertensión	i p e ɾ t e n ˈs j o n
intimidados	i n t i m i ˈd a d o s
estaban	e s ˈt a b a n
andén	a n ˈd e n
atas	ˈa t a s
Boluarte	b o ˈl w a ɾ t e
aparo	a ˈp a ɾ o
hanguear	a n ɡ e ˈa ɾ
gramatical	ɡ ɾ a m a t i ˈk a l
triangula	t ɾ j a n ˈɡ u l a
fisgoneo	f i s ɡ o ˈn e o
pasota	p a ˈs o t a
latín	l a ˈt i n
incluso	i n ˈk l u s o
allí	a ˈʝ i
oncohematológico	o n k o e m a t o ˈl o x i k o
chele	ˈt͡ʃ e l e
guerrilla	ɡ e ˈr i ʝ a
austera	a u s ˈt e ɾ a
nigroestriados	n i ɡ ɾ o e s ˈt ɾ j a d o s
neologismo	n e o l o ˈx i s m o
reverberar	r e b e ɾ b e ˈɾ a ɾ
IFE	ˈi f e
homenaje	o m e ˈn a x e
garantía	ɡ a ɾ a n ˈt i a
hipovolémicas	i p o b o ˈl e m i k a s
soma	ˈs o m a
añadir	a ɲ a ˈd i ɾ
mucho	ˈm u t͡ʃ o
encontraras	e n k o n ˈt ɾ a ɾ a s
cagarse	k a ˈɡ a ɾ s e
compartimentados	k o m p a ɾ t i m e n ˈt a d o s
ayuno	a ˈʝ u n o
sajón	s a ˈx o n
punalúa	p u n a ˈl u a
snorkel	e s ˈn o ɾ k e l
rugidas	r u ˈx i d a s
refrendadas	r e f ɾ e n ˈd a d a s
náuticas	ˈn a u t i k a s
agostino	a ɡ o s ˈt i n o
huno	ˈu n o
acuminadas	a k u m i ˈn a d a s
samba	ˈs a m b a
acobardara	a k o b a ɾ ˈd a ɾ a
bodegonista	b o d e ɡ o ˈn i s t a
chingongo	t͡ʃ i n ˈɡ o n ɡ o
mandacaru	m a n d a ˈk a ɾ u
huaca	ˈw̝ a k a
contestatario	k o n t e s t a ˈt a ɾ j o
endocrino	e n d o ˈk ɾ i n o
colorada	k o l o ˈɾ a d a
indefenso	i n d e ˈf e n s o
personadas	p e ɾ s o ˈn a d a s
genuino	x e ˈn w i n o
autoalimentados	a u t o a l i m e n ˈt a d o s
acabás	a k a ˈb a s
entrevistadores	e n t ɾ e b i s t a ˈd o ɾ e s
baremados	b a ɾ e ˈm a d o s
resguardo	r e s ˈɡ w a ɾ d o
cantándoles	k a n ˈt a n d o l e s
caballeresco	k a b a ʝ e ˈɾ e s k o
pendíamos	p e n ˈd i a m o s
polisintéticos	p o l i s i n ˈt e t i k o s
chip	ˈt͡ʃ i p
Bretaña	b ɾ e ˈt a ɲ a
rastrojo	r a s ˈt ɾ o x o
chufado	t͡ʃ u ˈf a d o
belencanda	b e l e n ˈk a n d a
hepatotropos	e p a t o ˈt ɾ o p o s
Gamba	ˈɡ a m b a
volcadas	b o l ˈk a d a s
fosforilaras	f o s f o ɾ i ˈl a ɾ a s
Tato	ˈt a t o
filfa	ˈf i l f a
pisón	p i ˈs o n
eludes	e ˈl u d e s
florido	f l o ˈɾ i d o
administrareis	a d m i n i s ˈt ɾ a ɾ e i s
respeto	r e s ˈp e t o
vallada	b a ˈʝ a d a
apararás	a p a ɾ a ˈɾ a s
chapó	t͡ʃ a ˈp o
retreparse	r e t ɾ e ˈp a ɾ s e
sofisticares	s o f i s t i ˈk a ɾ e s
Natan	ˈn a t a n
estallable	e s t a ˈʝ a b l e
abate	a ˈb a t e
hablaste	a ˈb l a s t e
banquetear	b a n k e t e ˈa ɾ
ufanadas	u f a ˈn a d a s
emulsionada	e m u l s j o ˈn a d a
sólito	ˈs o l i t o
contraatacados	k o n t ɾ a a t a ˈk a d o s
aduana	a ˈd w a n a
capuchina	k a p u ˈt͡ʃ i n a
chaquetón	t͡ʃ a k e ˈt o n
escarbador	e s k a ɾ b a ˈd o ɾ
forramos	f o ˈr a m o s
ondina	o n ˈd i n a
Remigio	r e ˈm i x j o
conejillo	k o n e ˈx i ʝ o
yukpa	ˈʝ u ɡ p a
trancares	t ɾ a n ˈk a ɾ e s
coexistidos	k o e ɡ s i s ˈt i d o s
ambivalente	a m b i b a ˈl e n t e
polenta	p o ˈl e n t a
propendida	p ɾ o p e n ˈd i d a
lascada	l a s ˈk a d a
abastos	a ˈb a s t o s
emirato	e m i ˈɾ a t o
tuiteados	t w i t e ˈa d o s
usulutecas	u s u l u ˈt e k a s
vesicante	b e s i ˈk a n t e
ventoseado	b e n t o s e ˈa d o
sunroof	ˈs a n r u f
admire	a d ˈm i ɾ e
forro	ˈf o r o
prístinas	ˈp ɾ i s t i n a s
contornaríamos	k o n t o ɾ n a ˈɾ i a m o s
movemos	m o ˈb e m o s
hábito	ˈa b i t o
presididos	p ɾ e s i ˈd i d o s
anatomía	a n a t o ˈm i a
oncología	o n k o l o ˈx i a
argentina	a ɾ x e n ˈt i n a
androide	a n ˈd ɾ o i d e
palmita	p a l ˈm i t a
fosforilaremos	f o s f o ɾ i l a ˈɾ e m o s
espachurrada	e s p a t͡ʃ u ˈr a d a
gantés	ɡ a n ˈt e s
bandejita	b a n d e ˈx i t a
lisonjero	l i s o n ˈx e ɾ o
desaguadero	d e s a ɡ w a ˈd e ɾ o
afirmo	a ˈf i ɾ m o
Antón	a n ˈt o n
gobernados	ɡ o b e ɾ ˈn a d o s
proclamados	p ɾ o k l a ˈm a d o s
brido	ˈb ɾ i d o
granada	ɡ ɾ a ˈn a d a
idolatrados	i d o l a ˈt ɾ a d o s
funicular	f u n i k u ˈl a ɾ
simulado	s i m u ˈl a d o
primate	p ɾ i ˈm a t e
abortistas	a b o ɾ ˈt i s t a s
barda	ˈb a ɾ d a
nalidíxico	n a l i ˈd i ɡ s i k o
incumbidas	i n k u m ˈb i d a s
contristado	k o n t ɾ i s ˈt a d o
puerquita	p w e ɾ ˈk i t a
estrelladas	e s t ɾ e ˈʝ a d a s
turco	ˈt u ɾ k o
seamos	s e ˈa m o s
Gibraltar	x i b ɾ a l ˈt a ɾ
absuelto	a b ˈs w e l t o
incorpóreos	i n k o ɾ ˈp o ɾ e o s
bala	ˈb a l a
polirritmia	p o l i ˈr i d m j a
trancado	t ɾ a n ˈk a d o
afectáramos	a f e ɡ ˈt a ɾ a m o s
galio	ˈɡ a l j o
gasas	ˈɡ a s a s
suplicamos	s u p l i ˈk a m o s
coordinadas	k o o ɾ d i ˈn a d a s
portera	p o ɾ ˈt e ɾ a
dalia	ˈd a l j a
grillar	ɡ ɾ i ˈʝ a ɾ
avilés	a b i ˈl e s
cantanos	k a n ˈt a n o s
tirará	t i ɾ a ˈɾ a
pulcros	ˈp u l k ɾ o s
habitadora	a b i t a ˈd o ɾ a
entesitis	e n t e ˈs i t i s
antiindustrial	a n t i i n d u s ˈt ɾ j a l
divinado	d i b i ˈn a d o
estarles	e s ˈt a ɾ l e s
eufemísticos	e u f e ˈm i s t i k o s
reptado	r e b ˈt a d o
hinchar	i n ˈt͡ʃ a ɾ
troquelar	t ɾ o k e ˈl a ɾ
piemontés	p j e m o n ˈt e s
concuñada	k o n k u ˈɲ a d a
amenguados	a m e n ˈɡ w a d o s
ganjifa	ɡ a n ˈx i f a
daríamos	d a ˈɾ i a m o s
blanqueados	b l a n k e ˈa d o s
focal	f o ˈk a l
bayuca	b a ˈʝ u k a
descocarse	d e s k o ˈk a ɾ s e
cultivo	k u l ˈt i b o
destocadas	d e s t o ˈk a d a s
puntilla	p u n ˈt i ʝ a
panafricanos	p a n a f ɾ i ˈk a n o s
otolito	o t o ˈl i t o
minicomponente	m i n i k o m p o ˈn e n t e
recua	ˈr e k w a
litio	ˈl i t j o
definitivas	d e f i n i ˈt i b a s
austral	a u s ˈt ɾ a l
listado	l i s ˈt a d o
cantarilla	k a n t a ˈɾ i ʝ a
emolientero	e m o l j e n ˈt e ɾ o
furtivo	f u ɾ ˈt i b o
polimorfa	p o l i ˈm o ɾ f a
instantánea	i n s t a n ˈt a n e a
Manáoag	m a ˈn a w a ɡ
compinchado	k o m p i n ˈt͡ʃ a d o
perjuro	p e ɾ ˈx u ɾ o
catalogadora	k a t a l o ɡ a ˈd o ɾ a
regalada	r e ɡ a ˈl a d a
escabiador	e s k a b j a ˈd o ɾ
alejada	a l e ˈx a d a
Marroquín	m a r o ˈk i n
becarias	b e ˈk a ɾ j a s
anadeadas	a n a d e ˈa d a s
hilandera	i l a n ˈd e ɾ a
aireadas	a i ɾ e ˈa d a s
cuatribanda	k w a t ɾ i ˈb a n d a
paremos	p a ˈɾ e m o s
convergidos	k o m b e ɾ ˈx i d o s
horripilados	o r i p i ˈl a d o s
fenghuang	f e n ˈx w a n
fosforosa	f o s f o ˈɾ o s a
torpedeados	t o ɾ p e d e ˈa d o s
monocromo	m o n o ˈk ɾ o m o
alcapurria	a l k a ˈp u r j a
remojadas	r e m o ˈx a d a s
disyuntor	d i s ʝ u n ˈt o ɾ
pagina	p a ˈx i n a
compensaras	k o m p e n ˈs a ɾ a s
enherbolar	e n e ɾ b o ˈl a ɾ
pegón	p e ˈɡ o n
cantante	k a n ˈt a n t e
vieran	ˈb j e ɾ a n
Aragua	a ˈɾ a ɡ w a
desaprovechada	d e s a p ɾ o b e ˈt͡ʃ a d a
vetustense	b e t u s ˈt e n s e
protamina	p ɾ o t a ˈm i n a
panadería	p a n a d e ˈɾ i a
retromandibular	r e t ɾ o m a n d i b u ˈl a ɾ
patovica	p a t o ˈb i k a
concatenar	k o n k a t e ˈn a ɾ
abortar	a b o ɾ ˈt a ɾ
moraríamos	m o ɾ a ˈɾ i a m o s
galés	ɡ a ˈl e s
victimado	b i ɡ t i ˈm a d o
absteniéndome	a b s t e ˈn j e n d o m e
engelamiento	e n x e l a ˈm j e n t o
cansada	k a n ˈs a d a
gusto	ˈɡ u s t o
pifie	ˈp i f j e
rockismo	r o ˈk i s m o
trianguladas	t ɾ j a n ɡ u ˈl a d a s
normativismo	n o ɾ m a t i ˈb i s m o
ordeno	o ɾ ˈd e n o
parduscas	p a ɾ ˈd u s k a s
degenerativa	d e x e n e ɾ a ˈt i b a
cómale	ˈk o m a l e
regladas	r e ˈɡ l a d a s
tascas	ˈt a s k a s
reinterpretadas	r e i n t e ɾ p ɾ e ˈt a d a s
ternero	t e ɾ ˈn e ɾ o
reflectadas	r e f l e ɡ ˈt a d a s
subependimomas	s u b e p e n d i ˈm o m a s
amputado	a m p u ˈt a d o
Eulogia	e u ˈl o x j a
Fábregas	ˈf a b ɾ e ɡ a s
arrollados	a r o ˈʝ a d o s
aquilón	a k i ˈl o n
errarás	e r a ˈɾ a s
colegido	k o l e ˈx i d o
gerontología	x e ɾ o n t o l o ˈx i a
fonsadera	f o n s a ˈd e ɾ a
bonificadas	b o n i f i ˈk a d a s
trímero	ˈt ɾ i m e ɾ o
pluripartidaria	p l u ɾ i p a ɾ t i ˈd a ɾ j a
solarás	s o l a ˈɾ a s
megaloblásticos	m e ɡ a l o ˈb l a s t i k o s
motito	m o ˈt i t o
cafeico	k a ˈf e i k o
vetaríamos	b e t a ˈɾ i a m o s
gerontóloga	x e ɾ o n ˈt o l o ɡ a
comilonas	k o m i ˈl o n a s
Batlle	ˈb a ʝ e
caravanero	k a ɾ a b a ˈn e ɾ o
biflagelado	b i f l a x e ˈl a d o
potasemia	p o t a ˈs e m j a
leyendo	l e ˈʝ e n d o
metra	ˈm e t ɾ a
empoderante	e m p o d e ˈɾ a n t e
depurando	d e p u ˈɾ a n d o
fu	ˈf u
jocosamente	x o ˌk o s a ˈm e n t e
prometida	p ɾ o m e ˈt i d a
substitutivo	s u b s t i t u ˈt i b o
metros	ˈm e t ɾ o s
abaratados	a b a ɾ a ˈt a d o s
cromosoma	k ɾ o m o ˈs o m a
confluir	k o n ˈf l w i ɾ
varicosos	b a ɾ i ˈk o s o s
usurero	u s u ˈɾ e ɾ o
tituláramos	t i t u ˈl a ɾ a m o s
miráculo	m i ˈɾ a k u l o
habláramos	a ˈb l a ɾ a m o s
disgustado	d i s ɡ u s ˈt a d o
rumorados	r u m o ˈɾ a d o s
deliradas	d e l i ˈɾ a d a s
pentavalente	p e n t a b a ˈl e n t e
Enka	ˈe n k a
Pireo	p i ˈɾ e o
monegasco	m o n e ˈɡ a s k o
rematado	r e m a ˈt a d o
Carbajal	k a ɾ b a ˈx a l
endrogado	e n d ɾ o ˈɡ a d o
puntilloso	p u n t i ˈʝ o s o
ubérrimos	u ˈb e r i m o s
nada	ˈn a d a
inequívoca	i n e ˈk i b o k a
fenomenológica	f e n o m e n o ˈl o x i k a
singular	s i n ɡ u ˈl a ɾ
arrullo	a ˈr u ʝ o
eufemísticas	e u f e ˈm i s t i k a s
reductores	r e d u ɡ ˈt o ɾ e s
deforestar	d e f o ɾ e s ˈt a ɾ
warfarina	w a ɾ f a ˈɾ i n a
remunerativo	r e m u n e ɾ a ˈt i b o
abatatada	a b a t a ˈt a d a
pocotón	p o k o ˈt o n
reintensificado	r e i n t e n s i f i ˈk a d o
mostrará	m o s t ɾ a ˈɾ a
hoyoso	o ˈʝ o s o
gorrón	ɡ o ˈr o n
prohibitorios	p ɾ o i b i ˈt o ɾ j o s
resolladas	r e s o ˈʝ a d a s
panarabista	p a n a ɾ a ˈb i s t a
iqueñas	i ˈk e ɲ a s
jugadas	x u ˈɡ a d a s
transfeminismo	t ɾ a n s f e m i ˈn i s m o
tratar	t ɾ a ˈt a ɾ
lacaya	l a ˈk a ʝ a
paletón	p a l e ˈt o n
arguyera	a ɾ ɡ u ˈʝ e ɾ a
afirmaras	a f i ɾ ˈm a ɾ a s
golpeteado	ɡ o l p e t e ˈa d o
consultaremos	k o n s u l t a ˈɾ e m o s
involutivos	i m b o l u ˈt i b o s
propensión	p ɾ o p e n ˈs j o n
vetaste	b e ˈt a s t e
michoacanos	m i t͡ʃ o a ˈk a n o s
kinasa	k i ˈn a s a
Aruba	a ˈɾ u b a
aborregabais	a b o r e ˈɡ a b a i s
clamadas	k l a ˈm a d a s
perennifolio	p e ɾ e n n i ˈf o l j o
peneanos	p e n e ˈa n o s
chotis	ˈt͡ʃ o t i s
lagartón	l a ɡ a ɾ ˈt o n
aviando	a ˈb j a n d o
cadaverina	k a d a b e ˈɾ i n a
oportuno	o p o ɾ ˈt u n o
autodestruidas	a u t o d e s ˈt ɾ w i d a s
desveladas	d e s b e ˈl a d a s
lisosómico	l i s o ˈs o m i k o
emigrados	e m i ˈɡ ɾ a d o s
inaudible	i n a u ˈd i b l e
baldado	b a l ˈd a d o
estacados	e s t a ˈk a d o s
plebeyo	p l e ˈb e ʝ o
catadióptrico	k a t a ˈd j o b t ɾ i k o
amarradero	a m a r a ˈd e ɾ o
putrefactas	p u t ɾ e ˈf a ɡ t a s
desgranada	d e s ɡ ɾ a ˈn a d a
fotografiados	f o t o ɡ ɾ a ˈf j a d o s
despeinado	d e s p e i ˈn a d o
diversas	d i ˈb e ɾ s a s
clorosis	k l o ˈɾ o s i s
ampolla	a m ˈp o ʝ a
amarrete	a m a ˈr e t e
casto	ˈk a s t o
incoar	i n k o ˈa ɾ
godo	ˈɡ o d o
neofobia	n e o ˈf o b j a
desfogados	d e s f o ˈɡ a d o s
vestido	b e s ˈt i d o
enroca	e n ˈr o k a
tarsometatarsianos	t a ɾ s o m e t a t a ɾ ˈs j a n o s
enseñado	e n s e ˈɲ a d o
convulsivo	k o m b u l ˈs i b o
tonificadas	t o n i f i ˈk a d a s
inmunohistoquímicos	i m ˌm u n o i s t o ˈk i m i k o s
tentativa	t e n t a ˈt i b a
reestructurados	r e e s t ɾ u ɡ t u ˈɾ a d o s
junte	ˈx u n t e
manguera	m a n ˈɡ e ɾ a
disentidos	d i s e n ˈt i d o s
terral	t e ˈr a l
Ardenas	a ɾ ˈd e n a s
clínex	ˈk l i n e ɡ s
autosaboteados	a u t o s a b o t e ˈa d o s
reintensificada	r e i n t e n s i f i ˈk a d a
paleolítico	p a l e o ˈl i t i k o
pegar	p e ˈɡ a ɾ
pitito	p i ˈt i t o
ignorado	i ɡ n o ˈɾ a d o
ornitorrinco	o ɾ n i t o ˈr i n k o
bateadora	b a t e a ˈd o ɾ a
explayados	e ɡ s p l a ˈʝ a d o s
aperadora	a p e ɾ a ˈd o ɾ a
alcaldada	a l k a l ˈd a d a
Yara	ˈʝ a ɾ a
adúltera	a ˈd u l t e ɾ a
virareis	b i ˈɾ a ɾ e i s
forjador	f o ɾ x a ˈd o ɾ
coescriptas	k o e s ˈk ɾ i b t a s
filetear	f i l e t e ˈa ɾ
pterodactiloide	t e ɾ o d a ɡ t i ˈl o i d e
sicofanta	s i k o ˈf a n t a
comiéndolo	k o ˈm j e n d o l o
homofóbicas	o m o ˈf o b i k a s
andándola	a n ˈd a n d o l a
babor	b a ˈb o ɾ
fastidiosas	f a s t i ˈd j o s a s
buró	b u ˈɾ o
caudillo	k a u ˈd i ʝ o
desintegrativos	d e s i n t e ɡ ɾ a ˈt i b o s
tacleado	t a k l e ˈa d o
dimisionar	d i m i s j o ˈn a ɾ
quitadas	k i ˈt a d a s
laso	ˈl a s o
hidrométricas	i d ɾ o ˈm e t ɾ i k a s
Lorca	ˈl o ɾ k a
deleitar	d e l e i ˈt a ɾ
mechicano	m e t͡ʃ i ˈk a n o
estrechas	e s ˈt ɾ e t͡ʃ a s
comierais	k o ˈm j e ɾ a i s
estaque	e s ˈt a k e
mongolito	m o n ɡ o ˈl i t o
alcaide	a l ˈk a i d e
habrás	a ˈb ɾ a s
festín	f e s ˈt i n
glicosídico	ɡ l i k o ˈs i d i k o
estenos	e s ˈt e n o s
canela	k a ˈn e l a
trombón	t ɾ o m ˈb o n
remoloneada	r e m o l o n e ˈa d a
vestibulococlear	b e s t i b u l o k o k l e ˈa ɾ
simplificareis	s i m p l i f i ˈk a ɾ e i s
medallita	m e d a ˈʝ i t a
cromatográficos	k ɾ o m a t o ˈɡ ɾ a f i k o s
auditivos	a u d i ˈt i b o s
monocromáticas	m o n o k ɾ o ˈm a t i k a s
esgrimidor	e s ɡ ɾ i m i ˈd o ɾ
cantarlos	k a n ˈt a ɾ l o s
segurados	s e ɡ u ˈɾ a d o s
abaldonaros	a b a l d o ˈn a ɾ o s
elegible	e l e ˈx i b l e
cuico	ˈk w i k o
grande	ˈɡ ɾ a n d e
esponjoso	e s p o n ˈx o s o
encantadores	e n k a n t a ˈd o ɾ e s
posesivos	p o s e ˈs i b o s
cosido	k o ˈs i d o
ilinoisiano	i l i n o i ˈs j a n o
endeudado	e n d e u ˈd a d o
fregotear	f ɾ e ɡ o t e ˈa ɾ
titulaste	t i t u ˈl a s t e
intrigados	i n t ɾ i ˈɡ a d o s
grupo	ˈɡ ɾ u p o
evitar	e b i ˈt a ɾ
animosas	a n i ˈm o s a s
mefistofélico	m e f i s t o ˈf e l i k o
oaxaqueño	w̝ a x a ˈk e ɲ o
intervalo	i n t e ɾ ˈb a l o
Cartago	k a ɾ ˈt a ɡ o
anfíbol	a n ˈf i b o l
semimeridiano	s e m i m e ɾ i ˈd j a n o
alfaque	a l ˈf a k e
hollado	o ˈʝ a d o
ladrido	l a ˈd ɾ i d o
estereotípicos	e s t e ɾ e o ˈt i p i k o s
rodas	ˈr o d a s
agroclimática	a ɡ ɾ o k l i ˈm a t i k a
denotara	d e n o ˈt a ɾ a
guijarro	ɡ i ˈx a r o
profundidad	p ɾ o f u n d i ˈd a d
petidina	p e t i ˈd i n a
ruido	ˈr w i d o
cunques	ˈk u n k e s
terraplenados	t e r a p l e ˈn a d o s
inquisidora	i n k i s i ˈd o ɾ a
tirón	t i ˈɾ o n
espesas	e s ˈp e s a s
mostraste	m o s ˈt ɾ a s t e
ósculo	ˈo s k u l o
masnavi	m a s ˈn a b i
conjuntadas	k o n x u n ˈt a d a s
subscriptos	s u b s ˈk ɾ i b t o s
neohumanísticas	n e o u m a ˈn i s t i k a s
parasailing	p a ɾ a ˈs e i l i n
titiritéele	t i t i ɾ i ˈt e e l e
trombina	t ɾ o m ˈb i n a
dietilo	d j e ˈt i l o
amigdalectomía	a m i ɡ d a l e ɡ t o ˈm i a
inmunoalérgicos	i m m u n o a ˈl e ɾ x i k o s
vermiculadas	b e ɾ m i k u ˈl a d a s
Mantua	ˈm a n t w a
argüimos	a ɾ ˈɡ w i m o s
apanar	a p a ˈn a ɾ
trilineal	t ɾ i l i n e ˈa l
fonólogo	f o ˈn o l o ɡ o
sincopar	s i n k o ˈp a ɾ
imantadas	i m a n ˈt a d a s
hormigonado	o ɾ m i ɡ o ˈn a d o
tomatico	t o m a ˈt i k o
homofóbico	o m o ˈf o b i k o
acojonada	a k o x o ˈn a d a
salidora	s a l i ˈd o ɾ a
trasegador	t ɾ a s e ɡ a ˈd o ɾ
heparina	e p a ˈɾ i n a
carintia	k a ˈɾ i n t j a
bestseller	b e s t ˈs e l e ɾ
tururú	t u ɾ u ˈɾ u
rumbeados	r u m b e ˈa d o s
desosada	d e s o ˈs a d a
farmacológico	f a ɾ m a k o ˈl o x i k o
meloso	m e ˈl o s o
hidrográfico	i d ɾ o ˈɡ ɾ a f i k o
lacra	ˈl a k ɾ a
abarrares	a b a ˈr a ɾ e s
limpiador	l i m p j a ˈd o ɾ
joderla	x o ˈd e ɾ l a
minamos	m i ˈn a m o s
Mercurio	m e ɾ ˈk u ɾ j o
bolardo	b o ˈl a ɾ d o
empalagada	e m p a l a ˈɡ a d a
atenuantes	a t e ˈn w a n t e s
malentendida	m a l e n t e n ˈd i d a
torturadas	t o ɾ t u ˈɾ a d a s
tabicadas	t a b i ˈk a d a s
persistidas	p e ɾ s i s ˈt i d a s
Hipnos	ˈi b n o s
cansar	k a n ˈs a ɾ
afanosas	a f a ˈn o s a s
achaparrada	a t͡ʃ a p a ˈr a d a
alabadas	a l a ˈb a d a s
Nursultán	n u ɾ s u l ˈt a n
supramediterráneo	s u p ɾ a m e d i t e ˈr a n e o
pastes	ˈp a s t e s
blusón	b l u ˈs o n
archivado	a ɾ t͡ʃ i ˈb a d o
ratificamos	r a t i f i ˈk a m o s
abstendríamos	a b s t e n ˈd ɾ i a m o s
pertrechados	p e ɾ t ɾ e ˈt͡ʃ a d o s
reposados	r e p o ˈs a d o s
premonitoria	p ɾ e m o n i ˈt o ɾ j a
desplegar	d e s p l e ˈɡ a ɾ
polonesas	p o l o ˈn e s a s
peraltadas	p e ɾ a l ˈt a d a s
quebrantahuesos	k e ˌb ɾ a n t a ˈw e s o s
llamare	ʝ a ˈm a ɾ e
pélvica	ˈp e l b i k a
Majagua	m a ˈx a ɡ w a
ufanados	u f a ˈn a d o s
Tarso	ˈt a ɾ s o
aumentadas	a u m e n ˈt a d a s
mártaga	ˈm a ɾ t a ɡ a
globalismos	ɡ l o b a ˈl i s m o s
