нутрощі	n u t r ɔ ʃ t͡ʃʲ i
охра	ɔ x r ɐ
замовити	z ɐ m ɔ ʋ e t e
наркозалежний	n ɐ r k ɔ z ɐ ɫ ɛ ʒ n e i̯
восьмисотий	w ɔ sʲ m e s ɔ t e i̯
макові	m ɑ k ɔ ʋʲ i
пінистий	pʲ i n e s t e i̯
шиям	ʃ ɪ j ɐ m
працівником	p r ɐ t͡sʲ i u̯ n e k ɔ m
слуховий	s ɫ ʊ x ɔ ʋ ɪ i̯
фінляндський	fʲ i nʲ lʲ ɑ n d͡zʲ sʲ k e i̯
бетономішалка	b e t ɔ n ɔ mʲ i ʃ ɑ ɫ k ɐ
неймовірний	n e i̯ m ɔ ʋʲ i r n e i̯
заявити	z ɐ j ɐ ʋ ɪ t e
істеричний	i s t e r ɪ t͡ʃ n e i̯
кубинець	k ʊ b ɪ n e t͡sʲ
того	t ɔ ɦ ɔ
дефект	d e f ɛ k t
доречний	d ɔ r ɛ t͡ʃ n e i̯
важко	ʋ ɑ ʒ k ɔ
шовковий	ʃ ɔ u̯ k ɔ ʋ e i̯
обчислювати	ɔ b t͡ʃ ɪ sʲ lʲ ʊ ʋ ɐ t e
мінімум	mʲ i nʲ i m ʊ m
вигідний	ʋ ɪ ɦʲ i d n e i̯
трагедій	t r ɐ ɦ ɛ dʲ i i̯
погрозити	p ɔ ɦ r ɔ z ɪ t e
кажучи	k ɑ ʒ ʊ t͡ʃ e
михаїл	m e x ɐ j i ɫ
польща	p ɔ lʲ ʃ t͡ʃ ɐ
шумний	ʃ u m n e i̯
реконструкція	r e k o n s t r u k t͡sʲ i j ɐ
станцією	s t ɑ nʲ t͡sʲ i j e j ʊ
емігрувати	e mʲ i ɦ r ʊ ʋ ɑ t e
інтенсивність	i n t e n s ɪ u̯ nʲ i sʲ tʲ
волейболістка	w ɔ ɫ e i̯ b o lʲ i s t k ɐ
змій	zʲ mʲ i i̯
дерев'яний	d e r e ʋ j ɑ n e i̯
свояк	s w ɔ j ɑ k
споживача	s p ɔ ʒ e ʋ ɐ t͡ʃ ɑ
прикро	p r ɪ k r ɔ
повість	p ɔ ʋʲ i sʲ tʲ
сестрице	s e s t r ɪ t͡s e
дисертацію	d e s e r t ɑ t͡sʲ i j ʊ
дзьоб	d͡zʲ ɔ b
дитята	d e tʲ ɑ t ɐ
гель	ɦ ɛ lʲ
вівтарний	ʋʲ i u̯ t ɐ r n e i̯
слов'янко	s ɫ ɔ ʋ j ɑ n k ɔ
лом	ɫ ɔ m
сказати	s k ɐ z ɑ t e
виростати	ʋ e r ɔ s t ɑ t e
природничий	p r e r ɔ d n ɪ t͡ʃ e i̯
мрія	m rʲ i j ɐ
чорних	t͡ʃ ɔ r n e x
ворожість	w ɔ r ɔ ʒʲ i sʲ tʲ
арістотель	ɐ rʲ i s t ɔ t e lʲ
час	t͡ʃ ɑ s
переглянути	p e r e ɦ lʲ ɑ n ʊ t e
повставати	p ɔ u̯ s t ɐ ʋ ɑ t e
довг	d ɔ u̯ ɦ
суб'єкт	s ʊ b j ɛ k t
коровай	k ɔ r ɔ ʋ ɑ i̯
авіасалон	ɐ ʋʲ i ɐ s ɐ ɫ ɔ n
захист	z ɑ x e s t
є	j ɛ
термометр	t e r m ɔ m e t r
оповідання	ɔ p ɔ ʋʲ i d ɑ nʲː ɐ
песимістичний	p e s e mʲ i s t ɪ t͡ʃ n e i̯
печиво	p ɛ t͡ʃ e w ɔ
мріях	m rʲ i j ɐ x
неформальний	n e f ɔ r m ɑ lʲ n e i̯
федерації	f e d e r ɑ t͡sʲ i j i
любисток	lʲ ʊ b ɪ s t ɔ k
попит	p ɔ p e t
подібність	p o dʲ i b nʲ i sʲ tʲ
справами	s p r ɑ ʋ ɐ m e
безжалісний	b e ʒː ɑ lʲ i s n e i̯
щокою	ʃ t͡ʃ ɔ k ɔ j ʊ
населити	n ɐ s e ɫ ɪ t e
чий	t͡ʃ ɪ i̯
інтеграція	i n t e ɦ r ɑ t͡sʲ i j ɐ
монумент	m ɔ n ʊ m ɛ n t
шістнадцятий	ʃʲ i s t n ɑ d͡zʲ t͡sʲ ɐ t e i̯
супругою	s ʊ p r u ɦ ɔ j ʊ
врятовувати	w rʲ ɐ t ɔ w ʊ ʋ ɐ t e
бурмило	b ʊ r m ɪ ɫ ɔ
ганьба	ɦ ɐ nʲ b ɑ
дівчата	dʲ i u̯ t͡ʃ ɑ t ɐ
антидот	ɐ n t e d ɔ t
абсцес	ɐ b s t͡s ɛ s
внаслідок	w n ɑ sʲ lʲ i d ɔ k
чудій	t͡ʃ ʊ dʲ i i̯
установити	ʊ s t ɐ n ɔ ʋ ɪ t e
відчути	ʋʲ i d͡ʒ t͡ʃ u t e
портфеля	p ɔ r t f ɛ lʲ ɐ
решта	r ɛ ʃ t ɐ
переоцінювати	p e r e o t͡sʲ i nʲ ʊ ʋ ɐ t e
муха	m u x ɐ
багатогодинний	b ɐ ɦ ɐ t ɔ ɦ ɔ d ɪ nː e i̯
прогнозувати	p r ɔ ɦ n ɔ z ʊ ʋ ɑ t e
сотий	s ɔ t e i̯
зірка	zʲ i r k ɐ
соловей	s ɔ ɫ ɔ ʋ ɛ i̯
царство	t͡s ɑ r s t w ɔ
диктатор	d e k t ɑ t ɔ r
самодержавство	s ɐ m ɔ d e r ʒ ɑ u̯ s t w ɔ
досьє	d ɔ sʲ j ɛ
позбутися	p o z b u t e sʲ ɐ
сприйняття	s p r e i̯ nʲ ɐ tʲː ɑ
відсвяткувати	ʋʲ i d͡z sʲ ʋʲ ɐ t k ʊ ʋ ɑ t e
зменшень	z m ɛ n ʃ e nʲ
наркотичний	n ɐ r k ɔ t ɪ t͡ʃ n e i̯
піраміда	pʲ i r ɐ mʲ i d ɐ
абіогенез	ɐ bʲ i ɔ ɦ e n ɛ z
органи	ɔ r ɦ ɐ n e
працівникам	p r ɐ t͡sʲ i u̯ n e k ɑ m
яєчний	j ɐ j ɛ t͡ʃ n e i̯
дисертацій	d e s e r t ɑ t͡sʲ i i̯
дія	dʲ i j ɐ
абсолютно	ɐ b s o lʲ u t n ɔ
зустріти	z ʊ s tʲ rʲ i t e
смак	s m ɑ k
хліб	x lʲ i b
підприємниця	pʲ i d p r e j ɛ m n e t͡sʲ ɐ
психологічний	p s e x ɔ ɫ o ɦʲ i t͡ʃ n e i̯
поїти	p ɔ j i t e
пізніший	pʲ i zʲ nʲ i ʃ e i̯
прибічник	p r e bʲ i t͡ʃ n e k
еякуляція	e j ɐ k ʊ lʲ ɑ t͡sʲ i j ɐ
здивувати	z d e w ʊ ʋ ɑ t e
ідея	i d ɛ j ɐ
навчити	n ɐ u̯ t͡ʃ ɪ t e
коротше	k ɔ r ɔ t͡ʃ ʃ e
кіберпростір	kʲ i b e r p r ɔ sʲ tʲ i r
аборт	ɐ b ɔ r t
бездомний	b e z d ɔ m n e i̯
автогемотерапія	ɐ u̯ t ɔ ɦ e m ɔ t e r ɐ pʲ i j ɐ
щоку	ʃ t͡ʃ o k u
компонент	k ɔ m p ɔ n ɛ n t
допустити	d ɔ p ʊ s t ɪ t e
надії	n ɐ dʲ i j i
критика	k r ɪ t e k ɐ
пропозиції	p r ɔ p ɔ z ɪ t͡sʲ i j i
гребти	ɦ r e b t ɪ
наставати	n ɐ s t ɐ ʋ ɑ t e
недавно	n e d ɑ u̯ n ɔ
культурний	k ʊ lʲ t u r n e i̯
обідати	o bʲ i d ɐ t e
максимальний	m ɐ k s e m ɑ lʲ n e i̯
петиціях	p e t ɪ t͡sʲ i j ɐ x
хмельницький	x m e lʲ n ɪ t͡sʲ k e i̯
рік	rʲ i k
авансування	ɐ ʋ ɐ n s ʊ ʋ ɑ nʲː ɐ
найдружелюбніший	n ɐ i̯ d r ʊ ʒ e lʲ u b nʲ i ʃ e i̯
злочинець	z ɫ ɔ t͡ʃ ɪ n e t͡sʲ
розділ	r ɔ zʲ dʲ i ɫ
голосувати	ɦ ɔ ɫ ɔ s ʊ ʋ ɑ t e
асистент	ɐ s e s t ɛ n t
вперше	ʍ p ɛ r ʃ e
руки	r u k e
автовакцина	ɐ u̯ t ɔ ʋ ɐ k t͡s ɪ n ɐ
засновник	z ɐ s n ɔ u̯ n e k
тисяч	t ɪ sʲ ɐ t͡ʃ
галасливий	ɦ ɐ ɫ ɐ s ɫ ɪ ʋ e i̯
дур	d u r
цією	t͡sʲ i j ɛ j ʊ
доброчесний	d ɔ b r ɔ t͡ʃ ɛ s n e i̯
індивід	i n d e ʋʲ i d
словак	s ɫ ɔ ʋ ɑ k
посилювати	p ɔ s ɪ lʲ ʊ ʋ ɐ t e
страх	s t r ɑ x
лихо	ɫ ɪ x ɔ
фея	f ɛ j ɐ
винайти	ʋ ɪ n ɐ i̯ t e
гнати	ɦ n ɑ t e
стоматологія	s t ɔ m ɐ t ɔ ɫ ɔ ɦʲ i j ɐ
відчиняти	ʋʲ i d͡ʒ t͡ʃ e nʲ ɑ t e
технократичний	t e x n ɔ k r ɐ t ɪ t͡ʃ n e i̯
інструкцією	i n s t r u k t͡sʲ i j e j ʊ
молочний	m ɔ ɫ ɔ t͡ʃ n e i̯
горище	ɦ ɔ r ɪ ʃ t͡ʃ e
каплицю	k ɐ p ɫ ɪ t͡sʲ ʊ
підпорядковувати	pʲ i d p ɔ rʲ ɐ d k ɔ w ʊ ʋ ɐ t e
осмислювати	ɔ s m ɪ sʲ lʲ ʊ ʋ ɐ t e
порівняння	p ɔ rʲ i u̯ nʲ ɑ nʲː ɐ
синтезувати	s e n t e z ʊ ʋ ɑ t e
цвіркун	t͡sʲ ʋʲ i r k u n
гібридний	ɦʲ i b r ɪ d n e i̯
збір	zʲ bʲ i r
розширити	r ɔ ʒ ʃ ɪ r e t e
мізерний	mʲ i z e r n e i̯
скайдайвінг	s k ɐ i̯ d ɑ j ʋʲ i n ɦ
аномалія	ɐ n ɔ m ɑ lʲ i j ɐ
власна	w ɫ ɑ s n ɐ
постатях	p ɔ s t ɐ tʲ ɐ x
вмикати	w m e k ɑ t e
ліцензія	lʲ i t͡s ɛ nʲ zʲ i j ɐ
періодизаціях	p e rʲ i ɔ d e z ɑ t͡sʲ i j ɐ x
маскат	m ɐ s k ɑ t
шлюб	ʃ lʲ u b
велосипедистка	ʋ e ɫ ɔ s e p e d ɪ s t k ɐ
онтологія	ɔ n t ɔ ɫ ɔ ɦʲ i j ɐ
зазначити	z ɐ z n ɐ t͡ʃ ɪ t e
мігрант	mʲ i ɦ r ɑ n t
сам	s ɑ m
амбіція	ɐ m bʲ i t͡sʲ i j ɐ
бісексуал	bʲ i s e k s ʊ ɑ ɫ
печивами	p ɛ t͡ʃ e ʋ ɐ m e
багатолюдний	b ɐ ɦ ɐ t o lʲ u d n e i̯
доїхати	d ɔ j i x ɐ t e
авіаракетобудування	ɐ ʋʲ i ɐ r ɐ k e t ɔ b ʊ d ʊ ʋ ɑ nʲː ɐ
неподільний	n e p o dʲ i lʲ n e i̯
комунізм	k ɔ m ʊ nʲ i z m
дев'яностий	d e ʋ j ɐ n ɔ s t e i̯
погрожувати	p ɔ ɦ r ɔ ʒ ʊ ʋ ɐ t e
товар	t ɔ ʋ ɑ r
жарт	ʒ ɑ r t
законослухняний	z ɐ k ɔ n ɔ s ɫ ʊ x nʲ ɑ n e i̯
границя	ɦ r ɐ n ɪ t͡sʲ ɐ
лисиця	ɫ e s ɪ t͡sʲ ɐ
абстрагування	ɐ b s t r ɐ ɦ ʊ ʋ ɑ nʲː ɐ
скляний	s k lʲ ɐ n ɪ i̯
питання	p e t ɑ nʲː ɐ
тренінг	t r ɛ nʲ i n ɦ
добувати	d ɔ b ʊ ʋ ɑ t e
посібник	p o sʲ i b n e k
подивитися	p ɔ d e ʋ ɪ t e sʲ ɐ
афганський	ɐ v ɦ ɑ nʲ sʲ k e i̯
зарубіжжя	z ɐ r ʊ bʲ i ʒʲː ɐ
пастка	p ɑ s t k ɐ
парадигма	p ɐ r ɐ d ɪ ɦ m ɐ
спортсмен	s p ɔ r t͡s m ɛ n
ув'язнення	ʊ ʋ j ɑ z n e nʲː ɐ
автобальзам	ɐ u̯ t ɔ b ɐ lʲ z ɑ m
волонтер	w ɔ ɫ ɔ n t ɛ r
поздоровити	p ɔ z d ɔ r ɔ ʋ e t e
привселюдний	p r e u̯ s e lʲ u d n e i̯
авіапідживлення	ɐ ʋʲ i ɐ pʲ i d͡ʒ ɪ u̯ ɫ e nʲː ɐ
молекулярний	m ɔ ɫ e k ʊ lʲ ɑ r n e i̯
тисячолітті	t e sʲ ɐ t͡ʃ o lʲ i tʲː i
мешкати	m ɛ ʃ k ɐ t e
дебіл	d e bʲ i ɫ
героїчний	ɦ e r ɔ j i t͡ʃ n e i̯
транзит	t r ɐ n z ɪ t
зручний	z r u t͡ʃ n e i̯
абсурдно	ɐ b s u r d n ɔ
стефанія	s t e f ɑ nʲ i j ɐ
дихотомія	d e x ɔ t o mʲ i j ɐ
цікавий	t͡sʲ i k ɑ ʋ e i̯
вагітна	ʋ ɐ ɦʲ i t n ɐ
литка	ɫ ɪ t k ɐ
кримінальний	k r e mʲ i n ɑ lʲ n e i̯
тріска	tʲ rʲ i s k ɐ
брак	b r ɑ k
органічна	ɔ r ɦ ɐ nʲ i t͡ʃ n ɐ
чорниця	t͡ʃ ɔ r n ɪ t͡sʲ ɐ
привабити	p r e ʋ ɑ b e t e
рига	r ɪ ɦ ɐ
абвер	ɑ b ʋ e r
асимптота	ɐ s e m p t ɔ t ɐ
імперія	i m p ɛ rʲ i j ɐ
взірцевий	w zʲ i r t͡s ɛ ʋ e i̯
роззброювати	r ɔ zː b r ɔ j ʊ ʋ ɐ t e
гроші	ɦ r o ʃʲ i
паузами	p ɑ ʊ z ɐ m e
продуктивність	p r ɔ d ʊ k t ɪ u̯ nʲ i sʲ tʲ
лекції	ɫ ɛ k t͡sʲ i j i
абиколи	ɐ b ɪ k ɔ ɫ e
угорка	ʊ ɦ ɔ r k ɐ
емоцію	e m ɔ t͡sʲ i j ʊ
вимерти	ʋ ɪ m e r t e
морква	m ɔ r k ʋ ɐ
бібліофіл	bʲ i b lʲ i o fʲ i ɫ
абсурд	ɐ b s u r d
восьмисот	w ɔ sʲ m e s ɔ t
щоко	ʃ t͡ʃ ɔ k ɔ
засада	z ɐ s ɑ d ɐ
значний	z n ɐ t͡ʃ n ɪ i̯
відважний	ʋʲ i d ʋ ɑ ʒ n e i̯
терем	t ɛ r e m
відповідь	ʋʲ i d p ɔ ʋʲ i dʲ
зад	z ɑ d
журналістка	ʒ ʊ r n ɐ lʲ i s t k ɐ
каплиць	k ɐ p ɫ ɪ t͡sʲ
абхазець	ɐ b x ɑ z e t͡sʲ
картка	k ɑ r t k ɐ
полк	p ɔ ɫ k
дев'ять	d ɛ ʋ j ɐ tʲ
автодидакт	ɐ u̯ t ɔ d e d ɑ k t
перекладачки	p e r e k ɫ ɐ d ɑ t͡ʃ k e
широкомасштабний	ʃ e r ɔ k ɔ m ɐ ʃː t ɑ b n e i̯
анжеліка	ɐ n ʒ e lʲ i k ɐ
равлик	r ɑ u̯ ɫ e k
фоб	f ɔ b
словника	s ɫ ɔ u̯ n e k ɑ
гонор	ɦ ɔ n ɔ r
пісня	pʲ i sʲ nʲ ɐ
використання	ʋ e k ɔ r e s t ɑ nʲː ɐ
посадка	p ɔ s ɑ d k ɐ
боягузливий	b ɔ j ɐ ɦ u z ɫ e ʋ e i̯
грудень	ɦ r u d e nʲ
звинуватити	z ʋ e n ʊ ʋ ɑ t e t e
тацях	t ɑ t͡sʲ ɐ x
зображати	z ɔ b r ɐ ʒ ɑ t e
інна	i nː ɐ
забобон	z ɐ b ɔ b ɔ n
ситуаціях	s e t ʊ ɑ t͡sʲ i j ɐ x
кохати	k ɔ x ɑ t e
пестицид	p e s t e t͡s ɪ d
нейтралітет	n e i̯ t r ɐ lʲ i t ɛ t
повіки	p ɔ ʋʲ i k e
трохи	t r ɔ x e
ніс	nʲ i s
відпочивати	ʋʲ i d p ɔ t͡ʃ e ʋ ɑ t e
священик	sʲ ʋʲ ɐ ʃ t͡ʃ ɛ n e k
їжа	j i ʒ ɐ
судинний	s ʊ d ɪ nː e i̯
раніше	r ɐ nʲ i ʃ e
демонстрація	d e m ɔ n s t r ɑ t͡sʲ i j ɐ
симетрія	s e m e tʲ rʲ i j ɐ
індонезія	i n d ɔ n ɛ zʲ i j ɐ
вимова	ʋ e m ɔ ʋ ɐ
литвин	ɫ e t ʋ ɪ n
роман	r ɔ m ɑ n
перебільшити	p e r e bʲ i lʲ ʃ e t e
молоко	m ɔ ɫ ɔ k ɔ
вади	ʋ ɑ d e
сани	s ɑ n e
чайна	t͡ʃ ɐ i̯ n ɑ
конвенція	k ɔ n ʋ ɛ nʲ t͡sʲ i j ɐ
стандартом	s t ɐ n d ɑ r t ɔ m
від'їбатися	ʋʲ i d j i b ɑ t e sʲ ɐ
в'язниця	ʋ j ɐ z n ɪ t͡sʲ ɐ
виборі	ʋ ɪ b ɔ rʲ i
корабел	k ɔ r ɐ b ɛ ɫ
срібний	sʲ rʲ i b n e i̯
тістечко	tʲ i s t e t͡ʃ k ɔ
пуголовок	p u ɦ ɔ ɫ ɔ w ɔ k
абсурдистка	ɐ b s ʊ r d ɪ s t k ɐ
шпигун	ʃ p e ɦ u n
опитати	ɔ p e t ɑ t e
диплома	d e p ɫ ɔ m ɐ
фашизм	f ɐ ʃ ɪ z m
підмінювати	pʲ i dʲ mʲ i nʲ ʊ ʋ ɐ t e
глава	ɦ ɫ ɐ ʋ ɑ
внучка	w n u t͡ʃ k ɐ
слов'янками	s ɫ ɔ ʋ j ɑ n k ɐ m e
підняти	pʲ i dʲ nʲ ɑ t e
програмувати	p r ɔ ɦ r ɐ m ʊ ʋ ɑ t e
непокоїти	n e p ɔ k ɔ j i t e
морфологічний	m ɔ r f ɔ ɫ o ɦʲ i t͡ʃ n e i̯
бутан	b ʊ t ɑ n
кузен	k ʊ z ɛ n
незалежністю	n e z ɐ ɫ ɛ ʒ nʲ i sʲ tʲ ʊ
привчати	p r e u̯ t͡ʃ ɑ t e
присутність	p r e s u tʲ nʲ i sʲ tʲ
снідати	sʲ nʲ i d ɐ t e
америка	ɐ m ɛ r e k ɐ
саундтрек	s ɐ ʊ n d t r ɛ k
рейк'явік	r e i̯ k j ɑ ʋʲ i k
обґрунтувати	ɔ b ɡ r ʊ n t ʊ ʋ ɑ t e
метаболічний	m e t ɐ b o lʲ i t͡ʃ n e i̯
галушка	ɦ ɐ ɫ u ʃ k ɐ
тисячоліттях	t e sʲ ɐ t͡ʃ o lʲ i tʲː ɐ x
білолиций	bʲ i ɫ ɔ ɫ ɪ t͡s e i̯
патріотизмі	p ɐ tʲ rʲ i ɔ t ɪ zʲ mʲ i
чемпіон	t͡ʃ e m pʲ i ɔ n
ірина	i r ɪ n ɐ
авіамеханік	ɐ ʋʲ i ɐ m e x ɑ nʲ i k
випроменити	ʋ ɪ p r ɔ m e n e t e
оцінювати	o t͡sʲ i nʲ ʊ ʋ ɐ t e
чабер	t͡ʃ ɐ b ɛ r
тротуарів	t r ɔ t ʊ ɑ rʲ i u̯
друзям	d r u zʲ ɐ m
співбесідниця	sʲ pʲ i u̯ b e sʲ i d n e t͡sʲ ɐ
інтуїтивно	i n t ʊ j i t ɪ u̯ n ɔ
цап	t͡s ɑ p
галиця	ɦ ɑ ɫ e t͡sʲ ɐ
мандрувати	m ɐ n d r ʊ ʋ ɑ t e
поступці	p ɔ s t ʊ p t͡sʲ i
спідницями	sʲ pʲ i d n ɪ t͡sʲ ɐ m e
радість	r ɑ dʲ i sʲ tʲ
лов	ɫ ɔ u̯
отець	ɔ t ɛ t͡sʲ
двічі	dʲ ʋʲ i t͡ʃʲ i
дратувати	d r ɐ t ʊ ʋ ɑ t e
ластівка	ɫ ɑ sʲ tʲ i u̯ k ɐ
персональний	p e r s ɔ n ɑ lʲ n e i̯
помста	p ɔ m s t ɐ
постачати	p ɔ s t ɐ t͡ʃ ɑ t e
м'ясо	m j ɑ s ɔ
нирка	n ɪ r k ɐ
маргіналізація	m ɐ r ɦʲ i n ɐ lʲ i z ɑ t͡sʲ i j ɐ
вельможа	ʋ e lʲ m ɔ ʒ ɐ
причинність	p r e t͡ʃ ɪ nʲː i sʲ tʲ
елегантний	e ɫ e ɦ ɑ n t n e i̯
конотіп	k ɔ n o tʲ i p
артеріях	ɐ r t ɛ rʲ i j ɐ x
авангард	ɐ ʋ ɐ n ɦ ɑ r d
песимізм	p e s e mʲ i z m
комора	k ɔ m ɔ r ɐ
людина	lʲ ʊ d ɪ n ɐ
принести	p r e n e s t ɪ
авіатраса	ɐ ʋʲ i ɐ t r ɑ s ɐ
сусідство	s ʊ sʲ i d͡z s t w ɔ
рильцям	r ɪ lʲ t͡sʲ ɐ m
сатана	s ɐ t ɐ n ɑ
ікло	i k ɫ ɔ
відень	ʋʲ i d e nʲ
етика	ɛ t e k ɐ
спростити	s p r ɔ s t ɪ t e
абсорбування	ɐ b s ɔ r b ʊ ʋ ɑ nʲː ɐ
лев	ɫ ɛ u̯
раціональний	r ɐ t͡sʲ i ɔ n ɑ lʲ n e i̯
швейцарець	ʃ ʋ e i̯ t͡s ɑ r e t͡sʲ
намібія	n ɐ mʲ i bʲ i j ɐ
куди	k ʊ d ɪ
теплота	t e p ɫ ɔ t ɑ
ключовий	k lʲ ʊ t͡ʃ ɔ ʋ ɪ i̯
пхати	p x ɑ t e
більшати	bʲ i lʲ ʃ ɐ t e
дровця	d r ɔ u̯ t͡sʲ ɑ
фрагменту	f r ɐ ɦ m ɛ n t ʊ
реванш	r e ʋ ɑ n ʃ
шестигранний	ʃ e s t e ɦ r ɑ nː e i̯
зоря	z ɔ rʲ ɑ
нескладовий	n e s k ɫ ɐ d ɔ ʋ ɪ i̯
року	r ɔ k ʊ
сприйняти	s p r e i̯ nʲ ɑ t e
молекулярна	m ɔ ɫ e k ʊ lʲ ɑ r n ɐ
звідти	zʲ ʋʲ i d t e
інколи	i n k ɔ ɫ e
арфістка	ɐ r fʲ i s t k ɐ
вагання	ʋ ɐ ɦ ɑ nʲː ɐ
стримати	s t r ɪ m ɐ t e
батальйон	b ɐ t ɐ lʲ j ɔ n
нього	nʲ ɔ ɦ ɔ
орбіти	o r bʲ i t e
сповільнювати	s p ɔ ʋʲ i lʲ nʲ ʊ ʋ ɐ t e
банан	b ɐ n ɑ n
авізування	ɐ ʋʲ i z ʊ ʋ ɑ nʲː ɐ
астрономія	ɐ s t r ɔ n ɔ mʲ i j ɐ
щоках	ʃ t͡ʃ ɔ k ɑ x
вчити	ʍ t͡ʃ ɪ t e
автовагон	ɐ u̯ t ɔ ʋ ɐ ɦ ɔ n
любов	lʲ ʊ b ɔ u̯
конотоп	k ɔ n ɔ t ɔ p
афганістан	ɐ v ɦ ɐ nʲ i s t ɑ n
називати	n ɐ z e ʋ ɑ t e
перевалювати	p e r e ʋ ɑ lʲ ʊ ʋ ɐ t e
зозуля	z o z u lʲ ɐ
тяжкий	tʲ ɐ ʒ k ɪ i̯
приїжджати	p r e j i ʒ d͡ʒ ɑ t e
ємен	j ɛ m e n
солідарність	s ɔ lʲ i d ɑ r nʲ i sʲ tʲ
пандемічний	p ɐ n d e mʲ i t͡ʃ n e i̯
диск	d ɪ s k
надій	n ɐ dʲ i i̯
маслина	m ɐ s ɫ ɪ n ɐ
виразний	ʋ e r ɑ z n e i̯
безжальний	b e ʒː ɑ lʲ n e i̯
реанімація	r e ɐ nʲ i m ɑ t͡sʲ i j ɐ
неправді	n e p r ɑ u̯ dʲ i
брамо	b r ɑ m ɔ
щитоподібна	ʃ t͡ʃ e t ɔ p o dʲ i b n ɐ
пропорції	p r ɔ p ɔ r t͡sʲ i j i
безготівковий	b e z ɦ ɔ tʲ i u̯ k ɔ ʋ e i̯
чомусь	t͡ʃ o m u sʲ
скоро	s k ɔ r ɔ
постатям	p ɔ s t ɐ tʲ ɐ m
ночви	n ɔ t͡ʃ ʋ e
шено	ʃ ɛ n ɔ
здатен	z d ɑ t e n
брест	b r ɛ s t
включати	ʍ k lʲ ʊ t͡ʃ ɑ t e
були	b ʊ ɫ ɪ
сформулювати	s f ɔ r m ʊ lʲ ʊ ʋ ɑ t e
рівність	rʲ i u̯ nʲ i sʲ tʲ
багато	b ɐ ɦ ɑ t ɔ
шкідливий	ʃ kʲ i d ɫ ɪ ʋ e i̯
автоматично	ɐ u̯ t ɔ m ɐ t ɪ t͡ʃ n ɔ
спостерегти	s p ɔ s t e r e ɦ t ɪ
виразно	ʋ e r ɑ z n ɔ
короп	k ɔ r ɔ p
городянин	ɦ ɔ r ɔ dʲ ɑ n e n
довгий	d ɔ u̯ ɦ e i̯
шкіру	ʃ kʲ i r ʊ
салдат	s ɐ ɫ d ɑ t
слівцю	sʲ lʲ i u̯ t͡sʲ u
випити	ʋ ɪ p e t e
самодостатній	s ɐ m ɔ d ɔ s t ɑ tʲ nʲ i i̯
обмежувати	ɔ b m ɛ ʒ ʊ ʋ ɐ t e
молодиці	m ɔ ɫ ɔ d ɪ t͡sʲ i
споживачів	s p ɔ ʒ e ʋ ɐ t͡ʃʲ i u̯
ананас	ɐ n ɐ n ɑ s
порядковий	p ɔ rʲ ɐ d k ɔ ʋ e i̯
слівцем	sʲ lʲ i u̯ t͡s ɛ m
чудовисько	t͡ʃ ʊ d ɔ ʋ e sʲ k ɔ
стабілізувати	s t ɐ bʲ i lʲ i z ʊ ʋ ɑ t e
незамінність	n e z ɐ mʲ i nʲː i sʲ tʲ
повстати	p ɔ u̯ s t ɑ t e
лауреат	ɫ ɐ ʊ r e ɑ t
аналогічний	ɐ n ɐ ɫ o ɦʲ i t͡ʃ n e i̯
збагатити	z b ɐ ɦ ɐ t ɪ t e
взаємоповага	w z ɐ j e m ɔ p ɔ ʋ ɑ ɦ ɐ
тонкий	t ɔ n k e i̯
шведка	ʃ ʋ ɛ d k ɐ
обговорювати	ɔ b ɦ ɔ w ɔ rʲ ʊ ʋ ɐ t e
система	s e s t ɛ m ɐ
віл	ʋʲ i ɫ
варіантами	ʋ ɐ rʲ i ɑ n t ɐ m e
віковічний	ʋʲ i k ɔ ʋʲ i t͡ʃ n e i̯
заспокоювати	z ɐ s p ɔ k ɔ j ʊ ʋ ɐ t e
автобусик	ɐ u̯ t ɔ b ʊ s e k
сауна	s ɑ ʊ n ɐ
принижувати	p r e n ɪ ʒ ʊ ʋ ɐ t e
однина	ɔ d n e n ɑ
замощувати	z ɐ m ɔ ʃ t͡ʃ ʊ ʋ ɐ t e
вибрати	ʋ ɪ b r ɐ t e
знак	z n ɑ k
міжурядовий	mʲ i ʒ ʊ rʲ ɐ d ɔ ʋ e i̯
самостійність	s ɐ m o sʲ tʲ i i̯ nʲ i sʲ tʲ
плавчиня	p ɫ ɐ u̯ t͡ʃ ɪ nʲ ɐ
багатолітній	b ɐ ɦ ɐ t o lʲ i tʲ nʲ i i̯
заохотити	z ɐ ɔ x ɔ t e t e
герцогиня	ɦ e r t͡s ɔ ɦ ɪ nʲ ɐ
господинями	ɦ ɔ s p ɔ d ɪ nʲ ɐ m e
лякатися	lʲ ɐ k ɑ t e sʲ ɐ
рильцями	r ɪ lʲ t͡sʲ ɐ m e
покупка	p o k u p k ɐ
виживати	ʋ e ʒ e ʋ ɑ t e
свердловина	s ʋ e r d ɫ ɔ ʋ ɪ n ɐ
ющенко	j u ʃ t͡ʃ e n k ɔ
вітряний	ʋʲ i tʲ rʲ ɐ n e i̯
кросівка	k r o sʲ i u̯ k ɐ
авіатравма	ɐ ʋʲ i ɐ t r ɑ u̯ m ɐ
друже	d r u ʒ e
плівка	p lʲ i u̯ k ɐ
плавець	p ɫ ɐ ʋ ɛ t͡sʲ
абляція	ɐ b lʲ ɑ t͡sʲ i j ɐ
федорович	f e d ɔ r ɔ ʋ e t͡ʃ
тому	t o m u
задоволення	z ɐ d ɔ w ɔ ɫ e nʲː ɐ
туман	t ʊ m ɑ n
бельгійський	b e lʲ ɦʲ i i̯ sʲ k e i̯
авіапасажир	ɐ ʋʲ i ɐ p ɐ s ɐ ʒ ɪ r
авіазасіб	ɐ ʋʲ i ɐ z ɑ sʲ i b
календарем	k ɐ ɫ e n d ɐ r ɛ m
соловейко	s ɔ ɫ ɔ ʋ ɛ i̯ k ɔ
мірою	mʲ i r ɔ j ʊ
спортсменка	s p ɔ r t͡s m ɛ n k ɐ
шаньга	ʃ ɑ nʲ ɦ ɐ
ворожнеча	w ɔ r ɔ ʒ n ɛ t͡ʃ ɐ
біднота	bʲ i d n ɔ t ɐ
гілка	ɦʲ i ɫ k ɐ
забагти	z ɐ b ɑ ɦ t e
фольклор	f ɔ lʲ k ɫ ɔ r
бесіда	b ɛ sʲ i d ɐ
оцими	ɔ t͡s ɪ m e
яничар	j ɐ n e t͡ʃ ɑ r
кобальт	k ɔ b ɐ lʲ t
відпочинок	ʋʲ i d p ɔ t͡ʃ ɪ n ɔ k
музика	m u z e k ɐ
давати	d ɐ ʋ ɑ t e
всесвітньо	ʍ s e sʲ ʋʲ i tʲ nʲ ɔ
розслідування	r o z sʲ lʲ i d ʊ ʋ ɐ nʲː ɐ
систематичний	s e s t e m ɐ t ɪ t͡ʃ n e i̯
українським	ʊ k r ɐ j i nʲ sʲ k e m
установа	ʊ s t ɐ n ɔ ʋ ɐ
заряджати	z ɐ rʲ ɐ d͡ʒ ɑ t e
модернізувати	m ɔ d e r nʲ i z ʊ ʋ ɑ t e
занурювати	z ɐ n u rʲ ʊ ʋ ɐ t e
копил	k ɔ p ɪ ɫ
конфлікт	k o n f lʲ i k t
нумограй	n ʊ m ɔ ɦ r ɑ i̯
активістка	ɐ k t e ʋʲ i s t k ɐ
дебютувати	d e bʲ ʊ t ʊ ʋ ɑ t e
феміністичний	f e mʲ i nʲ i s t ɪ t͡ʃ n e i̯
успішний	ʊ sʲ pʲ i ʃ n e i̯
нещирий	n e ʃ t͡ʃ ɪ r e i̯
лічити	lʲ i t͡ʃ ɪ t e
ропуха	r o p u x ɐ
трикутник	t r e k u t n e k
піхва	pʲ i x ʋ ɐ
румунський	r ʊ m u nʲ sʲ k e i̯
теорію	t e ɔ rʲ i j ʊ
класти	k ɫ ɑ s t e
модрина	m ɔ d r ɪ n ɐ
ствол	s t w ɔ ɫ
марта	m ɑ r t ɐ
разі	r ɑ zʲ i
комедією	k ɔ m ɛ dʲ i j e j ʊ
таємниця	t ɐ j e m n ɪ t͡sʲ ɐ
гордитися	ɦ ɔ r d ɪ t e sʲ ɐ
сплачувати	s p ɫ ɑ t͡ʃ ʊ ʋ ɐ t e
хуйло	x ʊ i̯ ɫ ɔ
мотоцикл	m ɔ t ɔ t͡s ɪ k ɫ
турнір	t ʊ r nʲ i r
подвоювати	p ɔ d w ɔ j ʊ ʋ ɐ t e
молодиця	m ɔ ɫ ɔ d ɪ t͡sʲ ɐ
пошта	p ɔ ʃ t ɐ
поем	p ɔ ɛ m
вчитель	ʍ t͡ʃ ɪ t e lʲ
інвестувати	i n ʋ e s t ʊ ʋ ɑ t e
тарас	t ɐ r ɑ s
ностальгія	n ɔ s t ɐ lʲ ɦʲ i j ɐ
спис	s p ɪ s
федерація	f e d e r ɑ t͡sʲ i j ɐ
навігаційний	n ɐ ʋʲ i ɦ ɐ t͡sʲ i i̯ n e i̯
півстоліття	pʲ i u̯ s t o lʲ i tʲː ɐ
сестриця	s e s t r ɪ t͡sʲ ɐ
акцентувати	ɐ k t͡s e n t ʊ ʋ ɑ t e
реб	r ɛ b
всередині	ʍ s e r ɛ d e nʲ i
верховна	ʋ e r x ɔ u̯ n ɐ
епохи	e p ɔ x e
екваторіальний	e k ʋ ɐ t ɔ rʲ i ɑ lʲ n e i̯
абандон	ɐ b ɐ n d ɔ n
уособити	ʊ ɔ s ɔ b e t e
літопис	lʲ i t ɔ p e s
фразеологія	f r ɐ z e ɔ ɫ ɔ ɦʲ i j ɐ
артеріє	ɐ r t ɛ rʲ i j e
тактовний	t ɐ k t ɔ u̯ n e i̯
авіапарк	ɐ ʋʲ i ɐ p ɑ r k
абсолютист	ɐ b s ɔ lʲ ʊ t ɪ s t
шестірня	ʃ e sʲ tʲ i r nʲ ɑ
страйк	s t r ɑ i̯ k
бувати	b ʊ ʋ ɑ t e
туризм	t ʊ r ɪ z m
дивізій	d e ʋʲ i zʲ i i̯
ідеальний	i d e ɑ lʲ n e i̯
міхур	mʲ i x u r
підмет	pʲ i d m e t
укус	ʊ k u s
запобігання	z ɐ p ɔ bʲ i ɦ ɑ nʲː ɐ
загальнонаціональний	z ɐ ɦ ɐ lʲ n ɔ n ɐ t͡sʲ i ɔ n ɑ lʲ n e i̯
схильний	s x ɪ lʲ n e i̯
трансформацію	t r ɐ n s f ɔ r m ɑ t͡sʲ i j ʊ
письменниці	p e sʲ m ɛ nː e t͡sʲ i
зайнятий	z ɑ i̯ nʲ ɐ t e i̯
печивом	p ɛ t͡ʃ e w ɔ m
контрастувати	k ɔ n t r ɐ s t ʊ ʋ ɑ t e
голота	ɦ ɔ ɫ ɔ t ɐ
текстовий	t e k s t ɔ ʋ ɪ i̯
мимоволі	m e m ɔ w ɔ lʲ i
приземлюватися	p r e z ɛ m lʲ ʊ ʋ ɐ t e sʲ ɐ
тож	t ɔ ʒ
додатках	d ɔ d ɑ t k ɐ x
пропозицією	p r ɔ p ɔ z ɪ t͡sʲ i j e j ʊ
співчутливий	sʲ pʲ i u̯ t͡ʃ ʊ t ɫ ɪ ʋ e i̯
міфологія	mʲ i f ɔ ɫ ɔ ɦʲ i j ɐ
прагнення	p r ɑ ɦ n e nʲː ɐ
інтерес	i n t e r ɛ s
починати	p ɔ t͡ʃ e n ɑ t e
непохитний	n e p ɔ x ɪ t n e i̯
масть	m ɑ sʲ tʲ
меморіальний	m e m ɔ rʲ i ɑ lʲ n e i̯
ґринджоли	ɡ r e n d͡ʒ ɔ ɫ e
город	ɦ ɔ r ɔ d
геофізичний	ɦ e ɔ fʲ i z ɪ t͡ʃ n e i̯
ім'я	i m j ɐ
їжакевич	j i ʒ ɐ k ɛ ʋ e t͡ʃ
відновити	ʋʲ i d n ɔ ʋ ɪ t e
нарвал	n ɐ r ʋ ɑ ɫ
менший	m ɛ n ʃ e i̯
щедрий	ʃ t͡ʃ ɛ d r e i̯
живий	ʒ e ʋ ɪ i̯
страхіття	s t r ɐ xʲ i tʲː ɐ
смерека	s m e r ɛ k ɐ
сечогінний	s e t͡ʃ o ɦʲ i nː e i̯
програма	p r ɔ ɦ r ɑ m ɐ
пов'язати	p ɔ ʋ j ɐ z ɑ t e
албанія	ɐ ɫ b ɑ nʲ i j ɐ
ситуацією	s e t ʊ ɑ t͡sʲ i j e j ʊ
вираження	ʋ ɪ r ɐ ʒ e nʲː ɐ
дивізіях	d e ʋʲ i zʲ i j ɐ x
водосховище	w ɔ d ɔ s x ɔ ʋ e ʃ t͡ʃ e
обід	o bʲ i d
східний	sʲ xʲ i d n e i̯
гратися	ɦ r ɑ t e sʲ ɐ
звідкись	zʲ ʋʲ i d k e sʲ
напружити	n ɐ p r u ʒ e t e
сервіс	s ɛ r ʋʲ i s
завершення	z ɐ ʋ ɛ r ʃ e nʲː ɐ
пандус	p ɑ n d ʊ s
херсон	x e r s ɔ n
продукція	p r o d u k t͡sʲ i j ɐ
прекрасний	p r e k r ɑ s n e i̯
знадобитися	z n ɐ d ɔ b ɪ t e sʲ ɐ
дискусія	d e s k u sʲ i j ɐ
щотижневий	ʃ t͡ʃ ɔ t e ʒ n ɛ ʋ e i̯
банк	b ɑ n k
традиційно	t r ɐ d e t͡sʲ i i̯ n ɔ
патентувати	p ɐ t e n t ʊ ʋ ɑ t e
здібний	zʲ dʲ i b n e i̯
тілі	tʲ i lʲ i
опубліковувати	ɔ p ʊ b lʲ i k ɔ w ʊ ʋ ɐ t e
авіавиставка	ɐ ʋʲ i ɐ ʋ ɪ s t ɐ u̯ k ɐ
охороняти	ɔ x ɔ r ɔ nʲ ɑ t e
йогурт	j ɔ ɦ ʊ r t
мікрофон	mʲ i k r ɔ f ɔ n
авіаметеостанція	ɐ ʋʲ i ɐ m e t e ɔ s t ɑ nʲ t͡sʲ i j ɐ
холодно	x ɔ ɫ ɔ d n ɔ
шаповал	ʃ ɐ p ɔ ʋ ɑ ɫ
сумніватися	s ʊ m nʲ i ʋ ɑ t e sʲ ɐ
кучма	k u t͡ʃ m ɐ
очиці	ɔ t͡ʃ ɪ t͡sʲ i
радіоактивний	r ɑ dʲ i ɔ ɐ k t ɪ u̯ n e i̯
ножовий	n ɔ ʒ ɔ ʋ ɪ i̯
потенціал	p ɔ t e nʲ t͡sʲ i ɑ ɫ
аб'юрація	ɐ b j ʊ r ɑ t͡sʲ i j ɐ
хобі	x ɔ bʲ i
діставатися	dʲ i s t ɐ ʋ ɑ t e sʲ ɐ
звикнути	z ʋ ɪ k n ʊ t e
двоповерховий	d w ɔ p ɔ ʋ e r x ɔ ʋ e i̯
використати	ʋ ɪ k ɔ r e s t ɐ t e
досвідчений	d ɔ sʲ ʋʲ i d͡ʒ t͡ʃ e n e i̯
перебільшувати	p e r e bʲ i lʲ ʃ ʊ ʋ ɐ t e
зимовий	z e m ɔ ʋ e i̯
раціям	r ɑ t͡sʲ i j ɐ m
абзац	ɐ b z ɑ t͡s
коефіцієнт	k ɔ e fʲ i t͡sʲ i j ɛ n t
акція	ɑ k t͡sʲ i j ɐ
усвідомлювати	ʊ sʲ ʋʲ i d ɔ m lʲ ʊ ʋ ɐ t e
водка	w ɔ d k ɐ
складний	s k ɫ ɐ d n ɪ i̯
імітація	i mʲ i t ɑ t͡sʲ i j ɐ
мілина	mʲ i ɫ e n ɑ
заучувати	z ɐ u t͡ʃ ʊ ʋ ɐ t e
пауз	p ɑ ʊ z
пошук	p ɔ ʃ ʊ k
консервувати	k ɔ n s e r w ʊ ʋ ɑ t e
конструкція	k o n s t r u k t͡sʲ i j ɐ
бета	b ɛ t ɐ
білка	bʲ i ɫ k ɐ
лопух	ɫ o p u x
інфекцію	i n f ɛ k t͡sʲ i j ʊ
аероліт	ɐ e r o lʲ i t
недооцінювати	n e d ɔ o t͡sʲ i nʲ ʊ ʋ ɐ t e
фотографії	f ɔ t ɔ ɦ r ɑ fʲ i j i
сарана	s ɐ r ɐ n ɑ
пам'ятник	p ɑ m j ɐ t n e k
грабіж	ɦ r ɐ bʲ i ʒ
район	r ɐ j ɔ n
маленький	m ɐ ɫ ɛ nʲ k e i̯
повечеряти	p ɔ ʋ e t͡ʃ ɛ rʲ ɐ t e
оренда	ɔ r ɛ n d ɐ
раса	r ɑ s ɐ
авіарозвідка	ɐ ʋʲ i ɐ r ɔ zʲ ʋʲ i d k ɐ
бувай	b ʊ ʋ ɑ i̯
конфета	k ɔ n f ɛ t ɐ
луна	ɫ ʊ n ɑ
постійно	p o sʲ tʲ i i̯ n ɔ
білок	bʲ i ɫ ɔ k
поселяти	p ɔ s e lʲ ɑ t e
вибратися	ʋ ɪ b r ɐ t e sʲ ɐ
місія	mʲ i sʲ i j ɐ
хома	x ɔ m ɑ
абсорбер	ɐ b s ɔ r b e r
варіантові	ʋ ɐ rʲ i ɑ n t ɔ ʋʲ i
психологія	p s e x ɔ ɫ ɔ ɦʲ i j ɐ
жлуктати	ʒ ɫ ʊ k t ɑ t e
друг	d r u ɦ
град	ɦ r ɑ d
кішка	kʲ i ʃ k ɐ
амбітний	ɐ m bʲ i t n e i̯
підприємство	pʲ i d p r e j ɛ m s t w ɔ
беззубий	b e zː u b e i̯
аваліст	ɐ ʋ ɐ lʲ i s t
петиція	p e t ɪ t͡sʲ i j ɐ
перевантаженість	p e r e ʋ ɐ n t ɑ ʒ e nʲ i sʲ tʲ
зовнішня	z ɔ u̯ nʲ i ʃ nʲ ɐ
раніший	r ɐ nʲ i ʃ e i̯
розгромити	r ɔ z ɦ r ɔ m ɪ t e
дути	d u t e
індустріалізувати	i n d ʊ s tʲ rʲ i ɐ lʲ i z ʊ ʋ ɑ t e
кліматичний	k lʲ i m ɐ t ɪ t͡ʃ n e i̯
сприятливий	s p r e j ɑ t ɫ e ʋ e i̯
спідниці	sʲ pʲ i d n ɪ t͡sʲ i
мотиваційний	m ɔ t e ʋ ɐ t͡sʲ i i̯ n e i̯
цитрина	t͡s e t r ɪ n ɐ
лід	lʲ i d
картопля	k ɐ r t ɔ p lʲ ɐ
таліям	t ɑ lʲ i j ɐ m
слухачка	s ɫ ʊ x ɑ t͡ʃ k ɐ
хімічний	xʲ i mʲ i t͡ʃ n e i̯
марія	m ɐ rʲ i j ɐ
крихта	k r ɪ x t ɐ
перевиховати	p e r e ʋ ɪ x ɔ ʋ ɐ t e
природному	p r e r ɔ d n ɔ m ʊ
помідор	p ɔ mʲ i d ɔ r
вівсу	ʋʲ i u̯ s u
вирізнятися	ʋ e rʲ i zʲ nʲ ɑ t e sʲ ɐ
підтримувати	pʲ i d t r ɪ m ʊ ʋ ɐ t e
хрест	x r ɛ s t
співпереживання	sʲ pʲ i u̯ p e r e ʒ e ʋ ɑ nʲː ɐ
тридцять	t r ɪ d͡zʲ t͡sʲ ɐ tʲ
ацтекський	ɐ t͡s t ɛ k sʲ k e i̯
хотіти	x o tʲ i t e
повстанець	p ɔ u̯ s t ɑ n e t͡sʲ
батяри	b ɐ tʲ ɑ r e
організаціє	ɔ r ɦ ɐ nʲ i z ɑ t͡sʲ i j e
мережа	m e r ɛ ʒ ɐ
горизонтові	ɦ ɔ r e z ɔ n t ɔ ʋʲ i
золота	z ɔ ɫ ɔ t ɐ
фільтрувати	fʲ i lʲ t r ʊ ʋ ɑ t e
вирости	ʋ ɪ r ɔ s t e
райдуга	r ɑ i̯ d ʊ ɦ ɐ
центр	t͡s ɛ n t r
вторгатися	ʍ t ɔ r ɦ ɑ t e sʲ ɐ
конкретний	k ɔ n k r ɛ t n e i̯
обґрунтований	ɔ b ɡ r ʊ n t ɔ ʋ ɐ n e i̯
арифметичний	ɐ r e f m e t ɪ t͡ʃ n e i̯
автобус	ɐ u̯ t ɔ b ʊ s
простота	p r ɔ s t ɔ t ɑ
участь	u t͡ʃ ɐ sʲ tʲ
суднобудівник	s ʊ d n ɔ b ʊ dʲ i u̯ n ɪ k
єгипет	j e ɦ ɪ p e t
доброта	d ɔ b r ɔ t ɑ
сповіщення	s p ɔ ʋʲ i ʃ t͡ʃ e nʲː ɐ
слухач	s ɫ ʊ x ɑ t͡ʃ
операція	ɔ p e r ɑ t͡sʲ i j ɐ
безперервний	b e z p e r ɛ r w n e i̯
трансформаціям	t r ɐ n s f ɔ r m ɑ t͡sʲ i j ɐ m
озерце	ɔ z e r t͡s ɛ
уособлювати	ʊ ɔ s ɔ b lʲ ʊ ʋ ɐ t e
реєстрація	r e j e s t r ɑ t͡sʲ i j ɐ
бездоганний	b e z d ɔ ɦ ɑ nː e i̯
феями	f ɛ j ɐ m e
стандарту	s t ɐ n d ɑ r t ʊ
співробітник	sʲ pʲ i u̯ r o bʲ i t n e k
розвідування	r ɔ zʲ ʋʲ i d ʊ ʋ ɐ nʲː ɐ
селити	s e ɫ ɪ t e
забрало	z ɐ b r ɑ ɫ ɔ
призначення	p r e z n ɑ t͡ʃ e nʲː ɐ
серце	s ɛ r t͡s e
албанка	ɐ ɫ b ɑ n k ɐ
мовознавство	m ɔ w ɔ z n ɑ u̯ s t w ɔ
козакові	k ɔ z ɐ k ɔ ʋʲ i
десертові	d e s ɛ r t ɔ ʋʲ i
глибина	ɦ ɫ e b e n ɑ
сусідка	s ʊ sʲ i d k ɐ
інструмент	i n s t r ʊ m ɛ n t
місіонер	mʲ i sʲ i ɔ n ɛ r
абаз	ɐ b ɑ z
становище	s t ɐ n ɔ ʋ e ʃ t͡ʃ e
безпілотний	b e zʲ pʲ i ɫ ɔ t n e i̯
перукарня	p e r ʊ k ɑ r nʲ ɐ
безвідсотковий	b e zʲ ʋʲ i d͡z s ɔ t k ɔ ʋ e i̯
вівсами	ʋʲ i u̯ s ɐ m e
промокнути	p r ɔ m o k n u t e
референдум	r e f e r ɛ n d ʊ m
компетентний	k ɔ m p e t ɛ n t n e i̯
негативно	n e ɦ ɐ t ɪ u̯ n ɔ
сегрегація	s e ɦ r e ɦ ɑ t͡sʲ i j ɐ
умовах	ʊ m ɔ ʋ ɐ x
інциденти	i n t͡s e d ɛ n t e
совок	s ɔ w ɔ k
дієвий	dʲ i j ɛ ʋ e i̯
житель	ʒ ɪ t e lʲ
сідницям	sʲ i d n ɪ t͡sʲ ɐ m
вечора	ʋ ɛ t͡ʃ ɔ r ɐ
морський	m ɔ r sʲ k ɪ i̯
осердя	ɔ s ɛ r dʲ ɐ
кривавий	k r e ʋ ɑ ʋ e i̯
настати	n ɐ s t ɑ t e
легендарний	ɫ e ɦ e n d ɑ r n e i̯
конституція	k ɔ n s t e t u t͡sʲ i j ɐ
майя	m ɑ i̯ j ɐ
незалежности	n e z ɐ ɫ ɛ ʒ n ɔ s t e
речення	r ɛ t͡ʃ e nʲː ɐ
підкреслювати	pʲ i d k r ɛ sʲ lʲ ʊ ʋ ɐ t e
паломництво	p ɐ ɫ ɔ m n e t͡s t w ɔ
вищий	ʋ ɪ ʃ t͡ʃ e i̯
трагічний	t r ɐ ɦʲ i t͡ʃ n e i̯
категоричний	k ɐ t e ɦ ɔ r ɪ t͡ʃ n e i̯
партнер	p ɐ r t n ɛ r
така	t ɐ k ɑ
поляки	p ɔ lʲ ɑ k e
раціями	r ɑ t͡sʲ i j ɐ m e
апарат	ɐ p ɐ r ɑ t
склянка	s k lʲ ɑ n k ɐ
увімкнути	ʊ ʋʲ i m k n u t e
канадієць	k ɐ n ɐ dʲ i j e t͡sʲ
зоомагазин	z ɔ ɔ m ɐ ɦ ɐ z ɪ n
славити	s ɫ ɑ ʋ e t e
литва	ɫ e t ʋ ɑ
обдарувати	ɔ b d ɐ r ʊ ʋ ɑ t e
тунелю	t ʊ n ɛ lʲ ʊ
долоням	d ɔ ɫ ɔ nʲ ɐ m
трансплантації	t r ɐ n s p ɫ ɐ n t ɑ t͡sʲ i j i
медалі	m e d ɑ lʲ i
правило	p r ɑ ʋ e ɫ ɔ
могутній	m o ɦ u tʲ nʲ i i̯
недільний	n e dʲ i lʲ n e i̯
вугор	w ʊ ɦ ɔ r
посуд	p ɔ s ʊ d
жіночий	ʒʲ i n ɔ t͡ʃ e i̯
андоррський	ɐ n d ɔ rː sʲ k e i̯
молодий	m ɔ ɫ ɔ d ɪ i̯
родзинки	r ɔ d͡z ɪ n k e
хороший	x ɔ r ɔ ʃ e i̯
візантійський	ʋʲ i z ɐ nʲ tʲ i i̯ sʲ k e i̯
потилице	p ɔ t ɪ ɫ e t͡s e
безлюддя	b e zʲ lʲ u dʲː ɐ
даремність	d ɐ r ɛ m nʲ i sʲ tʲ
займатися	z ɐ i̯ m ɑ t e sʲ ɐ
неперервний	n e p e r ɛ r w n e i̯
менськ	m ɛ nʲ sʲ k
груша	ɦ r u ʃ ɐ
синонімічний	s e n ɔ nʲ i mʲ i t͡ʃ n e i̯
гладіатор	ɦ ɫ ɐ dʲ i ɑ t ɔ r
ознайомлення	ɔ z n ɐ j ɔ m ɫ e nʲː ɐ
потрібний	p o tʲ rʲ i b n e i̯
беззастережний	b e zː ɐ s t e r ɛ ʒ n e i̯
спочатку	s p ɔ t͡ʃ ɑ t k ʊ
атеїстичний	ɐ t e j i s t ɪ t͡ʃ n e i̯
козака	k ɔ z ɐ k ɑ
довоєнний	d ɔ w ɔ j ɛ nː e i̯
поляк	p ɔ lʲ ɑ k
азербайджанський	ɐ z e r b ɐ i̯ d͡ʒ ɑ nʲ sʲ k e i̯
поступку	p ɔ s t ʊ p k ʊ
емпіричний	e m pʲ i r ɪ t͡ʃ n e i̯
звук	z w u k
зоопарк	z ɔ ɔ p ɑ r k
з'їдати	z j i d ɑ t e
аудиторія	ɐ ʊ d e t ɔ rʲ i j ɐ
слух	s ɫ u x
сідницю	sʲ i d n ɪ t͡sʲ ʊ
курбико	k ʊ r b ɪ k ɔ
коктейль	k ɔ k t ɛ i̯ lʲ
дошках	d ɔ ʃ k ɐ x
саботажниця	s ɐ b ɔ t ɑ ʒ n e t͡sʲ ɐ
коментар	k ɔ m e n t ɑ r
декларацій	d e k ɫ ɐ r ɑ t͡sʲ i i̯
безпритульний	b e z p r e t u lʲ n e i̯
незнання	n e z n ɐ nʲː ɑ
астрологія	ɐ s t r ɔ ɫ ɔ ɦʲ i j ɐ
пилосос	p e ɫ ɔ s ɔ s
рацій	r ɑ t͡sʲ i i̯
сова	s ɔ ʋ ɑ
авантура	ɐ ʋ ɐ n t u r ɐ
авіадивізія	ɐ ʋʲ i ɐ d e ʋʲ i zʲ i j ɐ
сірий	sʲ i r e i̯
тригліцерид	t r e ɦ lʲ i t͡s e r ɪ d
німець	nʲ i m e t͡sʲ
карт	k ɑ r t
шершень	ʃ ɛ r ʃ e nʲ
оприлюднювати	ɔ p r e lʲ u dʲ nʲ ʊ ʋ ɐ t e
госпіталізація	ɦ ɔ sʲ pʲ i t ɐ lʲ i z ɑ t͡sʲ i j ɐ
покупець	p ɔ k ʊ p ɛ t͡sʲ
соха	s ɔ x ɑ
співробітництво	sʲ pʲ i u̯ r o bʲ i t n e t͡s t w ɔ
стакан	s t ɐ k ɑ n
промежина	p r ɔ m ɛ ʒ e n ɐ
пухлина	p ʊ x ɫ ɪ n ɐ
суднобудівна	s ʊ d n ɔ b ʊ dʲ i u̯ n ɑ
формування	f ɔ r m ʊ ʋ ɑ nʲː ɐ
піднебіння	pʲ i d n e bʲ i nʲː ɐ
бенін	b e nʲ i n
судноплавство	s ʊ d n ɔ p ɫ ɑ u̯ s t w ɔ
старання	s t ɐ r ɑ nʲː ɐ
передбачити	p e r e d b ɑ t͡ʃ e t e
акваріум	ɐ k ʋ ɑ rʲ i ʊ m
лапша	ɫ ɐ p ʃ ɑ
плювати	p lʲ ʊ ʋ ɑ t e
парадоксальний	p ɐ r ɐ d ɔ k s ɑ lʲ n e i̯
вітебськ	ʋʲ i t e b sʲ k
зазначати	z ɐ z n ɐ t͡ʃ ɑ t e
близький	b ɫ e zʲ k ɪ i̯
німа	nʲ i m ɑ
впевнений	ʍ p ɛ u̯ n e n e i̯
доросла	d ɔ r ɔ s ɫ ɐ
листопад	ɫ e s t ɔ p ɑ d
висота	ʋ e s ɔ t ɑ
хлопчик	x ɫ ɔ p t͡ʃ e k
слов'янам	s ɫ ɔ ʋ j ɑ n ɐ m
високосний	ʋ e s ɔ k ɔ s n e i̯
навичка	n ɑ ʋ e t͡ʃ k ɐ
велосипед	ʋ e ɫ ɔ s e p ɛ d
оригінальний	ɔ r e ɦʲ i n ɑ lʲ n e i̯
персефона	p e r s e f ɔ n ɐ
клавіатурам	k ɫ ɐ ʋʲ i ɐ t u r ɐ m
так	t ɑ k
візуальний	ʋʲ i z ʊ ɑ lʲ n e i̯
абрикоса	ɐ b r e k ɔ s ɐ
колонія	k ɔ ɫ ɔ nʲ i j ɐ
жолудь	ʒ ɔ ɫ ʊ dʲ
дзиґа	d͡z ɪ ɡ ɐ
релігійний	r e lʲ i ɦʲ i i̯ n e i̯
небога	n e b ɔ ɦ ɐ
рись	r ɪ sʲ
спадкоємиця	s p ɐ d k ɔ j ɛ m e t͡sʲ ɐ
гординя	ɦ ɔ r d ɪ nʲ ɐ
джгут	d͡ʒ ɦ u t
скребти	s k r e b t ɪ
мелодіям	m e ɫ ɔ dʲ i j ɐ m
капітан	k ɐ pʲ i t ɑ n
доріжка	d o rʲ i ʒ k ɐ
законодавство	z ɐ k ɔ n ɔ d ɑ u̯ s t w ɔ
пришвидшити	p r e ʃ ʋ ɪ d͡ʒ ʃ e t e
покарань	p ɔ k ɐ r ɑ nʲ
абатиса	ɐ b ɐ t ɪ s ɐ
коханий	k ɔ x ɐ n e i̯
женевський	ʒ e n ɛ u̯ sʲ k e i̯
законодавиця	z ɐ k ɔ n ɔ d ɑ ʋ e t͡sʲ ɐ
позбавляти	p ɔ z b ɐ u̯ lʲ ɑ t e
жовтень	ʒ ɔ u̯ t e nʲ
коронавірус	k ɔ r ɔ n ɐ ʋʲ i r ʊ s
салон	s ɐ ɫ ɔ n
мексиканка	m e k s e k ɑ n k ɐ
серцевий	s e r t͡s ɛ ʋ e i̯
лялька	lʲ ɑ lʲ k ɐ
самотній	s ɐ m ɔ tʲ nʲ i i̯
яма	j ɑ m ɐ
віросповідання	ʋʲ i r ɔ s p ɔ ʋʲ i d ɑ nʲː ɐ
твар	t ʋ ɑ r
шанобливий	ʃ ɐ n ɔ b ɫ ɪ ʋ e i̯
шанувальник	ʃ ɐ n ʊ ʋ ɑ lʲ n e k
ламати	ɫ ɐ m ɑ t e
уживати	ʊ ʒ e ʋ ɑ t e
фрагменти	f r ɐ ɦ m ɛ n t e
вичерпувати	ʋ e t͡ʃ ɛ r p ʊ ʋ ɐ t e
електрика	e ɫ ɛ k t r e k ɐ
вишити	ʋ ɪ ʃ e t e
ізраїльтянин	i z r ɐ j i lʲ tʲ ɑ n e n
попіл	p ɔ pʲ i ɫ
золото	z ɔ ɫ ɔ t ɔ
блокнот	b ɫ ɔ k n ɔ t
трансформаціях	t r ɐ n s f ɔ r m ɑ t͡sʲ i j ɐ x
стратегія	s t r ɐ t ɛ ɦʲ i j ɐ
припущень	p r e p u ʃ t͡ʃ e nʲ
битва	b ɪ t ʋ ɐ
дитсадок	d e t͡s ɐ d ɔ k
медуза	m e d u z ɐ
копито	k ɔ p e t ɔ
металург	m e t ɐ ɫ u r ɦ
згодний	z ɦ ɔ d n e i̯
невидимий	n e ʋ ɪ d e m e i̯
авіашоу	ɐ ʋʲ i ɐ ʃ ɔ ʊ
приймати	p r e i̯ m ɑ t e
інтернаціональний	i n t e r n ɐ t͡sʲ i ɔ n ɑ lʲ n e i̯
світлий	sʲ ʋʲ i t ɫ e i̯
кишеню	k e ʃ ɛ nʲ ʊ
готувати	ɦ ɔ t ʊ ʋ ɑ t e
апатія	ɐ p ɑ tʲ i j ɐ
політично	p ɔ lʲ i t ɪ t͡ʃ n ɔ
дитсадки	d e t͡s ɐ d k ɪ
мексиканський	m e k s e k ɑ nʲ sʲ k e i̯
наблизити	n ɐ b ɫ ɪ z e t e
руанда	r ʊ ɑ n d ɐ
розорений	r ɔ z ɔ r e n e i̯
сир	s ɪ r
джаз	d͡ʒ ɑ z
аболіція	ɐ b o lʲ i t͡sʲ i j ɐ
освітній	ɔ sʲ ʋʲ i tʲ nʲ i i̯
стілець	sʲ tʲ i ɫ ɛ t͡sʲ
парасолька	p ɐ r ɐ s ɔ lʲ k ɐ
житній	ʒ ɪ tʲ nʲ i i̯
слобода	s ɫ ɔ b ɔ d ɑ
бельгія	b ɛ lʲ ɦʲ i j ɐ
одноголосний	ɔ d n ɔ ɦ ɔ ɫ ɔ s n e i̯
суддя	s ʊ dʲː ɑ
вікісловник	ʋʲ i kʲ i s ɫ ɔ u̯ n ɪ k
продавщиця	p r ɔ d ɐ u̯ ʃ t͡ʃ ɪ t͡sʲ ɐ
енциклопедистка	e n t͡s e k ɫ ɔ p e d ɪ s t k ɐ
дата	d ɑ t ɐ
інтуїція	i n t ʊ j i t͡sʲ i j ɐ
філософія	fʲ i ɫ ɔ s ɔ fʲ i j ɐ
розглянути	r ɔ z ɦ lʲ ɑ n ʊ t e
уявити	ʊ j ɐ ʋ ɪ t e
місцевий	mʲ i s t͡s ɛ ʋ e i̯
перевиховувати	p e r e ʋ e x ɔ w ʊ ʋ ɐ t e
випадок	ʋ e p ɑ d ɔ k
завершувати	z ɐ ʋ ɛ r ʃ ʊ ʋ ɐ t e
експедицію	e k s p e d ɪ t͡sʲ i j ʊ
щонайменше	ʃ t͡ʃ ɔ n ɐ i̯ m ɛ n ʃ e
бактерія	b ɐ k t ɛ rʲ i j ɐ
тарган	t ɐ r ɦ ɑ n
фільтр	fʲ i lʲ t r
противник	p r ɔ t ɪ u̯ n e k
школи	ʃ k ɔ ɫ e
природнича	p r e r ɔ d n ɪ t͡ʃ ɐ
барвник	b ɐ r w n ɪ k
повернути	p ɔ ʋ e r n u t e
готовність	ɦ ɔ t ɔ u̯ nʲ i sʲ tʲ
гербата	ɦ e r b ɑ t ɐ
брехнями	b r ɛ x nʲ ɐ m e
виконати	ʋ ɪ k ɔ n ɐ t e
поздоровляти	p ɔ z d ɔ r ɔ u̯ lʲ ɑ t e
таємницях	t ɐ j e m n ɪ t͡sʲ ɐ x
стайня	s t ɑ i̯ nʲ ɐ
телевізійний	t e ɫ e ʋʲ i zʲ i i̯ n e i̯
різновид	rʲ i z n ɔ ʋ e d
чоловіками	t͡ʃ ɔ ɫ ɔ ʋʲ i k ɐ m e
занурити	z ɐ n u r e t e
смола	s m ɔ ɫ ɑ
ведмідь	ʋ e dʲ mʲ i dʲ
сповіщати	s p ɔ ʋʲ i ʃ t͡ʃ ɑ t e
рибка	r ɪ b k ɐ
репресивний	r e p r e s ɪ u̯ n e i̯
літературний	lʲ i t e r ɐ t u r n e i̯
рахунок	r ɐ x u n ɔ k
прабаба	p r ɐ b ɑ b ɐ
розуміння	r ɔ z ʊ mʲ i nʲː ɐ
вашингтон	ʋ ɐ ʃ e n ɦ t ɔ n
вижлоктати	ʋ ɪ ʒ ɫ ɔ k t ɐ t e
розпізнавання	r ɔ zʲ pʲ i z n ɐ ʋ ɑ nʲː ɐ
інвестиція	i n ʋ e s t ɪ t͡sʲ i j ɐ
автобусна	ɐ u̯ t ɔ b ʊ s n ɐ
морозиво	m ɔ r ɔ z e w ɔ
радо	r ɑ d ɔ
щітка	ʃ t͡ʃʲ i t k ɐ
втрачати	ʍ t r ɐ t͡ʃ ɑ t e
обмежень	ɔ b m ɛ ʒ e nʲ
угорець	ʊ ɦ ɔ r e t͡sʲ
рило	r ɪ ɫ ɔ
термін	t ɛ r mʲ i n
самопочуття	s ɐ m ɔ p ɔ t͡ʃ ʊ tʲː ɑ
етимологія	e t e m ɔ ɫ ɔ ɦʲ i j ɐ
мир	m ɪ r
передчасний	p e r e d͡ʒ t͡ʃ ɑ s n e i̯
пояснювальний	p ɔ j ɑ sʲ nʲ ʊ ʋ ɐ lʲ n e i̯
погляд	p ɔ ɦ lʲ ɐ d
довгочасний	d ɔ u̯ ɦ ɔ t͡ʃ ɑ s n e i̯
кінчик	kʲ i n t͡ʃ e k
гусениця	ɦ u s e n e t͡sʲ ɐ
благий	b ɫ ɐ ɦ ɪ i̯
дівчина	dʲ i u̯ t͡ʃ e n ɐ
болгарин	b ɔ ɫ ɦ ɑ r e n
інтенсифікувати	i n t e n s e fʲ i k ʊ ʋ ɑ t e
психолог	p s e x ɔ ɫ ɔ ɦ
григоріанський	ɦ r e ɦ ɔ rʲ i ɑ nʲ sʲ k e i̯
спланувати	s p ɫ ɐ n ʊ ʋ ɑ t e
капітал	k ɐ pʲ i t ɑ ɫ
тирана	t e r ɑ n ɐ
одержувачка	ɔ d ɛ r ʒ ʊ ʋ ɐ t͡ʃ k ɐ
патологічний	p ɐ t ɔ ɫ o ɦʲ i t͡ʃ n e i̯
ризик	r ɪ z e k
стать	s t ɑ tʲ
їй	j i i̯
моїй	m ɔ j i i̯
бездумний	b e z d u m n e i̯
скандинавія	s k ɐ n d e n ɑ ʋʲ i j ɐ
слівця	sʲ lʲ i u̯ t͡sʲ ɐ
убогий	ʊ b ɔ ɦ e i̯
слизький	s ɫ e zʲ k ɪ i̯
причинний	p r e t͡ʃ ɪ nː e i̯
тілесний	tʲ i ɫ ɛ s n e i̯
заяць	z ɑ j ɐ t͡sʲ
декларацією	d e k ɫ ɐ r ɑ t͡sʲ i j e j ʊ
евакуювати	e ʋ ɐ k ʊ j ʊ ʋ ɑ t e
централізація	t͡s e n t r ɐ lʲ i z ɑ t͡sʲ i j ɐ
японія	j ɐ p ɔ nʲ i j ɐ
завдяки	z ɐ u̯ dʲ ɐ k ɪ
позаземний	p ɔ z ɐ z ɛ m n e i̯
керівник	k e rʲ i u̯ n ɪ k
моногамний	m ɔ n ɔ ɦ ɑ m n e i̯
жлуктити	ʒ ɫ u k t e t e
підлогу	pʲ i d ɫ ɔ ɦ ʊ
мрію	m rʲ i j ʊ
паузу	p ɑ ʊ z ʊ
вступати	ʍ s t ʊ p ɑ t e
сонечко	s ɔ n e t͡ʃ k ɔ
електрифікувати	e ɫ e k t r e fʲ i k ʊ ʋ ɑ t e
уникнути	ʊ n ɪ k n ʊ t e
пень	p ɛ nʲ
найманець	n ɑ i̯ m ɐ n e t͡sʲ
кілограм	kʲ i ɫ ɔ ɦ r ɑ m
поліно	p o lʲ i n ɔ
видра	ʋ ɪ d r ɐ
вибиратися	ʋ e b e r ɑ t e sʲ ɐ
прискорити	p r e s k ɔ r e t e
погода	p ɔ ɦ ɔ d ɐ
погодитися	p ɔ ɦ ɔ d e t e sʲ ɐ
громило	ɦ r ɔ m ɪ ɫ ɔ
відвага	ʋʲ i d ʋ ɑ ɦ ɐ
ніготь	nʲ i ɦ ɔ tʲ
колись	k ɔ ɫ ɪ sʲ
сьодні	sʲ ɔ dʲ nʲ i
упасти	ʊ p ɑ s t e
битися	b ɪ t e sʲ ɐ
представниця	p r e d͡z s t ɐ u̯ n ɪ t͡sʲ ɐ
аберація	ɐ b e r ɑ t͡sʲ i j ɐ
зоологія	z ɔ ɔ ɫ ɔ ɦʲ i j ɐ
посередник	p ɔ s e r ɛ d n e k
другий	d r u ɦ e i̯
антибіотики	ɐ n t e bʲ i ɔ t e k e
вітальне	ʋʲ i t ɑ lʲ n e
нас	n ɑ s
поступки	p ɔ s t ʊ p k e
сьомий	sʲ ɔ m e i̯
рук	r u k
персонально	p e r s ɔ n ɑ lʲ n ɔ
взірець	w zʲ i r ɛ t͡sʲ
мобільний	m o bʲ i lʲ n e i̯
альбатрос	ɐ lʲ b ɐ t r ɔ s
крісло	k rʲ i s ɫ ɔ
дивізіям	d e ʋʲ i zʲ i j ɐ m
перевезення	p e r e ʋ ɛ z e nʲː ɐ
спортивний	s p ɔ r t ɪ u̯ n e i̯
писар	p ɪ s ɐ r
сміх	sʲ mʲ i x
кишенею	k e ʃ ɛ n e j ʊ
налаштовувати	n ɐ ɫ ɐ ʃ t ɔ w ʊ ʋ ɐ t e
імператриця	i m p e r ɐ t r ɪ t͡sʲ ɐ
аблактування	ɐ b ɫ ɐ k t ʊ ʋ ɑ nʲː ɐ
основний	ɔ s n ɔ u̯ n ɪ i̯
швидкістю	ʃ ʋ ɪ dʲ kʲ i sʲ tʲ ʊ
десертах	d e s ɛ r t ɐ x
відродити	ʋʲ i d r ɔ d ɪ t e
глек	ɦ ɫ ɛ k
причина	p r e t͡ʃ ɪ n ɐ
спроможність	s p r ɔ m ɔ ʒ nʲ i sʲ tʲ
гаманець	ɦ ɐ m ɐ n ɛ t͡sʲ
просьба	p r ɔ zʲ b ɐ
вмерти	w m ɛ r t e
зоровий	z ɔ r ɔ ʋ ɪ i̯
костел	k ɔ s t ɛ ɫ
лише	ɫ e ʃ ɛ
наталія	n ɐ t ɑ lʲ i j ɐ
словниками	s ɫ ɔ u̯ n e k ɑ m e
економічний	e k ɔ n o mʲ i t͡ʃ n e i̯
ліван	lʲ i ʋ ɑ n
м'язові	m j ɑ z ɔ ʋʲ i
зайнятися	z ɐ i̯ nʲ ɑ t e sʲ ɐ
кочерга	k ɔ t͡ʃ e r ɦ ɑ
повільність	p ɔ ʋʲ i lʲ nʲ i sʲ tʲ
повертати	p ɔ ʋ e r t ɑ t e
заснувати	z ɐ s n ʊ ʋ ɑ t e
глід	ɦ lʲ i d
трьохсотий	tʲ rʲ ɔ x s ɔ t e i̯
тематичний	t e m ɐ t ɪ t͡ʃ n e i̯
кіно	kʲ i n ɔ
матрьошка	m ɐ tʲ rʲ ɔ ʃ k ɐ
поширити	p ɔ ʃ ɪ r e t e
вже	w ʒ ɛ
пригодницький	p r e ɦ ɔ d n e t͡sʲ k e i̯
тощо	t ɔ ʃ t͡ʃ ɔ
австралопітек	ɐ u̯ s t r ɐ ɫ ɔ pʲ i t ɛ k
абстрагованість	ɐ b s t r ɐ ɦ ɔ ʋ ɐ nʲ i sʲ tʲ
вірменія	ʋʲ i r m ɛ nʲ i j ɐ
слати	s ɫ ɑ t e
мошонка	m ɔ ʃ ɔ n k ɐ
діафрагмі	dʲ i ɐ f r ɑ ɦ mʲ i
яловичину	j ɑ ɫ ɔ ʋ e t͡ʃ e n ʊ
шкірі	ʃ kʲ i rʲ i
письменниця	p e sʲ m ɛ nː e t͡sʲ ɐ
діафрагмами	dʲ i ɐ f r ɑ ɦ m ɐ m e
третій	t r ɛ tʲ i i̯
привіт	p r e ʋʲ i t
артерію	ɐ r t ɛ rʲ i j ʊ
інтенсифікація	i n t e n s e fʲ i k ɑ t͡sʲ i j ɐ
вирішення	ʋ ɪ rʲ i ʃ e nʲː ɐ
лакрос	ɫ ɐ k r ɔ s
кончина	k ɔ n t͡ʃ ɪ n ɐ
абулія	ɐ b ʊ lʲ i j ɐ
діаграма	dʲ i ɐ ɦ r ɑ m ɐ
евакуація	e ʋ ɐ k ʊ ɑ t͡sʲ i j ɐ
сільськогосподарський	sʲ i lʲ sʲ k ɔ ɦ ɔ s p ɔ d ɑ r sʲ k e i̯
раптом	r ɑ p t ɔ m
щоразу	ʃ t͡ʃ ɔ r ɑ z ʊ
загадка	z ɐ ɦ ɑ d k ɐ
поет	p ɔ ɛ t
сприймати	s p r e i̯ m ɑ t e
таємницями	t ɐ j e m n ɪ t͡sʲ ɐ m e
критеріям	k r e t ɛ rʲ i j ɐ m
елефант	e ɫ e f ɑ n t
імунологічний	i m ʊ n ɔ ɫ o ɦʲ i t͡ʃ n e i̯
євразійський	j e u̯ r ɐ zʲ i i̯ sʲ k e i̯
послідовник	p ɔ sʲ lʲ i d ɔ u̯ n e k
маніпулювати	m ɐ nʲ i p ʊ lʲ ʊ ʋ ɑ t e
кожного	k ɔ ʒ n ɔ ɦ ɔ
толерантний	t ɔ ɫ e r ɑ n t n e i̯
п'ятнадцятий	p j ɐ t n ɑ d͡zʲ t͡sʲ ɐ t e i̯
громико	ɦ r ɔ m ɪ k ɔ
позичати	p ɔ z e t͡ʃ ɑ t e
загальновідомий	z ɐ ɦ ɐ lʲ n ɔ ʋʲ i d ɔ m e i̯
іспанія	i s p ɑ nʲ i j ɐ
застраховувати	z ɐ s t r ɐ x ɔ w ʊ ʋ ɐ t e
росіянин	r ɔ sʲ i j ɑ n e n
східноєвропейський	sʲ xʲ i d n ɔ j e u̯ r ɔ p ɛ i̯ sʲ k e i̯
підрости	pʲ i d r ɔ s t ɪ
козел	k ɔ z ɛ ɫ
чемпіонський	t͡ʃ e m pʲ i ɔ nʲ sʲ k e i̯
тис	t ɪ s
виробництво	ʋ e r ɔ b n ɪ t͡s t w ɔ
завантажити	z ɐ ʋ ɐ n t ɑ ʒ e t e
будапештський	b ʊ d ɐ p ɛ sʲ t͡sʲ k e i̯
овід	ɔ ʋʲ i d
аркуш	ɑ r k ʊ ʃ
гривень	ɦ r ɪ ʋ e nʲ
істина	i s t e n ɐ
неприйнятний	n e p r e i̯ nʲ ɐ t n ɪ i̯
спитати	s p e t ɑ t e
репродуктивний	r e p r ɔ d ʊ k t ɪ u̯ n e i̯
офіра	o fʲ i r ɐ
співіснування	sʲ pʲ i ʋʲ i s n ʊ ʋ ɑ nʲː ɐ
веретено	ʋ e r e t ɛ n ɔ
співрозмовник	sʲ pʲ i u̯ r ɔ z m ɔ u̯ n e k
луг	ɫ u ɦ
цвіт	t͡sʲ ʋʲ i t
сцена	s t͡s ɛ n ɐ
марний	m ɑ r n e i̯
белград	b e ɫ ɦ r ɑ d
шланг	ʃ ɫ ɑ n ɦ
воно	w ɔ n ɔ
фундаментальний	f ʊ n d ɐ m e n t ɑ lʲ n e i̯
головний	ɦ ɔ ɫ ɔ u̯ n ɪ i̯
авіадвигун	ɐ ʋʲ i ɐ d ʋ e ɦ u n
китайський	k e t ɑ i̯ sʲ k e i̯
голландія	ɦ ɔ ɫː ɑ nʲ dʲ i j ɐ
баддя	b ɐ dʲː ɑ
судно	s ʊ d n ɔ
анатомія	ɐ n ɐ t ɔ mʲ i j ɐ
контроль	k ɔ n t r ɔ lʲ
японію	j ɐ p ɔ nʲ i j ʊ
змі	zʲ mʲ i
клавіатурах	k ɫ ɐ ʋʲ i ɐ t u r ɐ x
трав'яний	t r ɐ ʋ j ɐ n ɪ i̯
чарівник	t͡ʃ ɐ rʲ i u̯ n ɪ k
можливий	m ɔ ʒ ɫ ɪ ʋ e i̯
тополям	t ɔ p ɔ lʲ ɐ m
посидіти	p ɔ s ɪ dʲ i t e
дорослий	d ɔ r ɔ s ɫ e i̯
відкладати	ʋʲ i d k ɫ ɐ d ɑ t e
клоччя	k ɫ ɔ t͡ʃʲː ɐ
республіка	r e s p u b lʲ i k ɐ
мікроскопія	mʲ i k r ɔ s k o pʲ i j ɐ
змінити	zʲ mʲ i n ɪ t e
мужність	m u ʒ nʲ i sʲ tʲ
полуниця	p ɔ ɫ ʊ n ɪ t͡sʲ ɐ
людці	lʲ ʊ d͡zʲ t͡sʲ i
вітамін	ʋʲ i t ɐ mʲ i n
негативний	n e ɦ ɐ t ɪ u̯ n e i̯
янтар	j ɐ n t ɑ r
профіль	p r ɔ fʲ i lʲ
ловелас	ɫ ɔ ʋ e ɫ ɑ s
монополіст	m ɔ n ɔ p o lʲ i s t
молодиць	m ɔ ɫ ɔ d ɪ t͡sʲ
опера	ɔ p e r ɐ
продавати	p r ɔ d ɐ ʋ ɑ t e
катастрофами	k ɐ t ɐ s t r ɔ f ɐ m e
аґрусовий	ɑ ɡ r ʊ s ɔ ʋ e i̯
почати	p ɔ t͡ʃ ɑ t e
властивий	w ɫ ɐ s t ɪ ʋ e i̯
токар	t ɔ k ɐ r
справо	s p r ɑ w ɔ
сахар	s ɑ x ɐ r
заїр	z ɐ j i r
еротика	e r ɔ t e k ɐ
кров'яний	k r ɔ ʋ j ɐ n ɪ i̯
грязь	ɦ rʲ ɑ zʲ
кипіти	k e pʲ i t e
блокаді	b ɫ ɔ k ɑ dʲ i
озимий	ɔ z ɪ m e i̯
багатокутник	b ɐ ɦ ɐ t o k u t n e k
авіабензин	ɐ ʋʲ i ɐ b e n z ɪ n
кар'єра	k ɐ r j ɛ r ɐ
віртуальний	ʋʲ i r t ʊ ɑ lʲ n e i̯
креативний	k r e ɐ t ɪ u̯ n e i̯
п'ятдесят	p j ɐ d d e sʲ ɑ t
фотографіями	f ɔ t ɔ ɦ r ɑ fʲ i j ɐ m e
угорськомовний	ʊ ɦ ɔ r sʲ k ɔ m ɔ u̯ n e i̯
авіста	ɐ ʋʲ i s t ɐ
тротуари	t r ɔ t ʊ ɑ r e
перекладати	p e r e k ɫ ɐ d ɑ t e
принаймні	p r e n ɑ i̯ m nʲ i
верес	ʋ ɛ r e s
автобусний	ɐ u̯ t ɔ b ʊ s n e i̯
другу	d r u ɦ ʊ
субтитри	s ʊ b t ɪ t r e
болото	b ɔ ɫ ɔ t ɔ
великодушність	ʋ e ɫ e k o d u ʃ nʲ i sʲ tʲ
гранатомет	ɦ r ɐ n ɐ t ɔ m ɛ t
опис	ɔ p e s
хурма	x ʊ r m ɑ
версія	ʋ ɛ r sʲ i j ɐ
застудитися	n ɐ r ɔ d ɪ t e sʲ ɐ
свідчити	sʲ ʋʲ i d͡ʒ t͡ʃ e t e
фотосинтез	f ɔ t ɔ s ɪ n t e z
меланія	m e ɫ ɑ nʲ i j ɐ
христина	x r e s t ɪ n ɐ
стимул	s t ɪ m ʊ ɫ
гурченко	ɦ u r t͡ʃ e n k ɔ
візантій	ʋʲ i z ɑ nʲ tʲ i i̯
двохсотий	d w ɔ x s ɔ t e i̯
розчаровувати	r ɔ ʒ t͡ʃ ɐ r ɔ w ʊ ʋ ɐ t e
південь	pʲ i u̯ d e nʲ
підвіконня	pʲ i dʲ ʋʲ i k ɔ nʲː ɐ
намагатися	n ɐ m ɐ ɦ ɑ t e sʲ ɐ
теоретичний	t e ɔ r e t ɪ t͡ʃ n e i̯
лошак	ɫ ɔ ʃ ɑ k
трактор	t r ɑ k t ɔ r
консалтинговий	k ɔ n s ɑ ɫ t e n ɦ ɔ ʋ e i̯
лабораторією	ɫ ɐ b ɔ r ɐ t ɔ rʲ i j e j ʊ
їбати	j i b ɑ t e
корчма	k ɔ r t͡ʃ m ɐ
ґанок	ɡ ɑ n ɔ k
таїландець	t ɐ j i ɫ ɑ n d e t͡sʲ
купальний	k ʊ p ɑ lʲ n e i̯
енциклопедист	e n t͡s e k ɫ ɔ p e d ɪ s t
розпочати	r ɔ z p ɔ t͡ʃ ɑ t e
календарів	k ɐ ɫ e n d ɐ rʲ i u̯
виключати	ʋ e k lʲ ʊ t͡ʃ ɑ t e
підтвердити	pʲ i d t ʋ ɛ r d e t e
шкатулка	ʃ k ɐ t u ɫ k ɐ
печера	p e t͡ʃ ɛ r ɐ
меншість	m ɛ nʲ ʃʲ i sʲ tʲ
століттю	s t o lʲ i tʲː ʊ
оборонити	ɔ b ɔ r ɔ n ɪ t e
погруддя	p o ɦ r u dʲː ɐ
освіжати	ɔ sʲ ʋʲ i ʒ ɑ t e
гіпотеза	ɦʲ i p ɔ t e z ɐ
теологія	t e ɔ ɫ ɔ ɦʲ i j ɐ
відлічити	ʋʲ i dʲ lʲ i t͡ʃ ɪ t e
ми	m ɪ
тисячоліттями	t e sʲ ɐ t͡ʃ o lʲ i tʲː ɐ m e
смоктати	s m ɔ k t ɑ t e
узаконювати	ʊ z ɐ k ɔ nʲ ʊ ʋ ɐ t e
відродження	ʋʲ i d r ɔ d͡ʒ e nʲː ɐ
поліпшити	p o lʲ i p ʃ e t e
діаметрально	dʲ i ɐ m e t r ɑ lʲ n ɔ
колір	k ɔ lʲ i r
салат	s ɐ ɫ ɑ t
вівсів	ʋʲ i u̯ sʲ i u̯
відстоювати	ʋʲ i d͡z s t ɔ j ʊ ʋ ɐ t e
метрів	m ɛ tʲ rʲ i u̯
передній	p e r ɛ dʲ nʲ i i̯
легітимація	ɫ e ɦʲ i t e m ɑ t͡sʲ i j ɐ
вільнодумка	ʋʲ i lʲ n o d u m k ɐ
датувати	d ɐ t ʊ ʋ ɑ t e
авіаметеослужба	ɐ ʋʲ i ɐ m e t e o s ɫ u ʒ b ɐ
гірський	ɦʲ i r sʲ k ɪ i̯
ватру	ʋ ɑ t r ʊ
забруднення	z ɐ b r u d n e nʲː ɐ
зима	z e m ɑ
імпортувати	i m p ɔ r t ʊ ʋ ɑ t e
цвях	t͡sʲ ʋʲ ɑ x
гривні	ɦ r ɪ u̯ nʲ i
небажання	n e b ɐ ʒ ɑ nʲː ɐ
розпізнавальний	r ɔ zʲ pʲ i z n ɐ ʋ ɑ lʲ n e i̯
застрахувати	z ɐ s t r ɐ x ʊ ʋ ɑ t e
бонусом	b ɔ n ʊ s ɔ m
удосвіта	ʊ d ɔ sʲ ʋʲ i t ɐ
тут	t u t
федір	f ɛ dʲ i r
умисний	ʊ m ɪ s n e i̯
довічний	d ɔ ʋʲ i t͡ʃ n e i̯
влаштовуватися	w ɫ ɐ ʃ t ʊ ʋ ɑ t e sʲ ɐ
безтурботний	b e z t ʊ r b ɔ t n e i̯
маківка	m ɑ kʲ i u̯ k ɐ
театр	t e ɑ t r
стандартові	s t ɐ n d ɑ r t ɔ ʋʲ i
перед	p e r ɛ d
центавр	t͡s e n t ɑ u̯ r
гомосексуалізм	ɦ ɔ m ɔ s e k s ʊ ɐ lʲ i z m
ховати	x ɔ ʋ ɑ t e
афаліна	ɐ f ɐ lʲ i n ɐ
драматургічний	d r ɐ m ɐ t ʊ r ɦʲ i t͡ʃ n e i̯
гаджет	ɦ ɑ d͡ʒ e t
україномовний	ʊ k r ɐ j i n ɔ m ɔ u̯ n e i̯
парламент	p ɐ r ɫ ɑ m e n t
харизматичний	x ɐ r e z m ɐ t ɪ t͡ʃ n e i̯
п'ятсот	p j ɐ t͡s ɔ t
внука	w n u k ɐ
перевищувати	p e r e ʋ ɪ ʃ t͡ʃ ʊ ʋ ɐ t e
монархіє	m ɔ n ɑ r xʲ i j e
брати	b r ɐ t ɪ
м'язи	m j ɑ z e
ватрушка	ʋ ɐ t r u ʃ k ɐ
зрости	z r ɔ s t ɪ
пекарні	p e k ɑ r nʲ i
пробудження	p r o b u d͡ʒ e nʲː ɐ
приємність	p r e j ɛ m nʲ i sʲ tʲ
давньогрецький	d ɐ u̯ nʲ ɔ ɦ r ɛ t͡sʲ k e i̯
неухильний	n e ʊ x ɪ lʲ n e i̯
багатий	b ɐ ɦ ɑ t e i̯
лекцією	ɫ ɛ k t͡sʲ i j e j ʊ
користь	k ɔ r e sʲ tʲ
протитанковий	p r ɔ t e t ɑ n k ɔ ʋ e i̯
відповідати	ʋʲ i d p ɔ ʋʲ i d ɑ t e
добривечір	d ɔ b r e ʋ ɛ t͡ʃʲ i r
трава	t r ɐ ʋ ɑ
гідравлічний	ɦʲ i d r ɐ u̯ lʲ i t͡ʃ n e i̯
грішний	ɦ rʲ i ʃ n e i̯
опанувати	ɔ p ɐ n ʊ ʋ ɑ t e
ворона	w ɔ r ɔ n ɐ
чорт	t͡ʃ ɔ r t
дитсадків	d e t͡s ɐ dʲ kʲ i u̯
підміняти	pʲ i dʲ mʲ i nʲ ɑ t e
нагромаджувати	n ɐ ɦ r ɔ m ɑ d͡ʒ ʊ ʋ ɐ t e
конференція	k ɔ n f e r ɛ nʲ t͡sʲ i j ɐ
повторювати	p ɔ u̯ t ɔ rʲ ʊ ʋ ɐ t e
психіатрія	p s e xʲ i ɐ tʲ rʲ i j ɐ
бересклет	b e r e s k ɫ ɛ t
дядьо	dʲ ɑ dʲ ɔ
артеріям	ɐ r t ɛ rʲ i j ɐ m
разом	r ɑ z ɔ m
можна	m ɔ ʒ n ɐ
фіскальний	fʲ i s k ɑ lʲ n e i̯
підписувати	pʲ i d p ɪ s ʊ ʋ ɐ t e
хронологія	x r ɔ n ɔ ɫ ɔ ɦʲ i j ɐ
гриб	ɦ r ɪ b
висловлюватися	ʋ e s ɫ ɔ u̯ lʲ ʊ ʋ ɐ t e sʲ ɐ
принизити	p r e n ɪ z e t e
займенник	z ɐ i̯ m ɛ nː e k
інструкціях	i n s t r u k t͡sʲ i j ɐ x
сонце	s ɔ n t͡s e
королівський	k ɔ r o lʲ i u̯ sʲ k e i̯
споживач	s p ɔ ʒ e ʋ ɑ t͡ʃ
правоохоронні	p r ɐ w ɔ ɔ x ɔ r ɔ nʲː i
археологів	ɐ r x e ɔ ɫ ɔ ɦʲ i u̯
прабабуся	p r ɐ b ɐ b u sʲ ɐ
шина	ʃ ɪ n ɐ
суми	s u m e
проблема	p r ɔ b ɫ ɛ m ɐ
криме	k r ɪ m e
абразія	ɐ b r ɑ zʲ i j ɐ
слухати	s ɫ u x ɐ t e
кубічний	k ʊ bʲ i t͡ʃ n e i̯
втілювати	ʍ tʲ i lʲ ʊ ʋ ɐ t e
тетяна	t e tʲ ɑ n ɐ
варіантів	ʋ ɐ rʲ i ɑ nʲ tʲ i u̯
монгольський	m ɔ n ɦ ɔ lʲ sʲ k e i̯
заспокійливий	z ɐ s p o kʲ i i̯ ɫ e ʋ e i̯
наймичка	n ɑ i̯ m e t͡ʃ k ɐ
сироватка	s e r ɔ ʋ ɐ t k ɐ
гарантія	ɦ ɐ r ɑ nʲ tʲ i j ɐ
батьківщина	b ɐ tʲ kʲ i u̯ ʃ t͡ʃ ɪ n ɐ
вишня	ʋ ɪ ʃ nʲ ɐ
абортувати	ɐ b ɔ r t ʊ ʋ ɑ t e
корінь	k ɔ rʲ i nʲ
динаміка	d e n ɑ mʲ i k ɐ
жінка	ʒʲ i n k ɐ
покій	p o kʲ i i̯
розвальні	r ɔ z ʋ ɐ lʲ nʲ i
лебідь	ɫ ɛ bʲ i dʲ
догадуватися	d ɔ ɦ ɑ d ʊ ʋ ɐ t e sʲ ɐ
для	dʲ lʲ ɑ
сорго	s ɔ r ɦ ɔ
насолодитися	n ɐ s ɔ ɫ ɔ d ɪ t e sʲ ɐ
плюш	p lʲ u ʃ
оподатковувати	ɔ p ɔ d ɐ t k ɔ w ʊ ʋ ɐ t e
україною	ʊ k r ɐ j i n ɔ j ʊ
посталий	p ɔ s t ɑ ɫ e i̯
печив	p ɛ t͡ʃ e u̯
внесок	w n ɛ s ɔ k
заручати	z ɐ r ʊ t͡ʃ ɑ t e
підвищувати	pʲ i d ʋ ɪ ʃ t͡ʃ ʊ ʋ ɐ t e
граніт	ɦ r ɐ nʲ i t
родина	r ɔ d ɪ n ɐ
спина	s p ɪ n ɐ
метри	m ɛ t r e
бутерброд	b ʊ t e r b r ɔ d
присвійний	p r e sʲ ʋʲ i i̯ n e i̯
доза	d ɔ z ɐ
зара	z ɑ r ɐ
поема	p ɔ ɛ m ɐ
бюро	bʲ ʊ r ɔ
омбудсмен	ɔ m b ʊ d͡z s m ɛ n
музикантка	m ʊ z e k ɑ n t k ɐ
подовження	p ɔ d ɔ u̯ ʒ e nʲː ɐ
позиція	p ɔ z ɪ t͡sʲ i j ɐ
вівторок	ʋʲ i u̯ t ɔ r ɔ k
коса	k ɔ s ɑ
повсюдний	p ɔ u̯ sʲ u d n e i̯
обдурювати	o b d u rʲ ʊ ʋ ɐ t e
знижувати	z n ɪ ʒ ʊ ʋ ɐ t e
приготувати	p r e ɦ ɔ t ʊ ʋ ɑ t e
краб	k r ɑ b
вказівний	ʍ k ɐ zʲ i u̯ n ɪ i̯
панікерство	p ɐ nʲ i k ɛ r s t w ɔ
ліпший	lʲ i p ʃ e i̯
вечер	ʋ e t͡ʃ ɛ r
фрагментах	f r ɐ ɦ m ɛ n t ɐ x
безжурний	b e ʒː u r n e i̯
решето	r ɛ ʃ e t ɔ
містичний	mʲ i s t ɪ t͡ʃ n e i̯
кораблебудівник	k ɔ r ɐ b ɫ e b ʊ dʲ i u̯ n ɪ k
затвердити	z ɐ t ʋ ɛ r d e t e
авіатранспорт	ɐ ʋʲ i ɐ t r ɑ n s p ɔ r t
ванна	ʋ ɑ nː ɐ
докторат	d ɔ k t ɔ r ɑ t
куток	k ʊ t ɔ k
вимкнути	ʋ ɪ m k n ʊ t e
борщ	b ɔ r ʃ t͡ʃ
коліно	k o lʲ i n ɔ
місяць	mʲ i sʲ ɐ t͡sʲ
евтаназія	e u̯ t ɐ n ɑ zʲ i j ɐ
звертатися	z ʋ e r t ɑ t e sʲ ɐ
огляд	ɔ ɦ lʲ ɐ d
вигук	ʋ ɪ ɦ ʊ k
тривога	t r e w ɔ ɦ ɐ
єврейський	j e u̯ r ɛ i̯ sʲ k e i̯
спір	sʲ pʲ i r
папір	p ɐ pʲ i r
слова	s ɫ ɔ ʋ ɐ
еякулювати	e j ɐ k ʊ lʲ ʊ ʋ ɑ t e
частинка	t͡ʃ ɐ s t ɪ n k ɐ
авгіїв	ɐ u̯ ɦʲ i j i u̯
мандрівник	m ɐ n dʲ rʲ i u̯ n e k
страшний	s t r ɐ ʃ n ɪ i̯
ізраїльтянка	i z r ɐ j i lʲ tʲ ɑ n k ɐ
абеткування	ɐ b e t k ʊ ʋ ɑ nʲː ɐ
візовий	ʋʲ i z ɔ ʋ e i̯
скорочувати	s k ɔ r ɔ t͡ʃ ʊ ʋ ɐ t e
калій	k ɑ lʲ i i̯
експлуатація	e k s p ɫ ʊ ɐ t ɑ t͡sʲ i j ɐ
менеджмент	m ɛ n e d͡ʒ m e n t
вісь	ʋʲ i sʲ
ексгібіціоністський	e ɡ zʲ ɦʲ i bʲ i t͡sʲ i o nʲ i sʲ k e i̯
вівсах	ʋʲ i u̯ s ɐ x
родзинка	r ɔ d͡z ɪ n k ɐ
спідницею	sʲ pʲ i d n ɪ t͡s e j ʊ
йти	i̯ t ɪ
інфекціям	i n f ɛ k t͡sʲ i j ɐ m
свіча	sʲ ʋʲ i t͡ʃ ɐ
переважний	p e r e ʋ ɑ ʒ n e i̯
телеведуча	t e ɫ e ʋ e d u t͡ʃ ɐ
латиський	ɫ ɐ t ɪ sʲ k e i̯
розв'язувати	r ɔ z ʋ j ɑ z ʊ ʋ ɐ t e
прямокутний	p rʲ ɐ m o k u t n e i̯
зрадниця	z r ɑ d n e t͡sʲ ɐ
невідворотний	n e ʋʲ i d w ɔ r ɔ t n e i̯
тримати	t r e m ɑ t e
все	ʍ s ɛ
почесть	p ɔ t͡ʃ e sʲ tʲ
тацею	t ɑ t͡s e j ʊ
вечірка	ʋ e t͡ʃʲ i r k ɐ
трагедії	t r ɐ ɦ ɛ dʲ i j i
страта	s t r ɑ t ɐ
гендер	ɦ ɛ n d e r
занотовувати	z ɐ n ɔ t ɔ w ʊ ʋ ɐ t e
пришви	p r ɪ ʃ ʋ e
ознака	ɔ z n ɑ k ɐ
скло	s k ɫ ɔ
пізній	pʲ i zʲ nʲ i i̯
фірма	fʲ i r m ɐ
майонез	m ɐ j ɔ n ɛ z
аріка	ɐ rʲ i k ɐ
ради	r ɑ d e
тисячоліть	t e sʲ ɐ t͡ʃ o lʲ i tʲ
косити	k ɔ s ɪ t e
стремено	s t r e m e n ɔ
угода	ʊ ɦ ɔ d ɐ
тристоронній	t r e s t ɔ r ɔ nʲː i i̯
молодята	m ɔ ɫ ɔ dʲ ɑ t ɐ
зобов'язати	z ɔ b ɔ ʋ j ɐ z ɑ t e
колумбія	k o ɫ u m bʲ i j ɐ
варіантом	ʋ ɐ rʲ i ɑ n t ɔ m
кода	k ɔ d ɐ
поселення	p ɔ s ɛ ɫ e nʲː ɐ
суть	s u tʲ
меті	m e tʲ i
сідниця	sʲ i d n ɪ t͡sʲ ɐ
морфологія	m ɔ r f ɔ ɫ ɔ ɦʲ i j ɐ
суспільство	s ʊ sʲ pʲ i lʲ s t w ɔ
характерний	x ɐ r ɐ k t ɛ r n e i̯
михайло	m e x ɑ i̯ ɫ ɔ
кишенькові	k e ʃ e nʲ k ɔ ʋʲ i
критерієм	k r e t ɛ rʲ i j e m
кілометр	kʲ i ɫ ɔ m ɛ t r
пакистан	p ɐ k e s t ɑ n
естонія	e s t ɔ nʲ i j ɐ
обмеження	ɔ b m ɛ ʒ e nʲː ɐ
прийменник	p r e i̯ m ɛ nː e k
прапір	p r ɑ pʲ i r
стабільний	s t ɐ bʲ i lʲ n e i̯
авіаль	ɐ ʋʲ i ɑ lʲ
обдаровувати	ɔ b d ɐ r ɔ w ʊ ʋ ɐ t e
енергій	e n ɛ r ɦʲ i i̯
поліція	p o lʲ i t͡sʲ i j ɐ
вимираючий	ʋ e m e r ɑ j ʊ t͡ʃ e i̯
урізноманітнити	ʊ rʲ i z n ɔ m ɐ nʲ i t n e t e
полум'я	p ɔ ɫ ʊ m j ɐ
засновниця	z ɐ s n ɔ u̯ n e t͡sʲ ɐ
космологія	k ɔ s m ɔ ɫ ɔ ɦʲ i j ɐ
будда	b u dː ɐ
криголам	k r e ɦ ɔ ɫ ɑ m
спора	s p ɔ r ɐ
інтелектуальний	i n t e ɫ e k t ʊ ɑ lʲ n e i̯
синочок	s e n ɔ t͡ʃ ɔ k
занедбувати	z ɐ n ɛ d b ʊ ʋ ɐ t e
голодомор	ɦ ɔ ɫ ɔ d ɔ m ɔ r
відзвітувати	zʲ ʋʲ i t ʊ ʋ ɑ t e
конкурентоспроможність	k ɔ n k ʊ r e n t ɔ s p r ɔ m ɔ ʒ nʲ i sʲ tʲ
кошуля	k o ʃ u lʲ ɐ
пролетар	p r ɔ ɫ e t ɑ r
чутливий	t͡ʃ ʊ t ɫ ɪ ʋ e i̯
геополітика	ɦ e ɔ p o lʲ i t e k ɐ
гіперактивний	ɦʲ i p e r ɐ k t ɪ u̯ n e i̯
авансоутримувач	ɐ ʋ ɐ n s ɔ ʊ t r ɪ m ʊ ʋ ɐ t͡ʃ
білоруський	bʲ i ɫ o r u sʲ k e i̯
гетьман	ɦ ɛ tʲ m ɐ n
господиню	ɦ ɔ s p ɔ d ɪ nʲ ʊ
неврологія	n e u̯ r ɔ ɫ ɔ ɦʲ i j ɐ
демократизувати	d e m ɔ k r ɐ t e z ʊ ʋ ɑ t e
худий	x ʊ d ɪ i̯
пустиня	p ʊ s t ɪ nʲ ɐ
фільм	fʲ i lʲ m
переорієнтувати	p e r e ɔ rʲ i j e n t ʊ ʋ ɑ t e
українських	ʊ k r ɐ j i nʲ sʲ k e x
підготовляти	pʲ i d ɦ ɔ t ɔ u̯ lʲ ɑ t e
безособовий	b e z ɔ s ɔ b ɔ ʋ e i̯
діафрагма	dʲ i ɐ f r ɑ ɦ m ɐ
органів	ɔ r ɦ ɐ nʲ i u̯
автобіограф	ɐ u̯ t ɔ bʲ i ɔ ɦ r ɐ f
фінляндія	fʲ i nʲ lʲ ɑ nʲ dʲ i j ɐ
абак	ɐ b ɑ k
консалтинг	k ɔ n s ɑ ɫ t e n ɦ
динамічно	d e n ɐ mʲ i t͡ʃ n ɔ
вулиця	w u ɫ e t͡sʲ ɐ
зупинитися	z ʊ p e n ɪ t e sʲ ɐ
рекомендувати	r e k ɔ m e n d ʊ ʋ ɑ t e
цистерна	t͡s e s t ɛ r n ɐ
зовні	z ɔ u̯ nʲ i
кишенях	k e ʃ ɛ nʲ ɐ x
регіональний	r e ɦʲ i ɔ n ɑ lʲ n e i̯
увесь	ʊ ʋ ɛ sʲ
визначення	ʋ ɪ z n ɐ t͡ʃ e nʲː ɐ
календаря	k ɐ ɫ e n d ɐ rʲ ɑ
когнітивний	k ɔ ɦ nʲ i t ɪ u̯ n e i̯
радий	r ɑ d e i̯
дослідниця	d o sʲ lʲ i d n e t͡sʲ ɐ
руку	r u k ʊ
міжвоєнний	mʲ i ʒ w ɔ j ɛ nː e i̯
родовий	r ɔ d ɔ ʋ e i̯
безплатний	b e z p ɫ ɑ t n e i̯
юриспруденція	j ʊ r e s p r ʊ d ɛ nʲ t͡sʲ i j ɐ
молдавія	m ɔ ɫ d ɑ ʋʲ i j ɐ
словацький	s ɫ ɔ ʋ ɑ t͡sʲ k e i̯
урбанізація	ʊ r b ɐ nʲ i z ɑ t͡sʲ i j ɐ
половина	p ɔ ɫ ɔ ʋ ɪ n ɐ
ґудзик	ɡ u d͡z e k
перлина	p e r ɫ ɪ n ɐ
крейда	k r ɛ i̯ d ɐ
висіти	ʋ e sʲ i t e
зайвий	z ɑ j ʋ e i̯
батіг	b ɐ tʲ i ɦ
делегаціях	d e ɫ e ɦ ɑ t͡sʲ i j ɐ x
безпідставний	b e zʲ pʲ i d͡z s t ɑ u̯ n e i̯
охопити	ɔ x ɔ p ɪ t e
психіка	p s ɪ xʲ i k ɐ
кінці	kʲ i nʲ t͡sʲ i
наука	n ɐ u k ɐ
перетинка	p e r ɛ t e n k ɐ
уявіть	ʊ j ɐ ʋʲ i tʲ
цегла	t͡s ɛ ɦ ɫ ɐ
вами	ʋ ɑ m e
клавіатур	k ɫ ɐ ʋʲ i ɐ t u r
бронза	b r ɔ n z ɐ
сукня	s u k nʲ ɐ
легеня	ɫ e ɦ ɛ nʲ ɐ
громадянка	ɦ r ɔ m ɐ dʲ ɑ n k ɐ
рости	r ɔ s t ɪ
коала	k ɔ ɑ ɫ ɐ
мотоциклів	m ɔ t ɔ t͡s ɪ k lʲ i u̯
остаточний	ɔ s t ɐ t ɔ t͡ʃ n e i̯
аврора	ɐ u̯ r ɔ r ɐ
оподаткувати	ɔ p ɔ d ɐ t k ʊ ʋ ɑ t e
узяти	ʊ zʲ ɑ t e
аброгація	ɐ b r ɔ ɦ ɑ t͡sʲ i j ɐ
зовнішній	z ɔ u̯ nʲ i ʃ nʲ i i̯
програміст	p r ɔ ɦ r ɐ mʲ i s t
бюрократ	bʲ ʊ r ɔ k r ɑ t
стопа	s t ɔ p ɑ
забезпечувати	z ɐ b e z p ɛ t͡ʃ ʊ ʋ ɐ t e
верем'я	ʋ e r ɛ m j ɐ
біль	bʲ i lʲ
гомосексуальний	ɦ ɔ m ɔ s e k s ʊ ɑ lʲ n e i̯
юшка	j u ʃ k ɐ
руко	r u k ɔ
тестування	t e s t ʊ ʋ ɑ nʲː ɐ
стільниковий	sʲ tʲ i lʲ n e k ɔ ʋ e i̯
кість	kʲ i sʲ tʲ
ярмо	j ɐ r m ɔ
аболіціоніст	ɐ b ɔ lʲ i t͡sʲ i o nʲ i s t
їм	j i m
олово	ɔ ɫ ɔ w ɔ
хижак	x e ʒ ɑ k
неправду	n e p r ɑ u̯ d ʊ
комедій	k ɔ m ɛ dʲ i i̯
дорога	d ɔ r ɔ ɦ ɐ
неправди	n e p r ɑ u̯ d e
відстояти	ʋʲ i d͡z s t ɔ j ɑ t e
електромагнетизм	e ɫ e k t r ɔ m ɐ ɦ n e t ɪ z m
англійський	ɐ n ɦ lʲ i i̯ sʲ k e i̯
своє	s w ɔ j ɛ
оленина	ɔ ɫ e n ɪ n ɐ
двоногий	d w ɔ n ɔ ɦ e i̯
родитися	r ɔ d ɪ t e sʲ ɐ
критеріїв	k r e t ɛ rʲ i j i u̯
мороз	m ɔ r ɔ z
критерієві	k r e t ɛ rʲ i j e ʋʲ i
карась	k ɐ r ɑ sʲ
споживання	s p ɔ ʒ e ʋ ɑ nʲː ɐ
ломака	ɫ ɔ m ɑ k ɐ
розвідати	r ɔ zʲ ʋʲ i d ɐ t e
комбінація	k ɔ m bʲ i n ɑ t͡sʲ i j ɐ
мітотичний	mʲ i t ɔ t ɪ t͡ʃ n e i̯
кубань	k ʊ b ɑ nʲ
кисть	k ɪ sʲ tʲ
відвернути	ʋʲ i d ʋ e r n u t e
підсумовувати	pʲ i d͡z s ʊ m ɔ w ʊ ʋ ɐ t e
займати	z ɐ i̯ m ɑ t e
бурштин	b ʊ r ʃ t ɪ n
концепт	k ɔ n t͡s ɛ p t
хрін	x rʲ i n
вадами	ʋ ɑ d ɐ m e
кат	k ɑ t
пристрій	p r ɪ s tʲ rʲ i i̯
містобудування	mʲ i s t ɔ b ʊ d ʊ ʋ ɑ nʲː ɐ
хазяїн	x ɐ zʲ ɑ j i n
покарання	p ɔ k ɐ r ɑ nʲː ɐ
виключний	ʋ ɪ k lʲ ʊ t͡ʃ n e i̯
проголошувати	p r ɔ ɦ ɔ ɫ ɔ ʃ ʊ ʋ ɐ t e
жодний	ʒ ɔ d n e i̯
закони	z ɐ k ɔ n e
дисбаланс	d e z b ɐ ɫ ɑ n s
існуючий	i s n u j ʊ t͡ʃ e i̯
шкіра	ʃ kʲ i r ɐ
олег	ɔ ɫ ɛ ɦ
кіш	kʲ i ʃ
ресторан	r e s t ɔ r ɑ n
стіна	sʲ tʲ i n ɑ
вечері	ʋ e t͡ʃ ɛ rʲ i
пороховий	p ɔ r ɔ x ɔ ʋ ɪ i̯
пивний	p e u̯ n ɪ i̯
електронний	e ɫ e k t r ɔ nː e i̯
сучасник	s ʊ t͡ʃ ɑ s n e k
індексувати	i n d e k s ʊ ʋ ɑ t e
шестикутний	ʃ e s t e k u t n e i̯
експонат	e k s p ɔ n ɑ t
зрозумілість	z r ɔ z ʊ mʲ i lʲ i sʲ tʲ
бонусами	b ɔ n ʊ s ɐ m e
пріоритет	p rʲ i ɔ r e t ɛ t
команда	k ɔ m ɑ n d ɐ
каплицею	k ɐ p ɫ ɪ t͡s e j ʊ
емблематичний	e m b ɫ e m ɐ t ɪ t͡ʃ n e i̯
копати	k ɔ p ɑ t e
дешевший	d e ʃ ɛ u̯ ʃ e i̯
клієнт	k lʲ i j ɛ n t
перемир'я	p e r e m ɪ r j ɐ
відміну	ʋʲ i dʲ mʲ i n ʊ
працівниці	p r ɐ t͡sʲ i u̯ n ɪ t͡sʲ i
правителька	p r ɐ ʋ ɪ t e lʲ k ɐ
анонімність	ɐ n o nʲ i m nʲ i sʲ tʲ
фабрика	f ɑ b r e k ɐ
викрутка	ʋ ɪ k r ʊ t k ɐ
асистентка	ɐ s e s t ɛ n t k ɐ
справах	s p r ɑ ʋ ɐ x
авіабаза	ɐ ʋʲ i ɐ b ɑ z ɐ
індивідуально	i n d e ʋʲ i d ʊ ɑ lʲ n ɔ
слина	s ɫ ɪ n ɐ
забруднювати	z ɐ b r u dʲ nʲ ʊ ʋ ɐ t e
розташовувати	r ɔ z t ɐ ʃ ɔ w ʊ ʋ ɐ t e
ситий	s ɪ t e i̯
числовий	t͡ʃ e s ɫ ɔ ʋ ɪ i̯
сингапур	s e n ɦ ɐ p u r
невідповідний	n e ʋʲ i d p ɔ ʋʲ i d n e i̯
привітати	p r e ʋʲ i t ɑ t e
мелодію	m e ɫ ɔ dʲ i j ʊ
картина	k ɐ r t ɪ n ɐ
міністр	mʲ i nʲ i s t r
забудькуватий	z ɐ b u dʲ k ʊ ʋ ɐ t e i̯
павутина	p ɐ w ʊ t ɪ n ɐ
застосування	z ɐ s t ɔ s ʊ ʋ ɑ nʲː ɐ
давай	d ɐ ʋ ɑ i̯
критичний	k r e t ɪ t͡ʃ n e i̯
дощок	d ɔ ʃ t͡ʃ ɔ k
келих	k ɛ ɫ e x
промисловість	p r ɔ m e s ɫ ɔ ʋʲ i sʲ tʲ
делегатка	d e ɫ e ɦ ɑ t k ɐ
підозра	pʲ i d ɔ z r ɐ
мітоз	mʲ i t ɔ z
трагедіє	t r ɐ ɦ ɛ dʲ i j e
талія	t ɑ lʲ i j ɐ
божественне	b ɔ ʒ ɛ s t ʋ e nː e
заколот	z ɑ k ɔ ɫ ɔ t
теоріям	t e ɔ rʲ i j ɐ m
відрізнятися	ʋʲ i dʲ rʲ i zʲ nʲ ɑ t e sʲ ɐ
безвідповідальність	b e zʲ ʋʲ i d p ɔ ʋʲ i d ɑ lʲ nʲ i sʲ tʲ
щиколоток	ʃ t͡ʃ ɪ k ɔ ɫ ɔ t ɔ k
активність	ɐ k t ɪ u̯ nʲ i sʲ tʲ
десерт	d e s ɛ r t
вдовець	w d ɔ ʋ ɛ t͡sʲ
ісламський	i s ɫ ɑ m sʲ k e i̯
шокований	ʃ ɔ k ɔ ʋ ɐ n e i̯
геморой	ɦ e m ɔ r ɔ i̯
заступник	z ɐ s t u p n e k
передумувати	p e r e d u m ʊ ʋ ɐ t e
королеві	k ɔ r ɔ ɫ ɛ ʋʲ i
окупація	ɔ k ʊ p ɑ t͡sʲ i j ɐ
україно	ʊ k r ɐ j i n ɔ
прихильниця	p r e x ɪ lʲ n e t͡sʲ ɐ
підхожий	pʲ i d x ɔ ʒ e i̯
витратити	ʋ ɪ t r ɐ t e t e
біомедицина	bʲ i ɔ m e d e t͡s ɪ n ɐ
бик	b ɪ k
чебрець	t͡ʃ e b r ɛ t͡sʲ
нева	n e ʋ ɑ
цнотливий	t͡s n ɔ t ɫ ɪ ʋ e i̯
телескоп	t e ɫ e s k ɔ p
періодизацією	p e rʲ i ɔ d e z ɑ t͡sʲ i j e j ʊ
різноманітність	rʲ i z n ɔ m ɐ nʲ i tʲ nʲ i sʲ tʲ
плуг	p ɫ u ɦ
собою	s ɔ b ɔ j ʊ
чверті	t͡ʃ ʋ ɛ r tʲ i
шестигранник	ʃ e s t e ɦ r ɑ nː e k
абластика	ɐ b ɫ ɑ s t e k ɐ
рукою	r ʊ k ɔ j ʊ
булава	b ʊ ɫ ɐ ʋ ɑ
виборами	ʋ ɪ b ɔ r ɐ m e
ставати	s t ɐ ʋ ɑ t e
акул	ɐ k u ɫ
мостовий	m ɔ s t ɔ ʋ ɪ i̯
дрімати	dʲ rʲ i m ɑ t e
формулювати	f ɔ r m ʊ lʲ ʊ ʋ ɑ t e
пробудити	p r ɔ b ʊ d ɪ t e
вербальний	ʋ e r b ɑ lʲ n e i̯
абстракція	ɐ b s t r ɑ k t͡sʲ i j ɐ
лівія	lʲ i ʋʲ i j ɐ
сімейний	sʲ i m ɛ i̯ n e i̯
металобрухт	m e t ɐ ɫ o b r u x t
переконати	p e r e k ɔ n ɑ t e
магній	m ɑ ɦ nʲ i i̯
танцюристки	t ɐ nʲ t͡sʲ ʊ r ɪ s t k e
ситуаціями	s e t ʊ ɑ t͡sʲ i j ɐ m e
шоколад	ʃ ɔ k ɔ ɫ ɑ d
скроні	s k r ɔ nʲ i
сполучник	s p o ɫ u t͡ʃ n e k
біржа	bʲ i r ʒ ɐ
ланцюговий	ɫ ɐ nʲ t͡sʲ ʊ ɦ ɔ ʋ e i̯
винахідливість	ʋ e n ɐ xʲ i d ɫ e ʋʲ i sʲ tʲ
пожежа	p ɔ ʒ ɛ ʒ ɐ
прогнозів	p r ɔ ɦ n ɔ zʲ i u̯
палка	p ɑ ɫ k ɐ
науковий	n ɐ ʊ k ɔ ʋ e i̯
ложа	ɫ ɔ ʒ ɐ
інфікування	i nʲ fʲ i k ʊ ʋ ɑ nʲː ɐ
гуляти	ɦ ʊ lʲ ɑ t e
велиґдень	ʋ e ɫ ɪ ɡ d e nʲ
абстракціонізм	ɐ b s t r ɐ k t͡sʲ i o nʲ i z m
клясти	k lʲ ɐ s t ɪ
оточувати	ɔ t ɔ t͡ʃ ʊ ʋ ɐ t e
вайло	ʋ ɐ i̯ ɫ ɔ
безчесний	b e ʒ t͡ʃ ɛ s n e i̯
африканець	ɐ f r e k ɑ n e t͡sʲ
щі	ʃ t͡ʃʲ i
сторож	s t ɔ r ɔ ʒ
олігархія	ɔ lʲ i ɦ ɑ r xʲ i j ɐ
туркменістан	t ʊ r k m e nʲ i s t ɑ n
вовна	w ɔ u̯ n ɐ
бірюзовий	bʲ i rʲ ʊ z ɔ ʋ e i̯
блокадою	b ɫ ɔ k ɑ d ɔ j ʊ
щавель	ʃ t͡ʃ ɐ ʋ ɛ lʲ
ґандж	ɡ ɑ n d͡ʒ
дому	d ɔ m ʊ
сестрицею	s e s t r ɪ t͡s e j ʊ
літ	lʲ i t
міх	mʲ i x
млин	m ɫ ɪ n
мовити	m ɔ ʋ e t e
воєнний	w ɔ j ɛ nː e i̯
схематизувати	s x e m ɐ t e z ʊ ʋ ɑ t e
безробітний	b e z r o bʲ i t n e i̯
інфекція	i n f ɛ k t͡sʲ i j ɐ
діагностика	dʲ i ɐ ɦ n ɔ s t e k ɐ
виноградник	ʋ e n ɔ ɦ r ɑ d n e k
прамова	p r ɐ m ɔ ʋ ɐ
абортування	ɐ b ɔ r t ʊ ʋ ɑ nʲː ɐ
референдумах	r e f e r ɛ n d ʊ m ɐ x
промовляти	p r ɔ m ɔ u̯ lʲ ɑ t e
кота	k ɔ t ɑ
новини	n ɔ ʋ e n ɪ
землевласник	z e m ɫ e u̯ ɫ ɑ s n e k
експериментальний	e k s p e r e m e n t ɑ lʲ n e i̯
розчарування	r ɔ ʒ t͡ʃ ɐ r ʊ ʋ ɑ nʲː ɐ
картографічний	k ɐ r t ɔ ɦ r ɐ fʲ i t͡ʃ n e i̯
наявність	n ɐ j ɑ u̯ nʲ i sʲ tʲ
недоступний	n e d o s t u p n e i̯
обурення	o b u r e nʲː ɐ
сльозогінний	sʲ lʲ ɔ z o ɦʲ i nː e i̯
арфіст	ɐ r fʲ i s t
рівне	rʲ i u̯ n e
зворотний	z w ɔ r ɔ t n e i̯
заздрити	z ɑ z d r e t e
виконувати	ʋ e k ɔ n ʊ ʋ ɐ t e
плутократією	p ɫ ʊ t ɔ k r ɑ tʲ i j e j ʊ
літера	lʲ i t e r ɐ
кожух	k o ʒ u x
превентивний	p r e ʋ e n t ɪ u̯ n e i̯
перевага	p e r e ʋ ɑ ɦ ɐ
прислухатися	p r e s ɫ u x ɐ t e sʲ ɐ
численний	t͡ʃ e s ɫ ɛ nː e i̯
придатний	p r e d ɑ t n e i̯
церковний	t͡s e r k ɔ u̯ n e i̯
підготовка	pʲ i d ɦ ɔ t ɔ u̯ k ɐ
безпрецедентний	b e z p r e t͡s e d ɛ n t n e i̯
ти	t ɪ
припинення	p r e p ɪ n e nʲː ɐ
незадоволення	n e z ɐ d ɔ w ɔ ɫ e nʲː ɐ
невідкладний	n e ʋʲ i d k ɫ ɑ d n e i̯
отруйний	o t r u i̯ n e i̯
авіаучилище	ɐ ʋʲ i ɐ ʊ t͡ʃ ɪ ɫ e ʃ t͡ʃ e
повідомлення	p ɔ ʋʲ i d ɔ m ɫ e nʲː ɐ
швидкий	ʃ ʋ e d k ɪ i̯
жила	ʒ e ɫ ɑ
сімсот	sʲ i m s ɔ t
пробуджуватися	p r o b u d͡ʒ ʊ ʋ ɐ t e sʲ ɐ
подія	p o dʲ i j ɐ
долоні	d ɔ ɫ ɔ nʲ i
виклик	ʋ ɪ k ɫ e k
шумливий	ʃ ʊ m ɫ ɪ ʋ e i̯
дев'ятеро	d ɛ ʋ j ɐ t e r ɔ
кріпкий	k rʲ i p k e i̯
метелик	m e t ɛ ɫ e k
лаванд	ɫ ɐ ʋ ɑ n d
господинею	ɦ ɔ s p ɔ d ɪ n e j ʊ
вкус	ʍ k u s
минулий	m e n u ɫ e i̯
пропорціях	p r ɔ p ɔ r t͡sʲ i j ɐ x
знайомий	z n ɐ j ɔ m e i̯
внутрішній	w n u tʲ rʲ i ʃ nʲ i i̯
ик	ɪ k
молоття	m ɔ ɫ ɔ tʲː ɑ
миролюбний	m e r o lʲ u b n e i̯
рішити	rʲ i ʃ ɪ t e
геометричний	ɦ e ɔ m e t r ɪ t͡ʃ n e i̯
ліс	lʲ i s
підсумок	pʲ i d͡z s u m ɔ k
промова	p r ɔ m ɔ ʋ ɐ
прилад	p r ɪ ɫ ɐ d
костянтин	k ɔ sʲ tʲ ɐ n t ɪ n
недосвідчений	n e d ɔ sʲ ʋʲ i d͡ʒ t͡ʃ e n e i̯
слухняний	s ɫ ʊ x nʲ ɑ n e i̯
вихвалити	ʋ ɪ x ʋ ɐ ɫ e t e
ліхтенштейн	lʲ i x t e n ʃ t ɛ i̯ n
повезти	p ɔ ʋ e z t ɪ
шовковиця	ʃ ɔ u̯ k ɔ ʋ e t͡sʲ ɐ
абсанс	ɐ b s ɑ n s
забороняти	z ɐ b ɔ r ɔ nʲ ɑ t e
смутний	s m ʊ t n ɪ i̯
хворий	x w ɔ r e i̯
занотувати	z ɐ n ɔ t ʊ ʋ ɑ t e
шановний	ʃ ɐ n ɔ u̯ n e i̯
виріб	ʋ ɪ rʲ i b
побачення	p ɔ b ɑ t͡ʃ e nʲː ɐ
життєздатний	ʒ e tʲː e z d ɑ t n e i̯
плавати	p ɫ ɑ ʋ ɐ t e
вус	w u s
ензим	e n z ɪ m
прибуток	p r e b u t ɔ k
соня	s ɔ nʲ ɐ
ірландець	i r ɫ ɑ n d e t͡sʲ
календарний	k ɐ ɫ e n d ɑ r n e i̯
лісова	lʲ i s ɔ ʋ ɑ
дефініцію	d e fʲ i nʲ i t͡sʲ i j ʊ
вся	ʍ sʲ ɑ
щупальце	ʃ t͡ʃ u p ɐ lʲ t͡s e
хава	x ɑ ʋ ɐ
собівартість	s ɔ bʲ i ʋ ɑ r tʲ i sʲ tʲ
різноманіття	rʲ i z n ɔ m ɐ nʲ i tʲː ɐ
м'яч	m j ɑ t͡ʃ
звичайний	z ʋ e t͡ʃ ɑ i̯ n e i̯
референдумами	r e f e r ɛ n d ʊ m ɐ m e
лавандовий	ɫ ɐ ʋ ɑ n d ɔ ʋ e i̯
капуста	k ɐ p u s t ɐ
дати	d ɑ t e
інфекцій	i n f ɛ k t͡sʲ i i̯
незалежності	n e z ɐ ɫ ɛ ʒ n ɔ sʲ tʲ i
варіанти	ʋ ɐ rʲ i ɑ n t e
чорні	t͡ʃ ɔ r nʲ i
захворіти	z ɐ x w o rʲ i t e
євгенія	j e u̯ ɦ ɛ nʲ i j ɐ
бере	b e r ɛ
козирок	k ɔ z e r ɔ k
апатичний	ɐ p ɐ t ɪ t͡ʃ n e i̯
шабля	ʃ ɑ b lʲ ɐ
двомовність	d w ɔ m ɔ u̯ nʲ i sʲ tʲ
дня	dʲ nʲ ɑ
започатковувати	z ɐ p ɔ t͡ʃ ɐ t k ɔ w ʊ ʋ ɐ t e
ящик	j ɑ ʃ t͡ʃ e k
роділля	r o dʲ i lʲː ɐ
смертний	s m ɛ r t n e i̯
засудити	z ɐ s ʊ d ɪ t e
досягнення	d ɔ sʲ ɑ ɦ n e nʲː ɐ
й	j
кікбоксинг	kʲ i ɡ b ɔ k s e n ɦ
фактичний	f ɐ k t ɪ t͡ʃ n e i̯
християнство	x r e s t e j ɑ n s t w ɔ
португальський	p ɔ r t ʊ ɦ ɑ lʲ sʲ k e i̯
паровоз	p ɐ r ɔ w ɔ z
стар	s t ɑ r
санкціонувати	s ɐ n k t͡sʲ i ɔ n ʊ ʋ ɑ t e
усвідомити	ʊ sʲ ʋʲ i d ɔ m e t e
уста	ʊ s t ɑ
оточити	ɔ t ɔ t͡ʃ ɪ t e
нерішучість	n e rʲ i ʃ u t͡ʃʲ i sʲ tʲ
замовник	z ɐ m ɔ u̯ n e k
волокти	w ɔ ɫ ɔ k t ɪ
блокадами	b ɫ ɔ k ɑ d ɐ m e
кисень	k ɪ s e nʲ
хтивий	x t ɪ ʋ e i̯
самозакоханий	s ɐ m ɔ z ɐ k ɔ x ɐ n e i̯
центральний	t͡s e n t r ɑ lʲ n e i̯
королівство	k ɔ r o lʲ i u̯ s t w ɔ
прав	p r ɑ u̯
асиміляція	ɐ s e mʲ i lʲ ɑ t͡sʲ i j ɐ
ратифікація	r ɐ t e fʲ i k ɑ t͡sʲ i j ɐ
описовий	ɔ p e s ɔ ʋ e i̯
критикувати	k r e t e k ʊ ʋ ɑ t e
обмежений	ɔ b m ɛ ʒ e n e i̯
одночасно	ɔ d n ɔ t͡ʃ ɑ s n ɔ
жона	ʒ ɔ n ɑ
житловий	ʒ e t ɫ ɔ ʋ ɪ i̯
монастир	m ɔ n ɐ s t ɪ r
письменність	p e sʲ m ɛ nʲː i sʲ tʲ
утратам	ʊ t r ɑ t ɐ m
мамо	m ɑ m ɔ
дивний	d ɪ u̯ n e i̯
коштувати	k ɔ ʃ t ʊ ʋ ɐ t e
вероніка	ʋ e r o nʲ i k ɐ
загреб	z ɑ ɦ r e b
поєднання	p ɔ j e d n ɑ nʲː ɐ
застуджуватися	z ɐ s t u d͡ʒ ʊ ʋ ɐ t e sʲ ɐ
бюст	bʲ u s t
міряти	mʲ i rʲ ɐ t e
зображувати	z ɔ b r ɑ ʒ ʊ ʋ ɐ t e
хіба	xʲ i b ɑ
звернення	z ʋ ɛ r n e nʲː ɐ
процедурний	p r ɔ t͡s e d u r n e i̯
обстежувати	ɔ b s t ɛ ʒ ʊ ʋ ɐ t e
цегляний	t͡s e ɦ lʲ ɐ n ɪ i̯
мене	m e n ɛ
стандарт	s t ɐ n d ɑ r t
мем	m ɛ m
концентрація	k ɔ n t͡s e n t r ɑ t͡sʲ i j ɐ
глядачка	ɦ lʲ ɐ d ɑ t͡ʃ k ɐ
телеканал	t e ɫ e k ɐ n ɑ ɫ
архієпископ	ɐ r xʲ i j e p ɪ s k ɔ p
лексикографічний	ɫ e k s e k ɔ ɦ r ɐ fʲ i t͡ʃ n e i̯
трагедія	t r ɐ ɦ ɛ dʲ i j ɐ
чотирикутний	t͡ʃ ɔ t e r e k u t n e i̯
босоногий	b ɔ s ɔ n ɔ ɦ e i̯
левиця	ɫ e ʋ ɪ t͡sʲ ɐ
етап	e t ɑ p
свекруха	s ʋ e k r u x ɐ
делегувати	d e ɫ e ɦ ʊ ʋ ɑ t e
робота	r ɔ b ɔ t ɐ
хутро	x u t r ɔ
мотоциклах	m ɔ t ɔ t͡s ɪ k ɫ ɐ x
кобальтовий	k ɔ b ɐ lʲ t ɔ ʋ e i̯
обов'язково	ɔ b ɔ ʋ j ɐ z k ɔ w ɔ
аквамариновий	ɐ k ʋ ɐ m ɐ r ɪ n ɔ ʋ e i̯
ефект	e f ɛ k t
пропозиція	p r ɔ p ɔ z ɪ t͡sʲ i j ɐ
навруз	n ɐ u̯ r u z
зекономити	z e k ɔ n ɔ m e t e
бидло	b ɪ d ɫ ɔ
травень	t r ɑ ʋ e nʲ
непомірний	n e p o mʲ i r n e i̯
автопортрет	ɐ u̯ t ɔ p ɔ r t r ɛ t
працівницям	p r ɐ t͡sʲ i u̯ n ɪ t͡sʲ ɐ m
штандарт	ʃ t ɐ n d ɑ r t
день	d ɛ nʲ
авіатика	ɐ ʋʲ i ɑ t e k ɐ
геноцидів	ɦ e n ɔ t͡s ɪ dʲ i u̯
помирати	p ɔ m e r ɑ t e
комедіям	k ɔ m ɛ dʲ i j ɐ m
епох	e p ɔ x
вени	ʋ ɛ n e
виснажувати	ʋ e s n ɑ ʒ ʊ ʋ ɐ t e
напередодні	n ɐ p e r e d ɔ dʲ nʲ i
самобутній	s ɐ m o b u tʲ nʲ i i̯
віру	ʋʲ i r ʊ
горизонтальний	ɦ ɔ r e z ɔ n t ɑ lʲ n e i̯
зайняти	z ɐ i̯ nʲ ɑ t e
друзями	d r u zʲ ɐ m e
курити	k ʊ r ɪ t e
кришка	k r ɪ ʃ k ɐ
термометричний	t e r m ɔ m e t r ɪ t͡ʃ n e i̯
сусідів	s ʊ sʲ i dʲ i u̯
нестерпний	n e s t ɛ r p n e i̯
сімдесятий	sʲ i m d e sʲ ɑ t e i̯
лучник	ɫ u t͡ʃ n e k
наприкінці	n ɐ p r ɪ kʲ i nʲ t͡sʲ i
плащ	p ɫ ɑ ʃ t͡ʃ
семисотий	s e m e s ɔ t e i̯
теплий	t ɛ p ɫ e i̯
авіамаяк	ɐ ʋʲ i ɐ m ɐ j ɑ k
сюрприз	sʲ ʊ r p r ɪ z
крихітний	k r ɪ xʲ i t n e i̯
стрибати	s t r e b ɑ t e
ними	n ɪ m e
вітальні	ʋʲ i t ɑ lʲ nʲ i
упевненість	ʊ p ɛ u̯ n e nʲ i sʲ tʲ
погоджуватися	p ɔ ɦ ɔ d͡ʒ ʊ ʋ ɐ t e sʲ ɐ
блювати	b lʲ ʊ ʋ ɑ t e
жасмин	ʒ ɐ s m ɪ n
бацяр	b ɑ t͡sʲ ɐ r
наявний	n ɐ j ɑ u̯ n e i̯
зобов'язання	z ɔ b ɔ ʋ j ɑ z ɐ nʲː ɐ
мікроскоп	mʲ i k r ɔ s k ɔ p
молоти	m ɔ ɫ ɔ t e
постать	p ɔ s t ɐ tʲ
повікам	p ɔ ʋʲ i k ɐ m
ожина	ɔ ʒ ɪ n ɐ
завдання	z ɐ u̯ d ɑ nʲː ɐ
кохання	k ɔ x ɑ nʲː ɐ
систематизувати	s e s t e m ɐ t e z ʊ ʋ ɑ t e
худнути	x u d n ʊ t e
ростити	r ɔ s t ɪ t e
авіамоделізм	ɐ ʋʲ i ɐ m ɔ d e lʲ i z m
пленум	p ɫ ɛ n ʊ m
погуляти	p ɔ ɦ ʊ lʲ ɑ t e
валець	ʋ ɐ ɫ ɛ t͡sʲ
дзеркало	d͡z ɛ r k ɐ ɫ ɔ
обшук	ɔ b ʃ ʊ k
автоводоцистерна	ɐ u̯ t ɔ w ɔ d ɔ t͡s e s t ɛ r n ɐ
самоповага	s ɐ m ɔ p ɔ ʋ ɑ ɦ ɐ
ріпами	rʲ i p ɐ m e
софія	s o fʲ i j ɐ
секунда	s e k u n d ɐ
диспетчер	d e s p ɛ t͡ʃː e r
автаркізм	ɐ u̯ t ɐ r kʲ i z m
винокур	ʋ e n o k u r
киплячий	k e p lʲ ɑ t͡ʃ e i̯
масштаб	m ɐ ʃː t ɑ b
щастя	ʃ t͡ʃ ɑ sʲ tʲ ɐ
перезаписати	p e r e z ɐ p e s ɑ t e
сусідній	s ʊ sʲ i dʲ nʲ i i̯
масаж	m ɐ s ɑ ʒ
боліти	b o lʲ i t e
похвала	p ɔ x ʋ ɐ ɫ ɑ
приданий	p r ɪ d ɐ n e i̯
пропорціям	p r ɔ p ɔ r t͡sʲ i j ɐ m
діагностувати	dʲ i ɐ ɦ n ɔ s t ʊ ʋ ɑ t e
піч	pʲ i t͡ʃ
зателефонувати	z ɐ t e ɫ e f ɔ n ʊ ʋ ɑ t e
суперник	s ʊ p ɛ r n e k
ангольський	ɐ n ɦ ɔ lʲ sʲ k e i̯
епідеміологія	e pʲ i d e mʲ i ɔ ɫ ɔ ɦʲ i j ɐ
когось	k ɔ ɦ ɔ sʲ
позбавити	p ɔ z b ɑ ʋ e t e
вільнодумство	ʋʲ i lʲ n o d u m s t w ɔ
двері	d ʋ ɛ rʲ i
виявитися	ʋ ɪ j ɐ ʋ e t e sʲ ɐ
пласт	p ɫ ɑ s t
брухт	b r u x t
познань	p ɔ z n ɐ nʲ
безстроковий	b e z s t r ɔ k ɔ ʋ e i̯
птиця	p t ɪ t͡sʲ ɐ
обережний	ɔ b e r ɛ ʒ n e i̯
видатний	ʋ e d ɐ t n ɪ i̯
мотоциклам	m ɔ t ɔ t͡s ɪ k ɫ ɐ m
другові	d r u ɦ ɔ ʋʲ i
монохромний	m ɔ n ɔ x r ɔ m n e i̯
звіря	zʲ ʋʲ i rʲ ɑ
безглуздість	b e z ɦ ɫ u zʲ dʲ i sʲ tʲ
маска	m ɑ s k ɐ
іграшка	i ɦ r ɐ ʃ k ɐ
маланка	m ɐ ɫ ɑ n k ɐ
гривня	ɦ r ɪ u̯ nʲ ɐ
пересічний	p e r e sʲ i t͡ʃ n e i̯
емілія	e mʲ i lʲ i j ɐ
баварський	b ɐ ʋ ɑ r sʲ k e i̯
кукурудза	k ʊ k ʊ r u d͡z ɐ
анафема	ɐ n ɑ f e m ɐ
тесть	t ɛ sʲ tʲ
засмутити	z ɐ s m ʊ t ɪ t e
переривати	p e r e r e ʋ ɑ t e
савченко	s ɑ u̯ t͡ʃ e n k ɔ
авіадесантник	ɐ ʋʲ i ɐ d e s ɑ n t n e k
портативний	p ɔ r t ɐ t ɪ u̯ n e i̯
революція	r e w o lʲ u t͡sʲ i j ɐ
чось	t͡ʃ ɔ sʲ
найнижчий	n ɐ i̯ n ɪ ʒ t͡ʃ e i̯
моє	m ɔ j ɛ
абрикос	ɐ b r e k ɔ s
таємницею	t ɐ j e m n ɪ t͡s e j ʊ
надзвуковий	n ɐ d͡z w ʊ k ɔ ʋ ɪ i̯
функціональний	f ʊ n k t͡sʲ i ɔ n ɑ lʲ n e i̯
відлякувати	ʋʲ i dʲ lʲ ɑ k ʊ ʋ ɐ t e
породілля	p ɔ r o dʲ i lʲː ɐ
дейтон	d ɛ i̯ t ɔ n
корисний	k ɔ r e s n e i̯
рецесія	r e t͡s ɛ sʲ i j ɐ
швидкість	ʃ ʋ ɪ dʲ kʲ i sʲ tʲ
нинішній	n ɪ nʲ i ʃ nʲ i i̯
громадянство	ɦ r ɔ m ɐ dʲ ɑ n s t w ɔ
піддержати	pʲ i dː ɛ r ʒ ɐ t e
квітень	k ʋʲ i t e nʲ
власті	w ɫ ɑ sʲ tʲ i
варіант	ʋ ɐ rʲ i ɑ n t
бавитися	b ɑ ʋ e t e sʲ ɐ
недоконаний	n e d ɔ k ɔ n ɐ n e i̯
кара	k ɑ r ɐ
тлумачити	t ɫ ʊ m ɑ t͡ʃ e t e
номінальний	n ɔ mʲ i n ɑ lʲ n e i̯
корупція	k o r u p t͡sʲ i j ɐ
мінськ	mʲ i nʲ sʲ k
засідання	z ɐ sʲ i d ɐ nʲː ɐ
рацію	r ɑ t͡sʲ i j ʊ
незалежносте	n e z ɐ ɫ ɛ ʒ n ɔ s t e
вуглевод	w ʊ ɦ ɫ e w ɔ d
дисиміляція	d e s e mʲ i lʲ ɑ t͡sʲ i j ɐ
гостювати	ɦ ɔ sʲ tʲ ʊ ʋ ɑ t e
акціонер	ɐ k t͡sʲ i ɔ n ɛ r
надію	n ɐ dʲ i j ʊ
ідеалістичний	i d e ɐ lʲ i s t ɪ t͡ʃ n e i̯
конкурс	k ɔ n k ʊ r s
перекладачка	p e r e k ɫ ɐ d ɑ t͡ʃ k ɐ
троє	t r ɔ j e
зібратися	zʲ i b r ɑ t e sʲ ɐ
інституційний	i n s t e t ʊ t͡sʲ i i̯ n e i̯
шибеницями	ʃ ɪ b e n e t͡sʲ ɐ m e
ворота	w ɔ r ɔ t ɐ
стрічки	s tʲ rʲ i t͡ʃ k e
лексикографія	ɫ e k s e k ɔ ɦ r ɑ fʲ i j ɐ
рицар	r ɪ t͡s ɐ r
філіжанка	fʲ i lʲ i ʒ ɑ n k ɐ
дані	d ɑ nʲ i
падати	p ɑ d ɐ t e
скроням	s k r ɔ nʲ ɐ m
одержувача	ɔ d ɛ r ʒ ʊ ʋ ɐ t͡ʃ ɐ
естонський	e s t ɔ nʲ sʲ k e i̯
гривням	ɦ r ɪ u̯ nʲ ɐ m
змусити	z m u s e t e
саботувати	s ɐ b ɔ t ʊ ʋ ɑ t e
інтерактивний	i n t e r ɐ k t ɪ u̯ n e i̯
двадцятиоднокутник	d ʋ ɐ d͡zʲ t͡sʲ ɐ t e ɔ d n o k u t n e k
алло	ɐ ɫː ɔ
сантиметр	s ɐ n t e m ɛ t r
довіряти	d ɔ ʋʲ i rʲ ɑ t e
військовий	ʋʲ i i̯ sʲ k ɔ ʋ e i̯
автореференція	ɑ u̯ t ɔ r e f e r ɛ nʲ t͡sʲ i j ɐ
чудище	t͡ʃ u d e ʃ t͡ʃ e
гро	ɦ r ɔ
частка	t͡ʃ ɑ s t k ɐ
змагатися	z m ɐ ɦ ɑ t e sʲ ɐ
оцією	ɔ t͡sʲ i j ɛ j ʊ
змова	z m ɔ ʋ ɐ
тобою	t ɔ b ɔ j ʊ
революціонерка	r e w ɔ lʲ ʊ t͡sʲ i ɔ n ɛ r k ɐ
намисто	n ɐ m ɪ s t ɔ
маршрутка	m ɐ r ʃ r u t k ɐ
відстрочити	ʋʲ i d͡z s t r ɔ t͡ʃ e t e
авіапромисловість	ɐ ʋʲ i ɐ p r ɔ m e s ɫ ɔ ʋʲ i sʲ tʲ
інерцією	i n ɛ r t͡sʲ i j e j ʊ
класовий	k ɫ ɑ s ɔ ʋ e i̯
відображати	ʋʲ i d ɔ b r ɐ ʒ ɑ t e
активувати	ɐ k t e w ʊ ʋ ɑ t e
звідси	zʲ ʋʲ i d͡z s e
регулярно	r e ɦ ʊ lʲ ɑ r n ɔ
прийти	p r e i̯ t ɪ
бруднити	b r ʊ d n ɪ t e
заподіяти	z ɐ p o dʲ i j ɐ t e
твої	t w ɔ j i
капітулювати	k ɐ pʲ i t ʊ lʲ ʊ ʋ ɑ t e
австрійський	ɐ u̯ s tʲ rʲ i i̯ sʲ k e i̯
ставлення	s t ɑ u̯ ɫ e nʲː ɐ
типовий	t e p ɔ ʋ e i̯
ваги	ʋ ɐ ɦ ɪ
матеріальний	m ɐ t e rʲ i ɑ lʲ n e i̯
чужина	t͡ʃ ʊ ʒ e n ɑ
школа	ʃ k ɔ ɫ ɐ
шкодити	ʃ k ɔ d e t e
хвіст	x ʋʲ i s t
пропозиціями	p r ɔ p ɔ z ɪ t͡sʲ i j ɐ m e
обладнати	ɔ b ɫ ɐ d n ɑ t e
світ	sʲ ʋʲ i t
націоналістичний	n ɐ t͡sʲ i ɔ n ɐ lʲ i s t ɪ t͡ʃ n e i̯
наймати	n ɐ i̯ m ɑ t e
скидати	s k e d ɑ t e
гідрологія	ɦʲ i d r ɔ ɫ ɔ ɦʲ i j ɐ
чадо	t͡ʃ ɑ d ɔ
міф	mʲ i f
намет	n ɐ m ɛ t
документувати	d ɔ k ʊ m e n t ʊ ʋ ɑ t e
смердіти	s m e r dʲ i t e
егоїстичний	e ɦ ɔ j i s t ɪ t͡ʃ n e i̯
найбільше	n ɐ i̯ bʲ i lʲ ʃ e
греція	ɦ r ɛ t͡sʲ i j ɐ
варіанту	ʋ ɐ rʲ i ɑ n t ʊ
неня	n ɛ nʲ ɐ
крикливий	k r e k ɫ ɪ ʋ e i̯
вільна	ʋʲ i lʲ n ɐ
відокремити	ʋʲ i d ɔ k r ɛ m e t e
румунія	r ʊ m u nʲ i j ɐ
периферія	p e r e f e rʲ i j ɐ
пан	p ɑ n
розгляд	r ɔ z ɦ lʲ ɐ d
зупинка	z ʊ p ɪ n k ɐ
образний	ɔ b r ɐ z n e i̯
вільнодумець	ʋʲ i lʲ n o d u m e t͡sʲ
демократично	d e m ɔ k r ɐ t ɪ t͡ʃ n ɔ
льотчик	lʲ ɔ t͡ʃː e k
туреччина	t ʊ r ɛ t͡ʃː e n ɐ
