نېښو	n ə ʂ o
تږی	t ʂ i
نجونې	n d͡ʒ o n ə
جریان	d͡ʒ r i ɑ n
امرونوان	ɑ m r o n o ɑ n
همبرداشت	h ə m b r d ɑ ʂ t
موټرد	m o ʈ r d
ونیوله	w o n i o l ə
سویلي	s o w i l i
میرمن	m i r m ə n
مخالفت	m x ɑ l ə f t
يوهنخيتار	j o h ə n x i t ɑ r
ناسته	n ɑ s t ə
نشي	n ʂ i
کمښت	k ə m ʂ t
وغواړی	w ɣ o ɑ ɽ i
فوټبال	f o ʈ b ɑ l
طبقه	t ɑ b q ə
ورسید	w o r s i d
ګرمدیځ	ɡ r m d i ʝ
اخیست	ɑ x i s t
دایمي	d ɑ i m i
چټکۍ	t͡ʃ ʈ k ə i
وشي	w ʂ i
پوهیږم	p o h i ʐ m
زامنو	z ɑ m n o
وباسي	w b ɑ s i
ساتلو	s ɑ t l o
درنکړم	d r n k ɽ m
ویښتانو	w i ʂ t ɑ n o
سوډان	s o ɖ ɑ n
دروغوويلو	d r o ɣ o w i l o
کانټینر	k ɑ n ʈ i n r
وموندلې	w m o n d l ə
مایو	m ɑ j o
ماهی	m ɑ h i
ام	ɑ m
ننه	n ə n ə
مړینې	m ɽ i n ə
لی	l i
پرانیستله	p r ɑ n i s t l ə
ویلي	w i l i
شومنو	ʂ o m n o
وده	o d ə
ووینه	w o w i n ə
اندازه	ɑ n d ɑ z ə
سهارریما	s ə h ɑ r r i m ɑ
پرانستله	p r ɑ n s t l ə
وکړئیا	w k ɽ ə i ɑ
مرګاويا	m r ɡ ɑ w i ɑ
همده	h ʌ m d ə
کېدای	k eɪ d aɪ
آسیم	ɑː s iː m
سیند	s iː n d
نیول	n iː uː l
لورته	l oː r t ə
شو	ʃ oː
سیمه	s iː m ə
ډیرو	ɖ iː r oː
غوړ	ɣ oː ɖʐ
لرغونی	l ə r ɣ oː n iː
پوهیږي	p oː h iː ʐ iː
کوزی	k oː z iː
چا	tʃ aː
ثابته	θ ɑː b ə t ə
طرف	ʈ ə r f
حکيم	ħ ə k iː m
ناڅاپه	n ɑː ʈʂ ɑː p ə
فضا	f ə z ɑː
ذهني	ð ə h n iː
کرنې	k ə r n eɪ
ویښتان	v iː ʂ t ɑː n
پایه	p aɪ ə
خوندي	x oː n d iː
دوامداره	d oː ɑː m d ɑː r ə
کڅوړو	k ʈʂ oː ɖʐ oː
ویده	v iː d ə
زهر	z ə h r
پرانستله	p r ɑː n ə s t ə l ə
ویشي	v iː ʃ iː
ډکیو	ɖ k iː oː
ماهر	m ɑː h ə r
مترو	m ə t r oː
ماشییو	m ɑː ʃ iː j oː
تړلکیدی	t ɖʐ l k iː d iː
کېیو	k eɪ j oː
معتدل	m uː ʕ t ə d ə l
شنو	ʃ n oː
سزا	s z ɑː
ونشي	v ə n ʃ iː
همدې	h ʌ m d eɪ
غږ	ɣ ʐ
دلیلونه	d ə l iː l oː n ə
معنی	m uː ʕ n iː
نېښ	n eɪ ʂ
اې	ɑː eɪ
یوې	j oː eɪ
راوتلی	r aː w t ə l iː
استاد	ɑː s t ɑː d
اړیکه	ɑː ɖʐ iː k ə
منظم	m ʊ n z ə m
رایستل	r ɑ j s t ə l
راغله	r ɑ ɣ l ə
کڅوړو	k ʈ͡ʂ o ɽ o
سپیننسواري	s p iː n n s w ɑ r i
اوږ	o ʊ ʐ
اويو	o w j o
اثر	ʔ ə θ r
توکي	t o k i
پدی	p ə d i
ټوټه	ʈ o ʈ ə
چاکلیټ	t͡ʃ ɑ k l i ʈ
سبب	s ə b b
ویلو	w i l o
لږه	l ʐ ə
مختلفو	m ʊ x t l ɪ f o
خوندي	x o n d i
جالڅخه	d͡ʒ ɑ l ʈ͡s ə x ə
ځلانده	ʐ l ɑ n d ə
ومومي	w o m o m i
ما	m ɑ
ورځو	w o r ʐ o
کورله	k o r l ə
کوونکی	k o w o n k i
رسېږئ	r s e ʐ ʔ
سلفراسید	s ʊ l f r ɑ s i d
ترتیب	t ə r t i b
کېښودې	k e x o d e
ونډه	w ʊ n ʈ ə
وړانګې	w r ɑ n ɡ e
خورن	x o r n
یې	j e
دکار	d k ɑ r
سرونو	s r o n o
دوسته	d o s t ə
اوږده	o ʊ ʐ d ə
دبولو	d b o l o
لوړوي	l o r o j
اختلالات	ʔ x t l ɑ l ɑ t
اوریدو	o r i d o
تنو	t n o
مطالعه	m t ɑ l e
کوچني	k o t͡ʃ n i
قه	q ə
ژره	ʐ r ə
نړیواله	n r j w ɑ l ə
حللار	ħ l l ɑ r
پراخې	p r ɑ x e
مل	m ʊ l
ويورکې	w j o r k e
ماهم	m ɑː h m
څیړنو	ʈ͡s iː ɖ n o
راغلی	r ɑː ɣ l iː
رسولیو	r s uː l iː o
احمد	ɑː h m ə d
وران	w o r ɑː n
کرنه	k r ə n ə
همیشه	h ə m iː ʃ ə
بوی	b oː iː
ژررانه	ʒ r r ɑː n ə
اغیزه	ɑː ɣ iː z ə
اوښاوخره	ɑː w x ɑː w x r ə
حیوان	h iː w ɑː n
غورځ	ɣ oː r ʒ
لویدیځ	l oː iː d iː ʒ
کېو	k eː o
کیږی	k iː ʒ iː
احمده	ɑː h m ə d ə
غلام	ɣ l ɑː m
راځی	r ɑː ʒ iː
دن	d ə n
ترڅنګ	t r ʈ͡s n ɡ
سړک	s ɖ k
دبولو	d b oː l o
راغله	r ɑː ɣ l ə
پسه	p s ə
مفکوره	m f k oː r ə
بدنروغ	b d n r oː ɣ
ګلختمي	ɡ l x t m iː
اف	ɑː f
لویو	l oː iː o
زهرجنو	z h r ʒ n o
وکړم	w k ɖ m
ڼږ	ɳ ʒ
بوتله	b oː t l ə
اشاره	ɑː ʃ ɑː r ə
ګټوره	ɡ ʈ oː r ə
لرګ	l r ɡ
ملګريه	m l ɡ r iː ə
ناوخ	n ɑː w x
جال	ʤ ɑː l
کمې	k m eː
باکتریاوې	b ɑː k t r iː ɑː w eː
خورا	x oː r ɑː
قومن	q oː m n
شئ	ʃ ɑː iː
ګوره	ɡ oː r ə
پرانستل	p r ɑː n s t l
بحرونو	b h r oː n o
توپیر	t oː p iː r
پلاروصیت	p l ɑ r o s i t
خپلرو	x p l r o
اوری	o r i
ارما	a r m a
کړک	k ɚ k
متره	m t r h
یوازې	y o a z e
لاړو	l a r o
وزله	w z l h
استراحتسره	a s t r a h t s r h
ککړونکي	k k ɚ o n k i
طرف	t r f
شهزادګۍ	s h z a d g e
موند	m o n d
معلومه	m a l o m h
وشي	w s i
تجربې	t j r b e
غونډیو	ɣ o n d i o
وړی	w r i
کېیی	k e i i
لښتي	l x t i
غواړو	ɣ o a r o
خلکو	x l k o
غاړې	ɣ a r e
توازنیی	t o a z n i i
پوهېږې	p o h e ʐ e
والونه	w a l o n h
است	a s t
یمزه	y m z h
هنرونو	h n r o n o
وويل	w o i l
وصیت	w s i t
رسیږي	r s i ʐ i
تنظیموي	t n z i m o i
وړلی	w r l i
دیچی	d i c i
سیوري	s i o r i
ډولونه	ɖ o l o n h
وټاکي	w ʈ a k i
مخالفت	m x a l f t
معاینه	m a y n h
سو	s o
پرلپسی	p r l p s i
ساعته	s a a t h
خولې	x o l e
اشاره	a s a r h
ورسیده	w r s i d h
ساتونکو	s a t o n k o
دویده	d o i d h
شاګردانو	s a ɡ r d a n o
احمد	ɑ ħ m ə d
اواز	ɑ w ɑ z
سترګې	s ə t ə r ɡ e
زیاتې	z i j ɑ t e
بریالۍ	b r ɪ j ɑ l ə i
ورزشته	w ə r ʒ ʃ t ə
نېغه	n ə ɣ ə
بيه	b i j e
هیڅکله	h ɪ ʈ ʂ k ə l ə
اشخاصو	ɑ ʃ x ɑ s ə w
سیمه	s ɪ m ə
سوداګر	s u d ɑ ɡ ə r
ماشی	m ɑ ʃ i
روبوټیو	r u b ə ʈ i o
اوښسپورچی	ɑ w x s ə p ə r t ʃ i
کتلرامين	k ə t ə l ə r ɑ m i n
ډریور	ɖ r ɪ j ə r
ستونزو	s ə t u n z ə w
تیر	t i r
ورځې	w ə r ʒ e
موندلو	m u n d ə l ə w
پایله	p ɑ j l ə
سلطنت	s ə l t ə n ə t
مرغان	m ə r ɣ ɑ n
حل	h ə l
غنمبه	ɣ n ə m b ə
کرنې	k ə r n ə i
سیمې	s ɪ m e
هوښیار	h ə w x i ɑ r
خدمتګارانې	x ə d ə m t ɡ ɑ r ɑ n e
میوې	m i w e
واده	w ɑ d ə
داد	d ɑ d
آسانۍ	ɑ s ɑ n ə i
وويلهو	w ə w i l ə h ə w
خوري	x ə w r i
ځایونه	ʒ ɑ j ə w ə n ə
لږوو	l ə ʒ ə w
وڅښي	w ə ʈ ʂ ə x i
وګوره	w ə ɡ u r ə
فرانسوي	f ə r ɑ n s ə w i
روبوټونه	r u b ə ʈ ə w ə n ə
اثر	ɑ s ə r
ټوکو	ʈ ə w k o
ګڼي	ɡ ə ɲ i
جدي	ʤ ə d i
یوسي	j u s i
فابریکو	f ɑ b r ɪ k o
ماو	m ɑ w
ابی	ɑ b i
رسولی	r ə s u l i
ساتئ	s ɑ t e
انصاف	ɑ n s ɑ f
ژمي	ʒ ə m i
پښیمانه	p ə x i m ɑ n ə
تخمونه	t ə x m u n ə
دانو	d ɑ n o
خوښي	x o ʂ i
کولومیتود	k o l o m i t o d
ورځي	w o r ʒ i
اړتیاد	ɑ r t i ɑ d
معلومه	m ɑ l u m ə
مر	m ə r
زهرا	z ə h r ɑ
ملګري	m ə l ɡ r i
خپله	x p ə l ə
بدنروغ	b ə d n r o ɣ
مشه	m ə ʂ ə
لنډ	l ə n ʈ
خل	x ə l
غورځولې	ɣ o r ʒ o l e
شیدې	ʃ i d e
پاککیدی	p ɑ k k i d i
ډبلده	ɖ b ə l d ə h
استراحت	ɑ s t r ɑ h ə t
زموږګرانې	z ə m o ʒ ɡ r ɑ n e
تبا	t ə b ɑ
رت	r ə t
ځکمی	ʈʂ k ə m i
دروغویلو	d ə r o ɣ o i l o
موقعیت	m o q ɑ i t
مایوسۍ	m ɑ j u s ə i
سرو	s ə r o
زیاتوي	z i ɑ t o i
مګردا	m ɡ r ə d ɑ
ښکلیدیزه	x k ə l i d i z ə
غمونه	ɣ ə m u n ə
ټینګار	ʈ i n ɡ ɑ r
کوټې	k o ʈ e
عقل	ɑ q l
لیدلې	l i d ə l e
کیله	k i l ə
ځله	ʈʂ l ə
ټاکلې	ʈ ɑ k ə l e
غوړ	ɣ o r
باغته	b ɑ ɣ t ə
ملکه	m ə l k ə
ګواښوي	ɡ w ɑ ʂ o i
سرچینو	s ə r tʃ i n o
نوم	n o m
زهرجندی	z ə h r ʤ ə n d i
نفرت	n ə f r ə t
لرګیو	l ə r ɡ i w
لمریز	l ə m r i z
مارکیټ	m ɑ r k i ʈ
رسوي	r ə s w i
حجم	ħ ə ʤ m
خوزه	x w o z ə
آرام	ɑ r ɑ m
نیسي	n i s i
لمردی	l ə m r ə d i
ورسره	w ə r s r ə
دماغکې	d ə m ɑ ɣ k e
ټاکلي	ʈ ɑ k l i
دولتلیواله	d o l t l i w ɑ l ə
داسطل	d ɑ s t ə l
تصفیه	t ə s f i h ə
قوماندانییر	q w m ɑ n d ɑ n i j r
پدیده	p ə d i d ə h ə
مستعمری	m ə s t ʕ m ə r i
داتمو	d ɑ t m w
سړي	s ə ɽ i
کوئ	k w ɑ i
اوښسپورچی	ɑ w x s p o r t͡ʃ i
سړییم	s ə ɽ i j m
ډا	ɖ ɑ
شنو	ʃ n w
خوخرغمجن	x w x r ɣ m ʤ n
ځنګلونو	ʣ ə ŋ g l w n w
خرسبیا	x r s b i ɑ
کاغذ	k ɑ ɣ ð
سورپوستکي	s w r p w s t k i
واخیستلاړل	w ɑ x i s t l ɑ ɽ l
کاره	k ɑ r ə h
دوو	d w w
اوښانه	ɑ w x ɑ n ə
الرګي	ɑ l r ɡ i
موټرو	m w ʈ r w
یاد	j ɑ d
شوني	ʃ w n i
ساعتونو	s ɑ ʕ t w n w
خطبقه	x t b q ə h
خوب	x w b
ګران	ɡ r ɑ n
آیاښوونځي	ɑ j ɑ x w w n ʣ i
اړینه	ɑ ɽ i n ə h
وساتی	w s ɑ t i
لویانو	l w j ɑ n w
داد	d ɑ d
کلمبیا	k l m b i ɑ
کړې	k ə ɽ e
آسونو	ɑ s u n o
زیانونه	z i ɑ n o n a
لوردر	l o r d ə r
نهییو	n ə h i j o
درزونه	d ə r z o n a
ډکتاج	ɖ k t ɑ ʤ
وینې	w i n e
خوخرغمجن	x o x r ɣ m ʤ n
حوضپوری	ħ o s p o r i
دالتهاب	d ɑ l t ə h ɑ b
ماهم	m ɑ h m
دښته	d ʂ t ə
ګولساتونکی	ɡ o l s ɑ t o n k i
ځواب	ʣ w ɑ b
مابیا	m ɑ b i ɑ
کافیی	k ɑ f i j
زیور	z i j o r
کوټې	k o ʈ e
ښوونه	ʂ o w n a
ځینې	ʣ i n e
ګاونډیولید	ɡ ɑ w n ɖ i o l i d
روبوټونه	r o b o ʈ o n a
يوازېتو	j o ɑ z e t o
چاپیریال	t͡ʃ ɑ p i r i ɑ l
شور	ʃ o r
ونشي	w n ʃ i
ساینسپوهانو	s ɑ i n s p o h ɑ n o
اندازه	ɑ n d ɑ z a
شاته	ʃ ɑ t ə
شیشې	ʃ i ʃ e
لنډ	l n ɖ
یوهلښته	j o h l ʂ t ə
کو	k o
روښانه	r o ʂ ɑ n a
مطلب	m ə t̪ l ə b
پټي	p ʈ i
داتمو	d ɑ t m o
شانراست	ʃ ɑ n r ɑ s t
غوښتونکی	ɣ o ʂ t o n k i
خنډ	x n ɖ
حبوباتو	ħ b o b ɑ t o
غرمې	ɣ r m e
سورپوستکي	s o r p o s t k i
وصیت	w ə s i t
وټاکي	w ʈ ɑ k i
خوښۍ	x o ʂ ə i
پنجره	p n ʤ r a
بحر	b ħ r
اغوستې	ɑ ɣ o s t e
ځانګړي	ʐ ɑ n ɡ ə r i
تللو	t ə l l o
بلې	b ə l e
پاککیدی	p ɑ k k i d i
څیړنې	ʂ i r n e
ډاډ	ɖ ɑ ɖ
زیانمنوي	z i ɑ n m ə n o w i
بکس	b ə k s
اې	a e
شوني	ʃ o w n i
راوړه	r ɑ w ɽ a
ټولنیزه	ʈ o l n i z a
ناڅاپه	n ɑ ʂ ɑ p a
هڅو	h ə ʂ o
ښارونه	x ɑ r o n a
کریم	k r i m
ونیول	w ə n i o l
دادی	d ɑ d i
زهرجن	z ə h r j ə n
یمزه	j ə m z a
آسولید	ɑ s o l i d
راننوتې	r ɑ n n o t e
انتقال	ɑ n t ɪ q ɑ l
ګورې	ɡ o r e
وضاحت	w ə z ɑ h ə t
کاله	k ɑ l a
نولسمې	n o l s ə m e
کثافات	k ə s ɑ f ɑ t
کېدای	k e d ɑ j
بابل	b ɑ b ə l
شهزادګۍ	ʃ ə h z ɑ d ɡ e
نخ	n ə x
وړلو	w ə r l o
وده	w ə d a
وړئ	w ə r ə j
زړونو	z ə r o n o
شدت	ʃ ə d ə t
هرصورت	h ə r s u r ə t
طباوانجینرۍ	t ə b ɑ w ɑ n j i n ə r e
وکتل	w ə k t ə l
ورکړل	w ə r k ɽ ə l
ډکتاج	ɖ ə k t ɑ j
نشو	n ə ʃ o
ملګريه	m ə l ɡ ə r i a
بوین	b o w i n
اوښسپورچی	o x s p o r t͡ʃ i
باکتریا	b ɑ k t ə r i ɑ
ګاونډ	ɡ ɑ w n ɖ
ګۍ	ɡ e
برابره	b r ɑ b ə r a
نېښ	n ɛ x
پاککیدی	p ɑ k k i d i
ناوړه	n ɑ w ɽ ə
څرخی	ʦ ə r x i
حیواناتو	ħ i w ɑ n ɑ t o
غوړ	ɣ o ɽ
ډای	ɖ ɑ i
دشګو	d ʂ ɡ o
وخه	w x ə
معاشونه	m ʕ ɑ ʃ o n ə
اوږدو	ɑ w ʒ d o
ننوست	n n o s t
وکړ	w k ɽ
اوریدلو	ɑ w r i d l o
موند	m o n d
لکه	l k ə
پاڅیدم	p ɑ ʦ i d m
ارما	ɑ r m ɑ
والي	w ɑ l i
زامنر	z ɑ m n ə r
تعقیبکړه	t ʕ ɑ q i b k ɽ ə
نظر	n ʕ ə r
هیل	h i l
هګیو	h ɡ i o
تاوتریخجنټکونه	t ɑ w t r i x d͡ʒ n ʈ k o n ə
له	l ə
وکړم	w k ɽ m
خولی	x o l i
دماغکې	d m ɑ ɣ k e
ویلد	w i l d
نمرکزونو	n m r k z o n o
انصاف	ɑ n ʂ ɑ f
وخندل	w x n d l
تبا	t b ɑ
وه	w ə
سورپوستکي	s o r p o s t k i
نیمه	n i m ə
لوڼو	l o ɳ o
داتمو	d ɑ t m o
خوبۍ	x o b ə i
سو	s o
ګلانو	ɡ l ɑ n o
اکسیجن	ɑ k s i d͡ʒ n
چاره	t͡ʃ ɑ r ə
خوبڅخه	x o b ʦ x ə
زمااندازه	z m ɑ ɑ n d ɑ z ə
تخمونه	t x m o n ə
آزاد	ɑ z ɑ d
واخلم	w ɑ x l m
یوازې	j o ɑ z e
درزونه	d ə r z u n ə
ويورکې	w i j o r k e
واخلي	w ɑ x l i
نجونې	n ə d͡ʒ u n e
شیه	ʃ i h
حیواناتو	x i w ɑ n ɑ t o
ورزشته	w o r z ʃ t ə
اندېښمن	ɑ n d e x m ə n
غوښتنې	ɣ o x t ə n e
سی	s i
دروغویل	d ə r o ɣ o w i l
نومونو	n o m u n o
غنمو	ɣ n ə m o
مراجعه	m ə r ɑ d͡ʒ ɑ ə h
کمښت	k ə m x t
وياړي	w i j ɑ ɽ i
پوهیدم	p o h i d ə m
خوزه	x o z ə
ګرمدیځ	ɡ ə r m d i ʐ
سلطنت	s ə l t̪ n ə t
ویلد	w i l d
غونډیو	ɣ o n ɖ i o
شاګردانو	ʃ ɑ ɡ ə r d ɑ n o
ضایع	z ɑ i ə ʕ
هره	h ə r ə
درجې	d ə r d͡ʒ e
ترمنځ	t ə r m ə n ʐ
ایازه	i j ɑ z ə
راولې	r ɑ w ə l e
مهربانه	m ə h r ə b ɑ n ə
واټن	w ɑ t̪ n
تودوخې	t o d o x e
آزاد	ɑ z ɑ d
راښکته	r ɑ x k ə t ə
مدیر	m ə d i r
کوزې	k o z e
رسیدلی	r ə s i d ə l i
کمپیوټر	k ə m p i j u t̪ ə r
اوربشې	o r b ə ʃ e
څیرې	t͡s i r e
خوبي	x o b i
پوهې	p o h e
کوچنیڅ	k o t͡ʃ n i t͡s
پراخې	p r ɑ x e
سمنټو	s ə m ə n t o
تولیدیدل	t o l i d i d ə l
سبزي	s ə b z i
نولسمې	n o l s ə m e
شا	ʃ ɑ
تقویمونه	t ə q w i m u n ə
مسموم	m ə s m u m
خوامې	x w ɑ m e
شمسي	ʃ m ʂ i
اونا	ɑ w n ɑ
ړنګې	ɽ n ɡ e
ټولو	ʈ o l o
فاطمې	f ɑ t̪ m e
افریقایي	ɑ f r i q ɑ j i
کیلومتره	k i l o m t̪ r e
نصیحت	n ʂ i h t̪
پایه	p ɑ j e
دوبي	d̪ o b i
دواړه	d̪ o ɑ ɽ e
شته	ʃ t̪ e
انسانانو	ɑ n s ɑ n ɑ n o
اندېښمن	ɑ n d̪ e x m n
ورشي	w r ʂ i
کلمګ	k l m ɡ
میزکې	m i z k e
سبزيجاتو	s b z i d͡ʒ ɑ t̪ o
پاکوونکو	p ɑ k o w n k o
واخلي	w ɑ x l i
ښځې	x ʈʂ e
دروغویلو	d̪ r o ɣ o w i l o
توان	t̪ o ɑ n
مېوه	m e w e
څود	ʂ o d̪
چیر	t͡ʃ i r
کیږي	k i ʂ i
پوستکي	p o s t̪ k i
وایم	w ɑ j m
امن	ɑ m n
ماهم	m ɑ h m
کوچني	k o t͡ʃ n i
خرسبیا	x r s b i ɑ
خوبه	x o b e
قومن	q o m n
خوشې	x o ʂ e
ایستلو	ɑ j s t̪ l o
سورخالو	s o r x ɑ l o
دریم	d̪ r i m
مې	m e
وکاروي	w k ɑ r o w i
موندلو	m o n d̪ l o
توګه	t̪ o ɡ e
حکیم	h k i m
مرغان	m r ɣ ɑ n
استراحتسره	ɑ s t̪ r ɑ h t̪ s r e
نښتل	n x t̪ l
نخ	n x
معاشونه	m ʕ ɑ ʃ u n ə
تند	t ə n d
تنفسي	t ə n f s i
اوارخطاوه	ɑ w ɑ r x t ɑ w ə
ورشي	w ə r ʃ i
کېدای	k e d ɑ i
زیرمه	z i r m ə
ننه	n ə n ə
لامل	l ɑ m ə l
جهيل	d͡ʒ ə h i l
خړوبیږي	x ɻ u b i ʐ i
پایلوڅخه	p ɑ i l u t͡s x ə
ټول	t̪ o l
هغو	h ə ɣ o
اعلان	ɑ ʕ l ɑ n
کرل	k ə r ə l
حبشې	h ə b ʃ e
ووایم	w o ɑ i m
دریم	d ə r i m
ژره	ʐ ə r ə
مل	m ə l
نېښو	n e x o
ډېره	ɖ e r ə
ستنه	s t ə n ə
دوام	d o ɑ m
پاڅېده	p ɑ t͡s e d ə
درلودله	d ə r l u d ə l ə
اوویې	ɑ w o v e
وپوښت	w ə p o x t
کړئیا	k ɻ ʔ i ɑ
آرام	ɑ r ɑ m
صنایعو	s n ɑ j ʕ o
واخیستلاړل	w ɑ x i s t l ɑ r ə l
آسولید	ɑ s o l i d
خردرلود	x ə r d ə r l u d
واټن	w ɑ t̪ n
لښتو	l ə x t o
ایښودل	ɑ i x u d ə l
کیمیاوي	k i m i ɑ w i
لاړل	l ɑ r ə l
باور	b ɑ w ə r
الصحه	ɑ l s ʕ h ə
څارویو	t͡s ɑ r o v i o
کوې	k o e
وروورو	w ə r o w ə r o
ډکدی	ɖ k ə d i
معدې	m ʕ ə d e
خپور	x ə p o r
جوړې	d͡ʒ o r e
بیا	b i ɑ
زیرکۍ	z iː r k ə
پکې	p ə k e
دب	d ə b
واټن	w ɑ t ə n
حسکوونکی	h ə s k uː w ə n k i
معمولاًاغوندي	m ʕ ə m uː l ɑ ɣ uː n d i
یوتږی	j u t ʂ i
خوه	x w ə h
هل	h ə l
مشر	m ə ʃ r
اوسې	ɑ w s e
غلوله	ɣ l uː l ə
والونه	w ɑ l uː n ə
اود	ɑ u d
کثافا	k ʂ ɑ f ɑ
پنجره	p ə n d͡ʒ r ə h
وروڼو	w ə r uː n uː
ویرهیی	w iː r ə h iː
قطارونو	q t ɑː r uː n uː
لمریز	l ə m r iː z
سپیو	s p iː w
نڅا	n ʂ ɑ
درجې	d ə r d͡ʒ e
مسموم	m ə s m uː m
شاته	ʃ ɑː t ə h
ترتیب	t ə r t iː b
سمیر	s m iː r
شهزادګۍ	ʃ ə h z ɑː d ɡ ə
صنعتونو	ʂ n ʕ t uː n uː
خړه	x r ə h
راوړې	r ɑ w r ə
آسته	ɑː s t ə h
مصرف	m ʂ r f
قانون	q ɑː n uː n
مات	m ɑː t
بلکانټینر	b l k ɑː n t iː n r
ډډه	ɖ ɖ ə h
مخهو	m x w
سمیرا	s m iː r ɑ
يوهنخيتار	j u h n x iː t ɑː r
دلیلونه	d l iː l uː n ə
حللار	h l l ɑː r
غاړې	ɣ ɑː r ə
توازن	t w ɑː z n
پوښتلڅه	p w x t l ʂ ə h
درنده	d r n d ə h
شا	ʃ ɑː
نوکرانو	n w k r ɑː n uː
لرونکی	l r uː n k i
لوري	l uː r i
تیریږي	t̪ i r i ʐ i
اسانه	a s ɑ n a
بابد	b ɑ b d̪
خبره	x b ə r a
عدني	ʕ d̪ n i
کړک	k ɻ k
زمانېښد	z m ɑ n e x d̪
ډاډ	ɖ ɑ ɖ
دهلیزو	d̪ a h l i z o
خپګان	x p ɡ ɑ n
غنماو	ɣ n m ɑ w
خوري	x o r i
واخلئ	w ɑ x l ʔ
دبولو	d̪ b o l o
هغوی	h ɣ o i
خولی	x o l i
راغلی	r ɑ ɣ l i
انتظار	a n t̪ ʕ ɑ r
تازه	t ɑ z a
خانو	x ɑ n o
ورکولو	w o r k o l o
روغتیا	r o ɣ t i ɑ
ځانه	ʐ ɑ n a
سودا	s o d̪ ɑ
کېښودې	k e x o d e
وویو	w o i o
آزادول	ɑ z ɑ d̪ o l
ويل	w i l
چونګښې	t͡ʃ o ŋ x e
وړاندې	w ɻ ɑ n d e
هرصورت	h ə r s u r t̪
تند	t̪ n d̪
نېغه	n e ɣ a
کورنه	k o r n a
نشي	n ʃ i
پلورونکي	p l o r o n k i
وویلدا	w o i l d̪ ɑ
وکاروي	w o k ɑ r o i
ماشی	m ɑ ʃ i
یادیږی	j ɑ d i ʐ i
کوشلرغونی	k o ʃ l ə r ɣ o n i
هل	h ə l
تاسورښتونیوی	t ɑ s o r x t̪ o n i o i
امرونوان	a m r o n o ɑ n
ماشین	m ɑ ʃ i n
مخه	m x a
منلو	m n l o
شاګردانو	ʃ ɑ ɡ r d̪ ɑ n o
حیواناتو	h j w ɑ n ɑ t̪ o
تولید	t̪ o l i d̪
وضاحت	w ə d͡z ɑː h ə t
غوږونه	ɣ o ʐ o n a
وړه	w ɾ a
غورځولې	ɣ o ɾ ʐ o l e
ګۍ	ɡ e
کمزوری	k ə m z o ɾ i
ناورین	n ɑ w ɾ iː n
وموندلې	w ə m o n d l e
غله	ɣ l a
مرغۍ	m ɾ ɣ e
کبانو	k b ɑ n o
کرون	k ɾ o n
ښخو	x x o
پراخې	p ɾ ɑː x e
نهو	n h o
مصرتمدن	m ə s ɾ t ə m d ə n
بلې	b l e
زمانېښد	z ə m ɑː n e x d
ریما	ɾ iː m ɑ
لیکچر	l iː k t͡ʃ ɾ
ژر	ʐ ɾ
زامنود	z ɑː m n o d
څو	t͡s o
مشهور	m ʃ h o ɾ
اوسسطل	ɑ w s s t l
ساري	s ɑː ɾ i
برې	b ɾ e
وزن	w z n
انسان	ɑ n s ɑː n
موافقه	m o ɑ f ɪ q a
لاړې	l ɑː ɾ e
لهشکه	l h ʃ k a
ورځده	w ɾ z d a
شونیه	ʃ o n iː a
سلطنت	s ə l t ə n ə t
اوښبار	ɑ w x b ɑː ɾ
ریښتیا	ɾ iː x t iː ɑ
ماښامه	m ɑː x ɑː m a
توان	t o ɑ n
هیوادونه	h iː w ɑ d o n a
غونډیو	ɣ o n ɖ iː o
ګول	ɡ o l
زیرکۍ	z iː ɾ k e
خوښبوی	x o x b o i
ډا	ɖ ɑ
پوهیږم	p o h iː ʐ m
پیښه	p iː x a
سبب	s ə b b
ګړند	ɡ ə ɾ n d
سندرې	s ə n d ɾ e
لاسه	l ɑ s ə
ناروغ	n ɑ r o ɣ
اسانۍ	ɑ s ɑ n ə i̯
راته	r ɑ t ə
شدی	ʃ d i
لید	l i d
کسوویلزه	k s o w i l z ə
اوږ	o ʐ
وغوښتل	w ɣ o x t ə l
شګو	ʃ ɡ o
ویلزه	w i l z ə
حزه	ħ z ə
شیان	ʃ i ɑ n
توازنیی	t o ɑ z n i i
بوی	b o i
رامینځته	r ɑ m i n ʐ t ə
ډاډ	ɖ ɑ ɖ
باټیک	b ɑ ʈ i k
کافی	k ɑ f i
صنایعو	ʂ n ɑ i̯ ʕ o
مواد	m o ɑ d
شو	ʃ o
زوړ	z o ɻ
ورکړحمي	w o r k ɻ ħ m i
نن	n ə n
خويندو	x w i n d o
شدت	ʃ d t
پوهان	p o h ɑ n
ترسره	t r s r ə
هڅې	h ʂ ə i̯
نیمه	n i m ə
کیدای	k i d ɑ i
مۍ	m ə i̯
مودې	m o d ə i̯
مرغۍ	m r ɣ ə i̯
یخپوښول	i x p o x o l
سورخالو	s o r x ɑ l o
زیاتکوی	z i ɑ t k o i
ژغورلې	ʐ ɣ o r l ə i̯
هیرنکړو	h i r n k ɻ o
پیغام	p i ɣ ɑ m
دملکې	d m l k ə i̯
ځړول	ʐ ɻ o l
اورېدلو	o r ə i̯ d l o
خورئ	x o r ʔ
وړل	w ɻ l
ګډوډ	ɡ ɖ o ɖ
مالکینو	m ɑ l k i n o
دار	d ɑ r
هاضمې	h ɑ ʕ m ə i̯
زیانمنوي	z i ɑ n m ə n o w i
خوراکي	x o r ɑ k i
غونډیو	ɣ o n ɖ i o
هڅې	h ə t͡s e
بدبختي	b ə d b x t i
خوښۍ	x o ʂ e
ورڅخه	w o r t͡s x ə
وختي	w o x t i
خپلک	x p ə l k
ښاد	ʂ ɑ d
سبزيجاتو	s ə b z i d͡ʒ ɑ t o
غور	ɣ o r
راوړي	r ɑ w ɽ i
هرصورت	h ə r s o r t
هرکله	h ə r k ə l ə
ګڼي	ɡ ə ɳ i
نجونې	n ə d͡ʒ o n e
وخو	w o x o
یوربشې	j o r b ə ʂ e
وزن	w o z n
واټن	w ɑ t n
ورځو	w o r ʐ o
رسېدل	r ə s e d ə l
وشي	w o ʂ i
ییه	j i ə
نوخر	n o x ə r
کوونکی	k o w ə n k i
رسیدلی	r ə s i d ə l i
نېښ	n e ʂ
سیمې	s i m e
اوویې	ɑ w o w i e
ياله	j ɑ l ə
وکولای	w o k o l ɑ j
شک	ʃ ə k
ککړونکي	k ə k ɽ o n k i
رامين	r ɑ m i n
پوستکی	p o s t k i
وایي	w ɑ j i
خپلو	x p ə l o
می	m i
نش	n ə ʂ
راولي	r ɑ w ə l i
هوښیارییب	h o ʂ j ɑ r i j b
ولاړیم	w o l ɑ ɽ i m
زیانونو	z i ɑ n o n o
درېيمه	d ə r e j m ə
ډیری	ɖ i r i
ویښته	w i ʂ t ə
زیرمه	z i r m ə
والونه	w ɑ l o n ə
بارکړم	b ɑː r k ɹ ə m
ویښتهیی	w iː ʂ t ə h iː
پوستکی	p uː s t k iː
موټرد	m oː ʈ r d
زیانهم	z iː ɑː n ə h m
كوي	k oː iː
بکس	b k s
کړیوه	k ɹ iː oː h ə
خړه	x ɹ ə
ولري	w oː l r iː
تقویمونه	t ɑː q w iː m uː n ə
فضا	f ɖ ɑː
څرخیدو	ʂ r x iː d oː
ويې	w iː ə
شکر	ʂ k r
چیغه	tʃ iː ɣ ə
اوسسطل	oː s s ʈ l
مۍ	m ə iː
اوړي	oː ɽ iː
اسانۍ	ɑː s ɑː n ə iː
دواړه	d oː ɑː ɽ ə
همتوانیدلي	h m t oː ɑː n iː d l iː
ننوست	n n oː s t
سمد	s m d
کان	k ɑː n
کړئیا	k ɹ ə iː ɑː
نوخر	n oː x r
ټوکو	ʈ oː k oː
ترلاسه	t r l ɑː s ə
ساتونکی	s ɑː t oː n k iː
دښته	d ʂ t ə
ډاډ	ɖ ɑː ɖ
اويو	oː iː oː
سروه	s r oː h ə
خبرد	x b r d
خورا	x oː r ɑː
بحر	b h r
موقعیت	m oː q ɑː ʕ iː t
اخیست	ɑː x iː s t
هوي	h oː iː
اپارتمان	ɑː p ɑː r t m ɑː n
سپي	s p iː
سترطبیب	s t r ʈ b iː b
لوري	l oː r iː
ډکه	ɖ k ə
راټولیږي	r ɑː ʈ oː l iː ʐ iː
مطالعه	m ʈ ɑː l ʕ ə
لهشکه	l h ʂ k ə
مصرف	m ʂ r f
چیو	tʃ iː oː
غوږونه	ɣ w ʐ w n ə
نهغوالرم	n ə ɣ w ɑ l r ə m
توګه	t w ɡ ə
نولسمې	n w l s ə m e
هوايي	h w ɑ j i
واورید	w ɑ w r i d
ګران	ɡ r ɑ n
دقیق	d ə q i q
خرسیو	x r s i w
دماتولو	d m ɑ t w l w
دروبوټ	d r w b w ʈ
مورې	m w r e
عرب	ʕ r b
وویل	w w i l
څنګه	ʈ͡s n ɡ ə
رامين	r ɑ m i n
خوښشوم	x w ʂ w m
خوري	x w r i
پراخه	p r ɑ x ə
اص	ɑ s
پاڅیدم	p ɑ ʈ͡s i d ə m
وګورم	w ɡ w r ə m
نظر	n ə z r
ديار	d i ɑ r
لارۍ	l ɑ r ə i
لاړل	l ɑ r ə l
رنګونه	r n ɡ w n ə
تیږو	t i ʐ w
بچیانو	b ʈ͡ʃ i ɑ n w
بکس	b ə k s
طر	ʈ r
اوربشې	ɑ w r b ʂ e
تښتید	t ʂ t i d
اوسیدونکو	ɑ w s i d w n k w
آزادول	ɑ z ɑ d w l
کېږ	k e ʐ
بیاګلختمي	b i ɑ ɡ l x t ə m i
تقریبا	t ə q r i b ɑ
زوئلا	z w ə l ɑ
رسېږئ	r s e ʐ ə i
نشئ	n ʂ ə i
مطلب	m ə t̪ l ə b
زوړ	z w r
سیمې	s i m e
سبب	s ə b ə b
شمسي	ʂ m s i
کمولو	k m w l w
طریقه	ʈ r i q ə
اپارتمان	ɑ p ɑ r t ə m ɑ n
غن	ɣ n
کثافات	k ə s ɑ f ɑ t
خو	x o
شاګردانو	ʃ ɑ ɡ r d ɑ n o
تو	t o
پیروي	p i r o i
کښتاندونیزیا	k ə t ɑ n d o n i z i ɑ
ګوره	ɡ o r a
شی	ʃ i
سمبال	s ə m b ɑ l
ساتونکو	s ɑ t o n k o
پر	p r
ناروغۍ	n ɑ r o ɣ ə i
اوښسپورو	ɑ w ə x s p o r o
واړ	w ɑ ɽ
رسولی	r s o l i
وېرېږم	w e r e ʐ m
ناوړه	n ɑ w ɽ a
وویو	w o i o
زهرجن	z a h r ɟ n
تیروي	t i r o i
بند	b ə n d
فعالوي	f ʕ ɑ l o i
مهربانه	m a h r b ɑ n a
لخوا	l x o ɑ
پوښل	p o ʂ l
حوضڅخه	ħ o ʈ͡s ə x a
اپریکړه	ɑ p r i k ɽ a
خوبه	x o b a
ویج	w i ʤ
بابل	b ɑ b l
خپلک	x p ə l k
بیا۵	b i ɑ 5
خپروي	x p r o i
اثر	ʔ ə s r
یوسف	i o s f
نشوه	n ʃ o a
بیرته	b i r t a
كوي	k o i
وويل	w o i l
مینځ	m i n ʈ͡s
اوښاوخره	ɑ w ə x ɑ w x r a
غنمو	ɣ n m o
ساینس	s ɑ i n s
ډکه	ɖ k a
مشرانو	m ʃ r ɑ n o
روبوټونه	r o b o ʈ o n a
حیوانات	ħ i w ɑ n ɑ t
موادو	m o ɑ d o
شم	ʃ m
وکړی	w k ɽ i
زرګونو	z ə r ɡ u n o
ووایم	w o ɑ j m
توازن	t o ɑ z n
ترشا	t ə r ʃ ɑ
رنګونه	r ə ŋ ɡ u n ə
تږییی	t ʐ i j i
مسله	m ə s l ə
لکهګرم	l ə k ə ɡ r m
ورسیږي	w ə r s i ʐ i
شرکت	ʃ ə r k ə t
خل	x ə l
عمر	ʕ u m r
لاړې	l ɑ r ə
اوورته	ɑ w o r t ə
پاککړئ	p ɑ k k ə r ʔ
دریم	d ə r i m
اوسیدونکو	ɑ w s i d u n k o
ډولهمېږيان	ɖ o l ə m ʐ i ɑ n
ریس	r i s
خوښشوم	x w ɔ ʂ w o m
وياړي	w i ɑ r i
غوښتنه	ɣ w ɔ x t ə n ə
خرسونو	x ə r s u n o
ولاړیم	w ə l ɑ r i m
حللاره	ħ ə l l ɑ r ə
موټر	m o ʈ r
څاروی	ʂ ɑ r w i
ماشین	m ɑ ʃ i n
ډبرو	ɖ b ə r o
مترو	m ə t r o
سپینې	s p i n ə
کوه	k o h
مخامخ	m ə x ɑ m x
کوونکې	k o w u n k ə
حجم	ħ ə d͡ʒ m
وويلهو	w o w i l ə h o
کولوومور	k o l o w o m o r
شکایت	ʃ k ɑ j ə t
موټرد	m o ʈ r d
خپله	x p ə l ə
ډیرو	ɖ i r o
غږواورېد	ɣ ʐ o ɑ w ə r ə d
لوري	l o r i
ښاد	x ɑ d
هرڅه	h ə r ʂ ə
کړکۍ	k ə r k ə j
پخپله	p ə x p ə l ə
کو	k o
ډل	ɖ l
ځړول	ʐ ə r o l
زیانهم	z i ɑ n ə h m
بوتله	b u t ə l ə
کړل	k ɻ ə l
روحدې	r o ʊ h d e
قوماندانییر	q o m ɑ n d ɑ n i j i r
لاملکیدی	l ɑ m ə l k i d i
زیاتوي	z i ɑ t o w i
پوهیږي	p o h i ʐ i
کونج	k o u n d͡ʒ
پراخې	p r ɑ x e
لګولو	l ɡ o l o
سوځولو	s o ʐ o l o
ګړندي	ɡ ɻ n d i
کارولو	k ɑ r o l o
هلکغمجنشو	h ə l k ɣ m d͡ʒ n ʃ o
ولاړ	w o l ɑ ɻ
ورزشته	w o r z ʃ t ə
ولېږل	w o l e ʐ l
اړتیا	ɑ ɻ t i ɑ
نېغه	n e ɣ ə
کوونکی	k o w o n k i
ګاډۍ	ɡ ɑ ɖ e
نجونې	n d͡ʒ o u n e
لوبډلو	l o b ɖ l o
مدیریت	m ə d i r i t
سوکالۍ	s o k ɑ l e
ټولګي	ʈ o l ɡ i
کنګل	k n ɡ l
واورې	w ɑ o r e
سلطنت	s ə l t̪ n ə t
حشره	h ʃ r ə
بیر	b i r
وړلی	w ɻ l i
شکل	ʃ k ə l
بلانور	b l ɑ n o r
مهارت	m h ɑ r t
زیرمه	z i r m ə
څښي	ʈ͡ʂ ə x i
اواقع	o w ɑ q ɛ ʕ
كوي	k o w i
اواز	o w ɑ z
مليکنه	m ə l i k n ə
شک	ʃ k
کېږيو	k e ʐ i o
وفا	w f ɑ
کوي	k o w i
لوړې	l o ɻ e
ټولد	ʈ o l d
ستونزې	s t o u n z e
شرمیده	ʃ ə r m i d ə
خاندي	x ɑ n d i
خپګان	x p ɣ ɑ n
جن	d͡ʒ ɑ n
رسولی	r ə s u l i
کیند	k i n d
سړکونو	s ɻ k u n o
خواږو	x w ɑ ʐ o
خواړه	x w ɑ ɻ a
روښانه	r o x ɑ n a
پاچاهۍ	p ɑ t͡ʃ ɑ h ə i
دواړه	d w ɑ ɻ a
بارکړم	b ɑ r k ɻ m
خل	x ə l
حمامیا	ħ m ɑ m i ɑ
سندرې	s n d r e
مسله	m s l a
نومونو	n o m u n o
کیمیاوی	k i m i ɑ w i
عادت	ʕ ɑ d ə t
شیانو	ʃ i ɑ n o
کوڅې	k o t͡s e
امر	ɑ m r
نښه	n x a
کښت	k x t
مې	m e
اخلي	ɑ x l i
زوړ	z o ɻ
وکتل	w k t ə l
شپه	ʃ p a
دولتلیواله	d o l t l i w ɑ l a
موده	m o d a
بیلګه	b i l ɡ a
بکس	b k s
کیښودل	k i x o d ə l
افرادو	ɑ f r ɑ d o
راوړه	r ɑ w ɻ a
بزګرې	b z ɡ r e
اورید	ɑ w r i d
ځلانده	t͡s l ɑ n d a
ورشي	w r ʃ i
کس	k ə s
وټاکي	w t ɑ k i
بیاګلختمي	b i ɑ ɡ l x t m i
نولسمې	n o l s m e
خوبه	x o b a
لرغوني	l r ɣ u n i
خدمتګار	x d m t ɡ ɑ r
زیان	z i ɑ n
همت	h ə m t
اوښسپورچی	ɑ w x s p o r t͡ʃ i
ورکړ	w ɔ r k ɔ ɻ
ودانۍ	w ɔ d ɑː n ə i
کوې	k ʊ ə i
شو	ʃ ʊ
شکلو	ʃ ʊ k l ʊ
سندرې	s ʊ n d r ə i
ککړونکي	k ʊ k ɔ ɻ ʊ n k i
اغیزمنه	ɑ ɣ i z m ʊ n ə
پروا	p r ʊ w ɑ
هوښيارزیرک	h ʊ x j ɑː r z iː r k
کینم	k iː n ʊ m
وتلو	w ʊ t l ʊ
راټولولو	r ɑ ʈ ʊ l ʊ l ʊ
اص	ɑ s
نفرت	n ʊ f r ʊ t
حرارت	x r ɑː r ʊ t
خبرې	x b ʊ r ə i
مړشو	m ɔ r ʃ ʊ
جاد	d͡ʒ ɑː d
هي	h i
خورن	x ʊ r n
خوخرغمجن	x ʊ x r ɣ m d͡ʒ n
ساري	s ɑː r i
جن	d͡ʒ n
ننه	n ʊ n ə
سبزیو	s b z i ʊ
هیچا	h iː t͡ʃ ɑ
یاد	j ɑː d
وغواړی	w ɣ w ɑː r i
بیه	b iː h
کتلرامين	k t ʊ l r ɑː m i n
لوړوي	l ʊ r ʊ j
حیرانوونکی	x iː r ɑː n ʊ w ʊ n k i
راغی	r ɑː ɣ i
کوټې	k ʊ ʈ ə i
محاسبې	m ʊ h ɑː s b ə i
اوږده	ɔ w ʒ d ə
چاقور	t͡ʃ ɑː q ʊ r
دوسته	d ʊ s t ə
رامینځته	r ɑː m iː n ʈ ə
ویره	w iː r ə
ډا	ɖ ɑ
لاسي	l ɑː s i
مطالعه	m ʊ t ɑː l ʕ ə
ناسته	n ɑː s t ə
مهمو	m ʊ h m ʊ
تلویزیونریکارډرسپیکر	t ʊ l w iː z i ʊ n r iː k ɑː r ɖ r s p iː k r
هوښیارتیا	h ʊ x j ɑː r t iː ɑ
ګټوره	ɡ ʈ ʊ r ə
تادې	t ɑː d ə
نڅا	n ə t͡s a
ایالاتو	a j a l a t o
خدمتبه	x d m a t b a
اوسسطل	a w s s t l
نړیوالو	n ɻ j w a l o
عاید	ʕ a j d
خوښي	x w ʈ͡ʂ i
هوښیار	h o ʈ͡ʂ j a r
ازادۍ	a z a d ə i
لږوو	l ʈ͡ʂ o w
ونډه	w n ɖ a
اوښلرم	a w ʈ͡ʂ l r m
ښودلې	ʂ o d l e
انتقال	a n t q a l
کرنې	k r n e
نفرتوز	n f r t o z
تیر	t i r
بلې	b l e
مغز	m ɣ z
وده	o d a
حافظې	ħ a f i z e
جنجالونه	d͡ʒ n d͡ʒ a l o n a
سانتيګراد	s a n t i ɡ r a d
څاروي	t͡s a r w i
څرخیدل	t͡s r x i d l
ژوروالی	ʐ o r w a l i
چاکلیټ	t͡ʃ a k l i t
صورت	s o r a t
مړینې	m ɻ i n e
ناستو	n a s t o
ویښتانو	w i ʂ t a n o
ورته	w o r t a
کوه	k o h
مشورې	m ʂ o r e
نېښو	n e ʂ o
ماشی	m a ʂ i
راستنه	r a s t n a
سوله	s o l a
شی	ʃ i
جالڅخه	d͡ʒ a l t͡s x a
انسانانو	a n s a n a n o
کو	k o
خوښبوی	x o ʈ͡ʂ b o i
اچوي	a t͡ʃ o i
پلورونکو	p l o r o n k o
پوهې	p o h e
هوښيارزیرک	h o ʈ͡ʂ j a r z i r k
دالتهاب	d a l t a h a b
شیدې	ʃ i d e
سخت	s x t
غریب	ɣ ə r iː b
خطبقه	x ə t̪ b ə q ə
تږییی	t̪ ʐ iː iː iː
نجونې	n ə d͡ʒ uː n e
سرونو	s ə r uː n o
رسوي	r ə s uː i
اوری	a u r iː
بلکې	b ə l k e
حاصلاتو	ħ ɑː s ɪ l ɑː t o
وخه	w ə x ə
چم	t͡ʃ ə m
ډبلده	ɖ b ə l d ə h
نړیوالو	n ə ɻ iː w ɑː l o
درزو	d ə r z o
وکړئ	w ə k ə ɻ ʔ
خطرونو	x ə t̪ r uː n o
بچیان	b ə t͡ʃ iː ɑː n
غوسه	ɣ uː s ə
عدمتوازن	ʕ ə d ə m t o ɑː z ə n
لوړې	l o ɻ e
تصفیه	t ə s f iː h
وچلوم	w ə t͡ʃ l o m
قانعکړي	q ɑː n ʕ k ə ɻ i
ډیرو	ɖ iː r o
وروسته	w ə r uː s t ə h
پرته	p ə r t ə h
اجزا	ɑː d͡ʒ z ɑː
مدیریت	m ə d iː r iː t
تعقیبکړه	t ʕ ə q iː b k ə ɻ ə
کښتاندونیزیا	k ʂ t ɑː n d o n iː z iː ɑː
اوریالته	a u r iː ɑː l t ə h
بلکل	b ə l k ə l
کلنۍ	k ə l n e
ویجاړونکی	w iː d͡ʒ ɑː ɻ o n k i
ساعتونو	s ɑː ʕ t o n o
انسان	ɑː n s ɑː n
ویلد	w iː l d
پراختیا	p r ɑː x t iː ɑː
چاکلیټ	t͡ʃ ɑː k l iː ʈ
زرګونو	z ə r ɡ uː n o
کبانو	k ə b ɑː n o
ګران	ɡ r ɑː n
ومومي	w ə m o m i
راځی	r ɑː ʐ i
میاشتې	m iː ɑː ʂ t e
تیرې	t iː r e
مسلې	m ə s l e
ورزشته	w ə r z ʂ t ə h
خاص	x ɑː s
ییوړی	iː j o ɻ i
تېر	t̪ ɛ r
کوونکی	k uː n k i
دروازې	d r uː ɑ z e
وتلو	uː t l u
نوکرانو	n uː k r ɑː n u
واخلئ	uː ɑ x l ʔ
پلی	p l iː
مساح	m s ɑː ħ
اوسې	ɑː u s e
اشاره	ɑː ʃ ɑː r ɛ
کړو	k ɽ u
نولسمې	n uː l s m e
زیاتکوی	z iː ɑ t k uː i
لارښوونې	l ɑː r x uː n e
څښتن	ʦ ɑː t n
بسکړل	b s k ɽ l
ماتی	m ɑː t iː
زهرجن	z ɛ h r d͡ʒ n
حللاره	ħ l l ɑː r ɛ
مګرولې	m ɡ r uː l e
ښیي	x iː i
نیول	n iː u l
خوبي	x uː b i
وموند	uː m uː n d
تیرید	t iː r iː d
شور	ʃ uː r
رګونو	r ɡ uː n u
سلطنت	s l ʈ n t
دالویډ	d ɑː l uː iː ʈ
ملیون	m l iː uː n
مو	m u
ویج	uː iː d͡ʒ
شامل	ʃ ɑː m l
سو	s u
مخنیوي	m x n iː u i
کسوویلزه	k s uː iː l z ɛ
لري	l r i
پټي	p ʈ i
هلکغمجنشو	h l k ɣ m d͡ʒ n ʃ u
غنماو	ɣ n m ɑː u
ځورونکی	ʣ uː r uː n k i
خپلیغوجلی	x p l iː ɣ uː d͡ʒ l i
وختوه	uː x t uː h
ښوونځي	x uː n ʣ i
حبوباتو	ħ b uː b ɑː t u
هڅې	h ʦ e
ملکه	m l k ɛ
کمزوری	k m z uː r i
مهمه	m ɛ h m ɛ
ټوللاغمجن	ʈ uː l l ɑː ɣ m d͡ʒ n
تخریب	t̪ ə x r iː b
تیریدو	t̪ iː r iː d w
شاید	ʃ ɑː j ə d
کانټینرونه	k ɑː n ʈ iː n r w n ə
آفریند	ɑː f r iː n d
لهشکه	l ə ʃ k ə
سبزيجاتو	s ə b z iː ʒ ɑː t w
غله	ɣ l ə
ماتيږي	m ɑː t̪ iː ʐ iː
مسؤل	m ə s ʔ ə l
ښکارکوونکو	x k ɑː r k w w n k w
لرګیو	l r ɡ iː w
مګرولې	m ɡ r w l eː
خورن	x w r n
خانو	x ɑː n w
خرد	x r d
رنګونه	r n ɡ w n ə
بابل	b ɑː b l
ځایونو	ʐ ɑː j w n w
لوین	l w iː n
اوریالته	ɑː w r iː ɑː l t̪ ə
توکي	t̪ w k iː
سفرلنډ	s ə f r l n ʈ
لام	l ɑː m
خرس	x r s
ساینسپوهان	s ɑː j n s p w h ɑː n
ځایه	ʐ ɑː j ə
یاد	j ɑː d
غږونو	ɣ ʐ w n w
اروپا	ɑː r w p ɑː
غنمو	ɣ n m w
حرکت	h r k t̪
کېیخ	k eː j x
څه	ʈ ə
ُته	ʔ t̪ ə
بلانور	b l ɑː n w r
سندرې	s n d r eː
طبیعي	ʈ b iː ʔ iː
هډوکو	h ʈ w k w
حشرات	h ʃ r ɑː t̪
پوستکي	p w s t̪ k iː
پدیده	p d iː d ə
کوشلرغونی	k w ʃ l r ɣ w n iː
سیټ	s iː ʈ
دیمن	d iː m n
آرام	ɑː r ɑː m
ګورمنوکله	ɡ w r m n w k l ə
بخارا	b x ɑː r ɑː
وویل	w w iː l
شګو	ʃ ɡ w
خدمتګارانې	x ə d̪ m ə t̪ ɡ ɑ r ɑ n e
پروسې	p ə r o s e
ناوخ	n ɑ w x
لرئ	l ə r ʔ
نیول	n i j o l
شګو	ʃ ɡ o
قیمتيملغلرې	q i m t̪ i m l ɣ l ə r e
دروغویل	d̪ r o ɣ o w i l
خردرلود	x ə r d̪ ə r l o d̪
ډولو	ɖ o l o
هریو	h ə r i j o
کاربن	k ɑ r b ə n
تیز	t̪ i z
دادېوالو	d̪ ɑ d̪ e w ɑ l o
لارې	l ɑ r e
هڅو	h ə ʂ o
خطر	x a t̪ r
اوښانله	a w x ɑ n l ə h
آیاسطل	ɑ i ɑ s t̪ l
پیرودلو	p i r o d̪ l o
سلطنت	s ə l t̪ n ə t̪
ماهيانو	m ɑ h i ɑ n o
سپیو	s p i j o
ستاس	s t̪ ɑ s
کوو	k o w
موروه	m o r o w ə h
خبر	x b ə r
غنمبه	ɣ n ə m b ə h
منظم	m ə n z̪ ə m
چمتو	t͡ʃ ə m t̪ o
پراخې	p r ɑ x e
اوسسطل	a w s s t̪ l
عین	ʕ i n
راتلونکی	r ɑ t̪ l o n k i
ننوتلو	n ə n o t̪ l o
معرفي	m ʕ ə r f i
معمولاًاغوندي	m ʕ ə m u l ɑ ɣ o n d̪ i
صنعتونو	s n ʕ ə t̪ o n o
مازدیګر	m ɑ z d̪ i ɡ ə r
چیت	t͡ʃ i t̪
شوي	ʃ o w i
ای	ɑ i
زیانونو	z i ɑ n o n o
خون	x o n
پیسې	p i s e
راولې	r ɑ w ə l e
کېږ	k e ʐ
شوې	ʃ o w e
هالنډیانو	h ɑ l n ɖ i ɑ n o
مليکنه	m ə l i k ə n ə h
ټو	ʈ o
واخلئ	w ɑ x l ə
مسله	m ə s l ə
مننې	m ə n ə n e
غیر	ɣ a i r
اصلي	a s l i
ومومئ	w ə m o m ə
کښتاندونیزیا	k ʂ t ɑ n d o n i z i ɑ
عجبه	ʕ ə d͡ʒ b ə
تودوخې	t o d o x e
قانعکړي	q ɑ n ʕ k ə ɽ i
قهر	q ə h r
وړتیاوو	w ɽ t i ɑ w o
سرو	s ə r o
والونه	w ɑ l o n ə
رامين	r ɑ m i n
نولسمې	n o l s ə m e
کیږی	k i ʝ i
غواړي	ɣ o ɑ ɽ i
کولاې	k o l ɑ e
ګټورې	ɡ ʈ o r e
میوې	m i w e
بوټو	b o ʈ o
همبرداشت	h ə m b ə r d ɑ ʂ t
شاوخوا	ʃ ɑ w x w ɑ
وياړي	w i ɑ ɽ i
مخ	m ə x
اړه	ɑ ɽ ə
کړل	k ə ɽ l
ددې	d ə d e
حشره	ħ ə ʂ r ə
پوهیږم	p o h i ʝ m
وران	w o r ɑ n
ووایم	w o w ɑ i m
پوهنتونو	p o h n ə t o n o
خل	x l
ناڅاپه	n ɑ ʈ ɑ p ə
مسموم	m ə s m o m
پراته	p r ɑ t ə
کیفیت	k i f i t
کېدای	k e d ɑ i
کړي	k ə ɽ i
مودې	m o d e
مه	m ə h
ډیرو	ɖ i r o
پسرل	p ə s ə r l
بوډا	b o ɖ ɑ
ښکلیدیزه	ʂ k l i d i z ə
وړلی	w ɽ l i
دماغکې	d ə m ɑ ɣ k e
خواړه	x w ɑ ɽ a
تهو	t ə w o
ګاونډیو	ɡ ɑ w n ɖ i w o
وهي	w ə h i
ډاډه	ɖ ɑ ɖ a
وغواړی	w ɣ w ɑ ɽ i
ناروغ	n ɑ r w ɣ
مدیر	m d i r
وویلنه	w w i l n a
ورځو	w r ʐ o
کیلوګرامه	k i l o ɡ r ɑ m a
ال	ɑ l
لکه	l k a
بیلګه	b i l ɡ a
لاسي	l ɑ s i
پوهېږې	p w h ɛ ʐ ɛ
مشرهوه	m ʂ r h w a
کېهګۍ	k ɛ h ɡ ɛ
چیغې	t͡ʃ i ɣ ɛ
وایم	w ɑ i m
همبرداشت	h m b r d ɑ ʂ t
ونې	w n ɛ
موادو	m w ɑ d w o
وترنرۍ	w t r n r ɛ
آیایا	ɑ i ɑ i ɑ
راضي	r ɑ ʈ͡ʂ i
ممکن	m m k n
هیوادونو	h i w ɑ d w o n o
منځه	m n ʐ a
دروازه	d r w ɑ z a
وړنه	w r n a
زیاتې	z i ɑ t ɛ
پیرودلو	p i r w d l w o
شاملیدو	ʂ ɑ m l i d w o
شرکت	ʂ r k t
ګرځیچی	ɡ r ʐ i t͡ʃ i
سبزیو	s b z i w o
یوتږی	i w t ʐ i
عادت	ʕ ɑ d t
غنمو	ɣ n m w o
شامل	ʂ ɑ m l
پاککړئ	p ɑ k k r ʔ
ناک	n ɑ k
نیشکیبی	n i ʂ k i b i
درنکړم	d r n k r m
انسان	ɑ n s ɑ n
کبنیونکو	k b n i w o n k w o
اوښخر	ɑ w x kʰ r
میلیونو	m i l i w o n w o
خوا	x w ɑ
اوښاو	ɑ w x ɑ w
طرف	t̪ ɾ ə f
توګه	t̪ o ɣ ə
حیواناتو	x i j w ɑ n ɑ t̪ o
ورکړاو	w ɔ ɾ k ɻ ɑ w
پلورنځي	p ə l o ɾ n d͡z i
هرحال	h ə ɾ h ɑ l
دوبي	d̪ o b i
بوډا	b o ɖ ɑ
یوروبایوازې	j o ɾ o b ɑ j w ɑ z e
هلکغمجنشو	h ə l k ɣ ə m d͡ʒ n ə ʃ o
مرګاويا	m ə ɾ ɣ ɑ w j ɑ
لویڅاروی	l o w i t͡s ɑ ɾ o w i
کوونکې	k o w u n k e
حاکم	x ɑ k ə m
سفیر	s ə f i ɾ
ستاینه	s t̪ ɑ j n ə
ستړییم	s t̪ ɻ i j i m
اوروبوټو	ɑ w ɾ o b o t̪ o
مزد	m ə z d̪
څنګه	t͡s ə ŋ ə
یلد	j ə l d̪
بند	b ə n d̪
خوامې	x w ɑ m e
څراغولری	t͡s ə ɾ ɑ ɣ o l ə ɾ i
اورونه	ɑ w ɾ o n ə
مشروباتو	m ə ʃ ɾ o b ɑ t̪ o
هڅوي	h ə t͡s o j
ګرانو	ɡ ə ɾ ɑ n o
قوي	q o w i
یوسي	j o w s i
ډګرونو	ɖ ə ɡ ɾ o n o
سپینې	s p i n e
جهیلو	d͡ʒ ə h i l o
راویښ	ɾ ɑ w i x
لاملکیدی	l ɑ m ə l k i d̪ i
وويلهو	w o w i l ə h o
ووهی	w o w h i
قرآن	q ɾ ɑ n
آیا	ɑ j ɑ
ټینګار	t̪ i ŋ ɡ ɑ ɾ
حرارت	x ɾ ɑ ɾ ə t̪
اوبو	ɑ w b o
توان	t̪ o ɑ n
پوښتلڅه	p o x t̪ ə l t͡s ə
مطالعه	m ə t̪ ɑ l ɛ h ə
واخیسته	w ɑ x i s t̪ ə
تودوخې	t̪ o d̪ o x e
لومړیتوب	l o m ɻ i t̪ o b
لاړ	l ɑ ɾ
لوړې	l u ɾ e
ځي	ʐ i
سوله	s u l h a
تیریدو	t i ɾ i d u
سبزيجاتو	s b z i d͡ʒ a t u
ومومئ	w m u m ʔ i
ښکارکوونکو	x k a ɾ k u w u n k u
میږیان	m i ʐ i a n
خونې	x w u n e
مختلف	m x t l f
بوځي	b u ʐ i
ورکړحمي	w ɾ k ɾ ʔ h m i
مليکنه	m l i k n h a
ښود	x u d
ویزه	w i z h a
ولیده	w l i d h a
ماو	m a w
تیږو	t i ʐ u
وېرېږه	w e ɾ e ʐ h a
حکیم	h k i m
مینه	m i n h a
زیرمه	z i ɾ m h a
نوۍ	n w ə i
زهرجننېښلري	z h ɾ d͡ʒ n n e x l ɾ i
اوساتونکو	a w s a t u n k u
ویده	w i d h a
پروسې	p ɾ u s e
لوبډلو	l u b ɖ l u
موږته	m w ʐ t h a
ګلانو	ɡ l a n u
وساتی	w s a t i
کېیخ	k e i x
زهرجن	z h ɾ d͡ʒ n
خرسد	x ɾ s d
واورې	w a w ɾ e
هغوی	h ɣ w i
دایو	d a j u
راټولیږي	ɾ a ʈ u l i ʐ i
اخیستلو	a x i s t l u
روانه	ɾ w a n h a
سړکونو	s ɾ k u n u
منظم	m n ʐ m
پیرودونکي	p i ɾ u d u n k i
زوئلا	z w ʔ l a
منشي	m n ʃ i
اغېزه	a ɣ e z h a
میشته	m i ʃ t h a
سطل	s ʈ l
دیوالونه	d i w a l u n h a
کینم	k i n m
نن	n ə n
کارول	k ɑː r o l
دي	d i
زینو	z iː n o
شا	ʃ ɑː
دویو	d o w iː o
نوم	n o m
ساري	s ɑː r i
وګټو	w ʊ ɡ t o
وو	w o
قهوې	q ə h w e
کچالو	k ʊ t͡ʃ ɑː l o
ریګ	r iː ɡ
انتخاب	ɪ n t ɪ x ɑː b
ډاکټرانو	ɖ ɑː k t r ɑː n o
عجبه	ʕ ɪ ʤ b ə
اوارخطاوه	o ɑː r x ʊ t ɑː w ə
بریا	b r iː ɑː
چې	t͡ʃ e
وظیفې	w ʊ z iː f e
اوبوته	o b o t ə
زهرجن	z ə h r ʤ n
واقعادا	w ɑː q iː ɑː d ɑː
شلو	ʃ l o
سړو	s ʊ r o
کېښود	k e x o d
غواړي	ɣ w ɑː r i
قطب	q ʊ t b
قوماند	q o m ɑː n d
څښم	ʦ ʊ m
ولېږ	w o l e ʒ
سړى	s ʊ r i
دادېوالو	d ɑː d e w ɑː l o
ویښته	w iː x t ə
دوبي	d o b i
ورځده	w o r z d ə
تردې	t r d e
شکلو	ʃ k l o
ټینګار	ʈ iː n ɡ ɑː r
وویله	w o w iː l ə
هڅې	h ʊ ʦ e
وږیوی	w ʊ ʒ iː w i
بېلولو	b e l o l o
پدې	p d e
لورده	l o r d ə
ډګرونو	ɖ ʊ ɡ r o n o
رسیږي	r s iː ʒ i
ملیونونو	m l iː o n o n o
لومړي	l o m ʊ r i
کړل	k ʊ r l
کمښت	k ʊ m x t
آسد	ɑː s d
درجې	d r ə d͡ʒ e
لاندې	l ɑː n d e
زهر	z ʊ h r
جیب	d͡ʒ iː b
لوبې	l uː b e
ملیونونه	m l iː j uː n uː n ə
مسله	m s ʊ l ə
نرمه	n r m ə
غرونو	ɣ r uː n uː
اورې	ɑː w r e
ویلو	w iː l uː
تولید	t uː l iː d
کاره	k ɑː r ə
اخیستلو	ɑː x iː s t l uː
وران	w r ɑː n
چی	t͡ʃ iː
ولټوله	w ʊ l t uː l ə
ننوځي	n ʊ n w ʊ d͡ʒ iː
پوزې	p uː z e
لرم	l r m
پوهیږي	p uː h iː ʒ iː
واد	w ɑː d
شوه	ʃ uː h
څیړنې	ʂ iː r n e
سیوري	s iː j uː r iː
تخریب	t x r iː b
زړونو	z r uː n uː
کبانو	k b ɑː n uː
وکتل	w k t l
اغیزمنه	ɑː ɣ iː z m ʊ n ə
نجونې	n d͡ʒ uː n e
لیده	l iː d ə
پراخې	p r ɑː x e
چونګښې	t͡ʃ uː ŋ x e
مقدار	m q d ɑː r
کریم	k r iː m
خرسد	x r s d
وفا	w f ɑː
ثانيه	θ ɑː n iː ə
واښو	w ɑː x uː
خدمتګار	x d m t ɡ ɑː r
واخیسته	w ɑː x iː s t ə
تیز	t iː z
راغلې	r ɑː ɣ l e
شونیه	ʃ uː n iː ə
هټۍ	h t e
کسانو	k s ɑː n uː
داگر	d ɑː ɡ r
خاورې	x ɑ w ə ɾ i
طبیعت	t̪ ə b iː ʕ ə t̪
اوښسپورو	ɑ w ə x s p ɔ ɾ w
اپارتمان	ɑ p ɑ ɾ t̪ m ɑ n
ناوړه	n ɑ w ɽ ə
خورن	x ɔ ɾ n
کیسه	k i s ə
ونیسي	w ə n iː s i
ګډوډ	ɡ ə ɖ w ɖ
نویمنځ	n ɔ j iː m ə n ʈ͡s
همت	h ə m t̪
تياره	t̪ iː ɑ ɾ ə
مغروره	m ə ɣ ɾ uː ɾ ə
اورېدلو	ɑ w ə ɾ iː d̪ l w
ګړندي	ɡ ə ɽ n̪ d i
مسلمانو	m ə s l i m ɑ n w
باید	b ɑ j i d̪
ډالره	ɖ ɑ l ə ɾ ə
پلورونکي	p l ɔ ɾ w ə n k ə i
کونج	k w ə n̪ d͡ʒ
چیچلو	t͡ʃ i t͡ʃ l w
دلی	d̪ l iː
شکایت	ʃ k ɑ j i t̪
پامه	p ɑː m ə
تیریدو	t̪ iː ɾ i d w
تکیه	t̪ ə k i j ə
نرخونه	n ə ɾ x w n ə
جهيلونو	d͡ʒ ə h i l w n w
پلورنځي	p l ɔ ɾ ə n ʈ͡s i 
اوبوته	ɑ w b w t̪ ə
اف	ɑ f
ډوکو	ɖ w k ɔ
شا	ʃ ɑ
کړي	k ə ɽ i
بلله	b ə l l ə
ییوړی	j j w ɽ i
کار	k ɑ ɾ
وده	w ə d̪ ə
پاڅېده	p ɑ ʈ͡s ə d̪ ə
تمرین	t̪ ə m ɾ iː n
لری	l ə r iː
خاندي	x ɑː n̪ d i
اوربشې	ɑ w ə ɾ b ʃ i
نظريه	n ə z ə r i j ə
شتون	ʃ t̪ w n
سمیر	s ə m iː ɾ
نورو	n w ɾ w
وی	w iː
پلاره	p l ɑ ɾ ə
سترطبیب	s ə t̪ ɾ ə t̪ b iː b
ښود	x u d
بندې	b ə n d e
ویلز	w i l z
کشف	k ʃ f
مختلف	m x t l f
انګړ	ɑ n g ɻ
وموند	w m u n d
وچکړه	w t͡ʃ k ɻ a
وسپاري	w s p ɑ r i
کیږم	k i ʂ m
ورځندا	w r z n d ɑ
ماشینونو	m ɑ ʃ i n u n u
ځلی	z l i
تر	t r
ولاړیم	w l ɑ r i m
ددې	d d e
ژر	ʐ r
خپلیغوجلی	x p l i ɣ w d͡ʒ l i
پیغام	p i ɣ ɑ m
زام	z ɑ m
پوستکی	p w s t k i
کوی	k w i
اوسې	ɑ w s e
ومومي	w m u m i
وغواړي	w ɣ w ɑ r i
ګرانی	g r ɑ n i
کسانو	k s ɑ n u
وهلې	w h l e
ساعتونو	s ɑ ʕ t u n u
ولېږل	w l e ʐ l
ابن	ɑ b n
راتل	r ɑ t l
نمرکزونو	n m r k z u n u
اوساتونکو	ɑ w s ɑ t u n k u
سړییم	s ɻ i i m
لیدو	l i d w
ونيو	w n i u
نودا	n u d ɑ
ګډوډۍ	g ɖ w ɖ ə i
زامنر	z ɑ m n r
نیولیوو	n i u l i u w
بیام	b i ɑ m
سړي	s ɻ i
ټوکو	ʈ w k u
تجارت	t d͡ʒ ɑ r ɑ t
کبنیونکو	k b n i u n k u
ښځی	x z i
پلورونکې	p l w r u n k e
موند	m u n d
ښوونه	x w u n a
دیو	d i w
اوربشې	a w r b ʃ e
ویشي	w i ʃ i
راتلونکی	r a t l w n k i
نویمنځ	n w i m n ʒ
ونيو	w n i w
دوسته	d w s t h
روانه	r w a n h
راوړئ	r a w ɽ ʔ
راختلو	r a x t l w
دان	d a n
کتلرامين	k t l r a m i n
ولاړ	w l a ɽ
مقدار	m q d a r
فاطمې	f a t m e
کړي	k ɽ i
سیندونو	s i n d w n w
پوهیدم	p w h i d m
کمپیوټر	k m p i w ʈ r
پاي	p a i
پیشو	p i ʃ w
صنعتونو	s n ʕ t w n w
ټولساتونکي	ʈ w l s a t w n k i
دقیق	d q i q
ژغورلې	ʐ ɣ w r l e
ډکه	ɖ k h
شامل	ʃ a m l
ناروغ	n a r w ɣ
چلولو	t͡ʃ l w l w
استراحت	a s t r a h t
ډکتاج	ɖ k t a ʒ
واورېد	w a w r e d
اب	a b
اد	a d
بندې	b n d e
مسؤل	m s ʔ l
بیر	b i r
فعالوي	f ʕ a l w i
څرخیدو	ʈ͡s r x i d w
ساری	s a r i
راغ	r a ɣ
راځي	r a ʒ i
اوواښه	a w w a x h
کوئ	k w ʔ
اندیښنه	a n d i x n h
قوي	q w i
تاسورښتونیوی	t a s w r x t w n i w i
خپره	x p r h
کاروان	k a r w a n
پوهې	p w h e
داسطل	d ɑː s t ə l
کولای	k uː l ɑː j
خونې	x uː n e
ډېرې	ɖ e r e
لاندیښمن	l ɑː n d i x m ə n
پامیی	p ɑː m iː j
همغږي	h ə m ɣ ʐ i
ساعته	s ɑː ʕ ə t ə
تاوتریخجنټکونه	t ɑː w t r i x d͡ʒ n ʈ k uː n ə
منشي	m ə n ʃ i
کړل	k ɽ l
آرامه	ɑː r ɑː m ə
ویې	w iː e
خوښشوم	x w ɔː ʂ w ə m
هیڅوک	h iː ʈ͡s w ə k
ریس	r iː s
لږوو	l ʐ w ə w
زنګونو	z ə ŋ w ə n ə w
ډګرونو	ɖ ə ɡ r ə w ə n ə w
ما	m ɑː
عدني	ʕ d n i
درملنه	d ə r m ə l ə n ə
ووهي	w w ə h i
مرغان	m ə r ɣ ɑː n
تدابیر	t ə d ɑː b iː r
پناه	p ə n ɑː h
ګاونډیو	ɡ ɑː w n ɖ iː w
حیرانتیا	ħ iː r ɑː n t iː ɑː
افریقایي	ɑː f r iː q ɑː j i
ماهم	m ɑː h ə m
رت	r ə t
کاف	k ɑː f
انسانیت	ɑː n s ɑː n iː t
ویده	w iː d ə
ریګنه	r iː ɡ ə n ə
بارکړې	b ɑː r k ɽ e
سبب	s ə b ə b
ټاکلي	ʈ ɑː k l i
مېرمنې	m e r m ə n e
معاشونه	m ʕ ɑː ʂ w ə n ə
ډریور	ɖ r iː w ə r
هیوادونو	h iː w ɑː d ə w ə n ə w
جهيلونو	d͡ʒ ə h iː l ə w ə n ə w
ګډوډۍ	ɡ ɖ w ə ɖ e
بډایه	b ɖ ɑː j ə
ورکولې	w ə r k uː l e
میبار	m iː b ɑː r
تګنه	t ɡ ə n ə
شمالي	ʂ m ɑː l i
وګټو	w ɡ ʈ w ə w
پروسې	p ɾ u s ɛ
وګټو	w ɡ ʈ o
خپور	x p o ɾ
واقعادا	w ɑ q e ɑ d ɑ
لیوالتیا	l j o w ɑ l t j ɑ
وکولیشم	w k o l i ʃ m
چارې	t͡ʃ ɑ ɾ ɛ
وینې	w i n ɛ
ډاډ	ɖ ɑ ɖ
فایبر	f ɑ j b ɾ
بریالۍ	b ɾ j ɑ l ɛ
تیروي	t i ɾ o j
دالوګید	d ɑ l o ɡ i d
ښکلې	x k l ɛ
ایستل	ɑ j s t l
ناروغۍ	n ɑ ɾ o ɣ ɛ
درد	d ɾ d
شينو	ʃ i n o
نهو	n ɛ h o
ګڼي	ɡ ɳ i
حوضته	ħ o z t ɑ
وضعیت	w z ʕ i t
اړتیا	ɑ ɽ t j ɑ
اوتا	ɑ w t ɑ
لوبغاړې	l o b ɣ ɑ ɽ ɛ
اوسیده	ɑ w s i d ɑ
پوښتلڅه	p o x t l ʦ ɑ
انسانیت	ɑ n s ɑ n i t
محاسبې	m ħ ɑ s b ɛ
سړییم	s ɽ i j m
ښخو	x x o
چاپیریال	t͡ʃ ɑ p i ɾ j ɑ l
اوربشې	ɑ w ɾ b ʃ ɛ
زیانهم	z j ɑ n ɛ h m
لای	l ɑ j
اوبوته	ɑ w b o t ɑ
ابنسینایو	ɑ b n s i n ɑ j o
درنکړم	d ɾ n k ɽ m
جامو	d͡ʒ ɑ m o
همبرداشت	h ɛ m b ɾ d ɑ ʃ t
کوي	k o j
وي	w i
دماغکې	d m ɑ ɣ k ɛ
ماشید	m ɑ ʃ i d
نوکرانو	n o k ɾ ɑ n o
غورځوي	ɣ o ɾ ʝ o j
نیم	n i m
غوښې	ɣ o x ɛ
راوتلی	ɾ ɑ w t l i
وظیفې	w z i f ɛ
نیشکیبی	n i ʃ k i b i
ککړ	k k ɻ
میږیان	m i ʐ i ɑ n
یلد	j l d
سیندونو	s i n d o n o
ښوویل	x o w i l
همت	h ə m t
ستړیا	s t ɻ i ɑ
لکهګرم	l k h ɡ r m
درلوده	d r l o d ə
عقلۍ	ʕ q l ə i̯
بی	b i
پاتی	p ɑ t i
هرکار	h ə r k ɑ r
درلودو	d r l o d o
کمزوریتوب	k m z o r i t o b
جوړې	j o ɻ ə i̯
پیښه	p i x ə
یوروباټ	j o r o b ɑ ʈ
غوسه	ɣ o s ə
نویمنځ	n o w i m n ʂ
ماشییو	m ɑ ʃ i j o
انسانانو	ɑ n s ɑ n ɑ n o
فوټبال	f o ʈ b ɑ l
پوهیږي	p o h i ʐ i
ویلي	w i l i
زیانمنه	z i ɑ n m ə n ə
ما	m ɑ
اغیزمنه	ɑ ɣ i z m ə n ə
مساوي	m s ɑ w i
حلدینود	ħ l d i n o d
سبزي	s b z i
لا	l ɑ
ورکړې	w o r k ɻ ə i̯
عقل	ʕ q l
ار	ɑ r
قه	q ə
اوويښتان	o w i x t ɑ n
راشي	r ɑ ʃ i
بیا۵	b i ɑ 5
توازنیی	t o ɑ z n i j
هوښیاره	h o x j ɑ r ə
اچوو	ɑ t͡ʃ o w
ټاکلي	ʈ ɑ k l i
څرخیدل	ʂ r x i d l
چیو	t͡ʃ i o
ورکړ	w o r k ɻ
اوږدو	o ʐ d o
اړه	ɑ ɻ ə
کېهګۍ	k ə i̯ h ɡ ə i̯
دادی	d ɑ d i
راوړې	r ɑ w ɽ e
ګلان	ɡ l ɑ n
لیرې	l i r e
نومونه	n o m u n e
مخنیوي	m x n i o i
ابنسینایو	ɑ b n s i n ɑ j o
ساتنه	s ɑ t n e
اواز	ɑ w ɑ z
سمد	s m d
ګازونه	ɡ ɑ z u n e
مصرف	m s r f
ثانيه	θ ɑ n i e
کړم	k ɽ m
دکار	d k ɑ r
پخوراکي	p x o r ɑ k i
مودې	m u d e
راضي	r ɑ ð i
يوه	j o h e
خلا	x l ɑ
لوبډله	l u b ɖ l e
یلد	j l d
وڅښي	w t͡s ʂ i
سلطنت	s l t n t
غوږونو	ɣ o ʐ u n o
ماښامندا	m ɑ ʂ ɑ m n d ɑ
ګورمنوکله	ɡ o r m n o k l e
مختلفو	m x t l f o
سرو	s r o
نیوه	n i o h e
سندره	s n d r e
اورونه	ɑ o r u n e
کڅوړوبارکول	k t͡s o ɽ o b ɑ r k u l
پروسو	p r o s o
بدنروغ	b d n r o ɣ
کېږ	k e ʐ
ځمکه	t͡s m k e
عثمانیانو	ʕ o s m ɑ n i ɑ n o
بیه	b i h e
اورېدلي	ɑ o r e d l i
ویینیسو	w i i n i s o
زړور	z ʐ o r
زهرجننېښلري	z h r d͡ʒ n n e ʂ l r i
ځړول	t͡s ɽ u l
کلونو	k l o n o
ماشومان	m ɑ ʂ o m ɑ n
يوازېتو	j o ɑ z e t o
کېږيو	k e ʐ i o
ځکمی	t͡s k m i
آرامۍ	ɑ r ɑ m ə i
پلورونکو	p l ɔ r ʊ n k ʊ
کڅوړوبارکول	k ʈʂ ʊ ɽ ʊ b ɑ r k ʊ l
۷۳۰	s ɛ v ɛ n θ r i z ɛ r o
آسد	ɑ s d
ښودل	x ʊ d l
هیله	h i l ə
مخره	m x r ə
وه	w ə
پیژندلو	p i ʒ n d l ʊ
مزد	m z d
سطحه	s t̪ x ə
رنګرومي	r n ɡ r ʊ m i
کړل	k ɽ l
اوږده	ɑ w ʒ d ə
حل	h l
مړشو	m r ʃ ʊ
مرغانو	m r ɣ ɑ n ʊ
صنعت	s n ʕ t
همبرداشت	h m b r d ɑ ʃ t
سرطان	s r t̪ ɑ n
کولای	k ʊ l ɑ i
پورته	p ʊ r t ə
کوئ	k ʊ ʔ
لخوا	l x w ɑ
بندید	b n d i d
چلوله	t͡ʃ l ʊ l ə
بیرته	b i r t ə
اندیښنه	ɑ n d i x n ə
ويلواه	w i l w ɑ h
نښه	n x ə
سپورکس	s p ʊ r k s
ډیرو	ɖ i r ʊ
لاړو	l ɑ r ʊ
غریب	ɣ r i b
نیشکیبی	n i ʃ k i b i
دیخ	d i x
مېوه	m e w ə
څښتن	ʈʂ x t n
لرونکي	l r ʊ n k i
داتوازن	d ɑ t w ɑ z n
څرګنده	ʈʂ r ɡ n d ə
موافقه	m w ɑ f ɪ q ə
آسانۍ	ɑ s ɑ n ə i
حکومت	h k ʊ m t
دنیالهشتو	d n i ɑ l ə ʃ t ʊ
سفر	s f r
تږییی	t ʒ i i i
ډا	ɖ ɑ
افریقایي	ɑ f r i q ɑ i i
اوروبوټو	ɑ ʊ r ʊ b ʊ t ʊ
چاقور	t͡ʃ aː q u r
کونج	k uː n d͡ʒ
لویاهد	l uː j aː h d
ویښتان	w iː x t aː n
خدمت	x d m a t
وتښتېدل	w t x t eː d l
ییوړی	j iː w ɽ i
کلمګ	k l m ɡ
ازادیم	a z aː d iː m
تاسوو	t aː s uː
تیریدو	t iː r iː d u
توازن	t w aː z n
شپې	ʃ p eː
تقویم	t q w iː m
وه	w h
راوړې	r aː w ɽ eː
قطارونو	q t aː r u n u
دښته	d x t h
ورځندا	w r z n d aː
بحر	b h r
نیشکیبی	n iː ʃ k iː b i
بهر	b h r
تادل	t aː d l
پیړیو	p iː ɽ iː w
دیخ	d iː x
ورکوله	w r k u l h
راضي	r aː z i
وسایلو	w s aː j l u
رسیدلی	r s iː d l i
کارولو	k aː r u l u
پلاره	p l aː r h
مرګاويا	m r ɡ aː w j a
جال	d͡ʒ aː l
باکتریاوې	b aː k t r iː aː w eː
کسوویلزه	k s uː w iː l z h
کوه	k uː h
ګراوه	ɡ r aː w h
ننو	n n u
ملیون	m l iː w n
درلودلو	d r l uː d l u
دروغویلو	d r uː ɣ w iː l u
بچیانو	b t͡ʃ iː aː n u
لهشکه	l h ʃ k h
یمنده	j m n d h
تیز	t iː z
اغیزه	aː ɣ iː z h
پرځای	p r z aː j
پاکوونکو	p aː k uː w n k u
لوستلو	l w s t l u
نفرتوز	n f r t w z
ناخوښبوید	n ɑ x o ʂ b o ɪ d
ستاینه	s t ɑ j n ə
دیچی	d i t͡ʃ i
خاندي	x ɑ n d i
تاسورښتونیوی	t ɑ s o r ʂ t o n i j o ɪ
بابد	b ɑ b d
ویشي	w i ʂ i
ډولهمېږيان	ɖ o l ə m e ʐ i ɑ n
ماته	m ɑ t ə
ګراوه	ɡ r ɑ w ə
سرطان	s r ʈ ɑ n
خوامې	x w ɑ m e
اړم	ɑ ʂ m
عاد	ʕ ɑ d
ګرځیځکه	ɡ r ʐ i ʐ k ə
یوې	j o e
تقویم	t ɑ q w i m
منشي	m n ʂ i
پاک	p ɑ k
ځینو	ʐ i n o
زهرجندی	z ə h r d͡ʒ n d i
ورکړي	w o r k ʂ i
بهرنی	b ə h r n i
ګړند	ɡ ʂ n d
وویلنه	w o j l n ə
کیږی	k i ʐ i
ماشومانو	m ɑ ʂ o m ɑ n o
یوه	j o ə
پناه	p n ɑ h
دد	d d
مړشهیا	m r ʂ ə h j ɑ
ویښتان	w i ʂ t ɑ n
پوهیږئ	p o h i ʐ ʔ
حیوان	ħ i w ɑ n
وړاندې	w r ɑ n d e
پاي	p ɑ j
پلورنځي	p l o r n ʐ i
قه	q ə
کوشلرغونی	k o ʂ l r ɣ o n i
یخپوښول	j x p o ʂ o l
افو	ɑ f o
چم	t͡ʃ m
وترنرۍ	w t r n r ə i
میاشتې	m j ɑ ʂ t e
همدې	h m d e
پیښیږي	p i ʂ i ʐ i
وروسته	w o r o s t ə
توازن	t o ɑ z n
باکتریاوې	b ɑ k t r i ɑ w e
څلورم	ʂ l o r m
کړئیا	k ɻ ə i ɑ
کسوویلزه	k s u w i l z a
لیرې	l i ɻ e
وړاندې	w ɻ ɑ n d e
کېښوده	k e x u d a
بیه	b i h
ژو	ʐ o
ندی	n d i
روان	r w ɑ n
میوې	m i w e
پیدا	p i d ɑ
مهمه	m h m a
واحد	w ɑ h d
جوړې	ʤ o ɻ e
قهوې	q h w e
نوکرانو	n w k r ɑ n o
یمنده	i m n d a
سوداګرۍ	s u d ɑ ɡ r e
وغواړی	w ɣ w ɑ ɻ i
صنعت	ʂ n ʕ t
لورته	l o r t a
مطالعه	m t ɑ l ʕ a
دور	d o r
حرکت	h r k t
مطلب	m t l b
ناروغۍ	n ɑ r w ɣ e
شرمیده	ʃ r m i d a
وکړم	w k ɻ m
ډکدی	ɖ k d i
کړئ	k ɻ ə
ګړندي	ɡ ɻ n d i
اسطل	ɑ s t l
ګرمدیځ	ɡ r m d i ʐ
خورم	x o r m
اوریدلو	ɑ o r i d l o
اصلی	ɑ ʂ l i
وپوښتم	w p o x t m
له	l a
ځواب	ʐ o ɑ b
اوسیده	ɑ o s i d a
وهي	w h i
پسرل	p s r l
پاچا	p ɑ t͡ʃ ɑ
پرواۍ	p r w ɑ e
اوهغی	ɑ o h ɣ i
اوښانله	ɑ o x ɑ n l a
سپیننسواري	s p i n n s w ɑ r i
ایښو	ɑ i x o
وزن	w z n
دونو	d o n o
آر	ɑ r
آره	ɑ r a
آيات	ɑ j ɑ t̪
آيرلنډ	ɑ j r l ə n ɖ
ابادول	a b ɑ d̪ a w ə l
اتل	a t̪ ə l
اتلس	a t̪ ə l a s
اتله	a t̪ ə l a
اته	a t̪ ə
اتيا	a t̪ j ɑ
اتڼ	a t̪ a ɳ
اخ	a x
اخته	a x t̪ a
اخلم	a x l ə m
اخيستل	a x i s t ə l
اخښل	a x ə l
اخښی	a x a i
ارزان	a r z ɑ n
ارزانه	a r z ɑ n a
ارزښت	a r z ə x t̪
ارمان	a r m ɑ n
اري	a r i
اس	a s
استول	a s t a w ə l
اسلام	ɪ s l ɑ m
اسمان	a s m ɑ n
اسماني	a s m ɑ n i
اسټراليا	a s ʈ r ɑ l j ɑ
اسپانيا	ɑ s p ɑ n j ɑ
اسپه	a s p a
اسکيمو	a s k i m o
اغزی	a ɣ z a i
اغوستل	a ɣ o s t ə l
اغوندم	a ɣ u n d ə m
اغږل	a ɣ a ɡ ə l
اغږم	a ɣ a ʐ ə m
افغان	a f ɣ ɑ n
افغانستان	a f ɣ ɑ n ɪ s t ɑ n
البانيا	a l b ɑ n j ɑ
المانيا	a l m ɑ n j ɑ
المانی	a l m ɑ n a i
الوبالو	a l u b ɑ l u
الوتل	a l w ə t ə l
الوتکه	a l w a t̪ ə k a
الوزم	a l w ə z ə m
امريکا	a m r i k ɑ
امريکايی	a m r i k ɑ j a ɪ
املوک	a m l u k
انا	a n ɑ
انار	a n ɑ r
اند	a n d̪
انځور	a n d͡z o r
انځورګر	a n d͡z o r ɡ a r
انګلستان	e ŋ ɡ l ɪ s t̪ ɑ n
انګور	a ŋ ɡ u r
انګوړی	a n ɡ o ɺ ˞ a i
او	a w
اوبازي	a w b ɑ z i
اوباسم	u b ɑ s ə m
اوبدل	o b d̪ ə l
اوبه	o b ə
اور	o r
اورلوبه	o r l o b a
اورم	a w r ə m
اورول	a w r a w ə l
اوريګامي	o r i ɡ ɑ m i
اورګاډی	o r ɡ ɑ ɖ a ɪ
اورېدل	a w r e d ə l
اورېدونکی	a w r e d u n k a i
اوسم	o s ə m
اوسېدل	o s e d ə l
اوسېدونکی	o s e d̪ u n k a ɪ
اوسېدونکې	o s e d̪ u n k e
اوش	o ʃ
اوشه	o ʃ a
اولس	u l ə s
اوم	u m
اومامي	u m ɑ m i
اوولس	u w ə l a s
اووه	u w ə
اويا	a w j ɑ
اويم	o j ə m
اوړم	a w ɺ ˞ ə m
اوړی	o ɻ a ɪ
اوړېدل	a w ɽ e d ə l
اوږد	u ɡ d̪
اوږه	e ʒ a
ايستل	i s t ə l
ايسلنډ	a i s l æ ŋ ɖ
ايغلو	i ɣ l u
اينو	i n o
اپريدی	a p r i d̪ a ɪ
اپيم	a p i m
اپين	a p i n
اچول	a t͡ʃ a w ə l
اړخ	a ɺ̢ x
اړول	a ɽ a w ə l
اړين	ə ɻ i n
اګل	a ɡ a l
اېخ	e x
اېسټونيا	e s ʈ o n j ɑ
اېموجي	e m o d͡ʒ i
اېکوادور	e k w ɑ d o r
بابا	b ɑ b ɑ
باد	b ɑ d
بادول	b ɑ d a w ə l
باران	b ɑ r o m
بارول	b ɑ r a w ə l
بارکزی	b ɑ r ə k z a i
بازو	b ɑ z u
باغ	b o ɣ
باغوان	b ɑ ɣ w ɑ n
بالښت	b ɑ l ə x t
بام	b ɑ m
باندې	b ɑ n d e
بايلل	b ɑ i l ə l
باچا	b ɑ t͡ʃ ɑ
باڼه	b ɑ ɳ ə
بته	b ə t̪ a
بخښل	b a x ə l
بد	b ə d
بدسترګی	b a d s t ə r ɡ a i
بدلاری	b a d l ɑ r a i
بدلول	b ə d̪ l a w ə l
بدلېدل	b a d l e d ə l
بدمخی	b ə d m ə x a i
بده	b ə d a
بدي	b ə d i
بدپوری	b ə d̪ p o r a ɪ
برابر	b a r ɑ b a r
برايي	b ə r ɑ j i
بربنډ	b ə r b ə ŋ ɖ
برج	b r a d͡ʒ
برغټ	b ə r ɣ ə ʈ
برېت	b r e t̪
بغری	b a ɣ a r a ɪ
بغور	b ə ɣ w ə r
بل	b ə l
بلا	b ə l ɑ
بلل	b a l ə l
بلوک	b l u k
بن	b ə n
بنده	b a n d̪ a
بندول	b a ŋ d̪ ə w ə l
بندي	b ə n d̪ i
بنګېدل	b ə ŋ ɡ e d ə l
به	b a
بهېدل	b ə h e d ə l
بهېږم	b a h e ɡ ə m
بوخت	b o x t̪
بوره	b u r a
بوزېدل	b u z e d ə l
بولم	b o l ə m
بونا	b o n ɑ
بوى	b u j
بوټان	b u ʈ ɑ n
بوټپوهنه	b u ʈ p o h ə n a
بوڼېدل	b u ɳ e d ə l
بيا	b j ɑ
بيايم	b j ɑ j ə m
بيزو	b i z o
بيول	b i w ə l
بييی	b i j a ɪ
بيژکۍ	b i ʒ a k ə i
بڅرکی	b ə t͡s ə r k a ɪ
بړستن	b ɺ ˞ ə s t ə n
بښنه	p o x t̪ ə n a
بکاڼه	b a k ɑ ɳ a
بڼ	b a ɳ
بڼهار	b ə ɳ ə h ɑ r
بڼوال	b ə ɳ w ɑ l
بڼکی	b ə ɳ k a ɪ
بې	b e
بېخي	b e x i
بېرته	b e r t a
بېل	b e l
بېلتون	b e l t̪ u n
بېړۍ	b e ɽ ə i
تاسو	t ɑ s o
تاسې	t ɑ s e
تانوکی	t̪ ɑ n u k a ɪ
تانۀ	t̪ ɑ n ə
تاو	t ɑ w
تاوول	t ɑ w a w ə l
تل	t æ l
تلل	t̪ l ə l
تماله	t̪ a m ɑ l a
تنور	t̪ ə n u r
ته	t a
توت	t̪ u t̪
توتي	t̪ u t̪ i
تود	t̪ o d̪
توده	t̪ a w d̪ a
تودوخي	t ə w d u x i
تور	t̪ o r
تون	t̪ u n
تويول	t o j a w ə l
توپان	t̪ o p ɑ n
تيپي	t̪ i p i
تړل	t̪ ə ɻ ə l
تڼۍ	t̪ a ɳ ə i
تۀ	t ə
تېروتل	t̪ e r w a t̪ ə l
تېروتنه	t̪ e r w a t̪ ə n a
تېرۀ	t̪ e r ə
جاروکښ	d͡ʒ ɑ r u k ə x
جام	d͡ʒ ɑ m
جلا	d ʒ ə l ɑ
جنکۍ	d͡ʒ i n ə k ə i
جنګ	d͡ʒ ə ŋ ɡ
جنګول	d ʒ a ŋ ɡ a w ə l
جنګيالی	d͡ʒ ə ŋ ɡ j ɑ l a i
جنۍ	d ʒ i n ə i
جوړ	d ʒ o ɻ
جوړول	d͡ʒ o ɽ a w ə l
جږګی	d͡ʒ ə ɡ ɡ a ɪ
جکړ	d͡ʒ a k a ɽ
جګ	d͡ʒ ɪ ɡ
جګتيا	d͡ʒ ə ɡ t̪ j ɑ
جګړن	d͡ʒ ə ɡ ɺ ˞ ə n
جګړه	d͡ʒ ə ɡ ə ɺ ˞ a
جګړول	d ʒ a ɡ ɺ ˞ a w ə l
جې	d͡ʒ e
جېبوتي	j e b u t̪ i
خام	x ɑ m
خت	x ə t̪
ختل	x a t̪ ə l
ختيځ	x a t̪ i d͡z
خدای	x u d ɑ j
خمچې	x ə m a t͡ʃ e
خواشينی	x w ɑ ʃ i n a i
خواږه	x w ɑ ɡ ə
خور	x o r
خوله	x w l ə
خونه	x u n a
خوټه	x w ə ʈ a
خوړل	x w a ɽ ə l
خوړنځی	x w ə ɻ ə n d͡z a ɪ
خوږ	x o ɡ
خيدک	x a i d ə k
خيرن	x i r ə n
خپسه	x ə p ə s a
خپه	x ə p a
خړ	x ə ɻ
خېل	x e l
خېټه	x e ʈ a
دا	d̪ ɑ
دارو	d ɑ r u
داسې	d ɑ s e
دانه	d ɑ n a
دانګ	ɖ ɑ ŋ ɡ
داړل	d ɑ ɺ ˞ ə l
در	d a r
درزي	d̪ a r z i
درمل	d̪ a r m a l
درملتون	d̪ ə r m ə l t̪ u n
درملپوهنه	d̪ ə r m ə l p o h ə n a
درنه	d̪ r ə n a
دروزه	d̪ r u z a
دروستل	d ə r w ə s t̪ ə l
دروغ	d̪ r o ɣ
درول	d̪ ə r ə w ə l
درولم	d a r w a l ə m
دروند	d̪ r u ŋ d̪
درکول	d a r k a w ə l
درې	d̪ r e
درېدل	d̪ r e d̪ ə l
درېږم	d a r e ɡ ə m
دعوه	d̪ ɑ w a
دغه	d̪ ə ɣ a
دلته	d̪ ə l t̪ a
دلې	d̪ ə l e
دوبی	d̪ o b a i
دود	d̪ o d̪
دومره	d̪ u m r a
دونه	d̪ o n a
دوه	d w a
دوولس	d w o l a s
دويم	d̪ w a i m
دوی	d̪ o ɪ
ديارلس	d̪ j ɑ r l ə s
دپاره	d ə p ɑ r a
دړ	d̪ ə ɺ ˞
دړد	d̪ ə ɺ ˞ d̪
دی	d̪ a i
دې	d̪ e
دېرش	d̪ e r ʃ
دېو	d̪ e o
دېګ	d̪ e ɡ
دېګلی	d̪ e ɡ l a ɪ
ذکر	z ɪ k ə r
را	r ɑ
راتلل	r ɑ t̪ l ə l
راسې	r ɑ s e
راهیسې	r ɑ h i s e
راوستل	r ɑ w ə s t̪ ə l
راولم	r ɑ w a l ə m
راوړل	r ɑ w ɽ ə l
راکول	r ɑ k a w ə l
رحم	r a h ə m
رسنۍ	r ə s ə n a i
رنډۍ	r ə n ɖ ə i̯
رنګ	r a ŋ ɡ
روسيه	r u s j a
روغتانۀ	r o ɣ t̪ ɑ n ə
روغتون	r o ɣ t̪ u n
روغتيا	r o ɣ t j ɑ
رول	r o l
رڼا	r u ɳ ɑ
رېبز	r e b ə d͡ʒ
زامبه	z ɑ m b a
زاګرېب	z ɑ ɡ r e b
زاڼه	z ɑ ɳ a
زباتل	z b ɑ t̪ ə l
زبرځواک	z ə b ə r d͡z w ɑ k
زبرګ	z b ə r ɡ
زده	z d̪ a
زر	z a r
زرغون	z ə r ɣ u n
زغره	z ɣ a r a
زغمل	z ɣ a m ə l
زلیخا	z ʊ l a i x a
زما	z m ɑ
زمری	z m a r a ɪ
زمرۍ	z m a r ə i
زمونږ	z ə m u n ɡ
زموږ	e m i ʒ
زنه	z ə n a
زه	z ə
زهٔ	z ə
زوی	z o ɪ
زړه	z ɻ ə
زړهور	z ɽ a w a r
زڼکی	z ɘ ɳ k ɑ i
زېږېدل	z e ɡ e d ə l
سا	s ɑ
ساپټ	s ɑ p a ʈ
ساړه	s ɑ ɺ̢ ə
ستا	s t̪ ɑ
ستاسو	s t̪ ɑ s o
ستاسې	s t ɑ s e
ستايل	s t̪ ɑ j ə l
ستر	s t ə r
سترګه	s t̪ ə r ɡ a
ستورڅک	s t o r t͡s a k
ستوری	s t̪ o r a ɪ
سخی	s x a ɪ
سره	s ə r a
سرېښ	s a r e x
سل	s ə l
سم	s ə m
سمندر	s ə m ə n d̪ ə r
سنډا	s a n ɖ ɑ
سور	s u r
سورلنډی	s u r l ə n ɖ a i
سوماليا	s o m ɑ l j ɑ
سومر	s u m ə r
سوټک	s o ʈ a k
سوړ	s o ɻ
سيلۍ	s i l ə i
سيمه	s i m a
سيند	s i n̪ d̪
سټک	s a ʈ a k
سپره	s p ə r a
سپنج	s p ə ŋ d͡ʒ
سپوږمۍ	s p o ɡ m ə i
سپين	s p i n
سپک	ʃ p a k
سپی	s p a ɪ
سړه	s ə ɻ a
سړی	s a ɺ̢ a ɪ
سږى	s ə ɡ a ɪ
سکالو	s k ɑ l o
سکه	s a k a
سېلۍ	s e l ə i
شالي	ʃ ɑ l i
شاهد	ʃ ɑ h e d
شرمښ	ʃ ə r m ə x
شروع	ʃ ʊː r ʊː
شغال	ʃ a ɣ ɑ l
شل	ʃ ə l
شلتالو	ʃ a l t̪ ɑ l u
شمېرپوهنه	ʃ m e r p o h ə n a
شوتالو	ʃ a w t̪ ɑ l u
شوملې	ʃ o m l e
شومېر	ʃ u m e r
شونی	ʃ o n a i
شين	ʃ i n
شيګره	ʃ i ɡ a r a
شپاړس	ʃ p ɑ ɺ ˞ ə s
شپږ	ʃ p a ɡ
شپېته	ʃ p e t ə
شډل	ʃ ə ɖ ə l
طالب	t̪ ɑ l ɪ b
غالۍ	ɣ ɑ l ə i
غاړی	ɣ ɑ ɻ a i
غاښ	ɣ ɑ x
غبرګاوی	ɣ b a r ɡ ɑ w a i
غر	ɣ a r
غرڅنی	ɣ a r t͡s ə n a i
غل	ɣ a l
غلا	ɣ l ɑ
غلط	ɣ a l a t̪
غم	ɣ a m
غمجن	ɣ a m d͡ʒ a n
غمی	ɣ a l m a i
غندل	ɤ a n d̪ ə l
غنم	ɣ a n ə m
غو	ɣ o
غوا	ɣ w ɑ
غواړم	ɣ w ɑ ɺ̢ ə m
غوبه	ɣ o b a
غوره	ɣ w ə r a
غورځول	ɣ o r d͡z a w ə l
غومبه	ɣ u m b a
غونه	ɣ u n a
غونډ	ɣ w ə ŋ ɖ
غونډاری	ɣ u n ɖ ɑ r a i
غوول	ɣ o w ə l
غويی	ɣ w a j a ɪ
غوړي	ɣ w a ɺ̢ i
غوږ	ɣ w a ɡ
غوښتل	ɣ u x t ə l
غوښه	ɣ w a x a
غویي	ɣ w ə j i
غيم	ɣ ə j ə m
غيڼ	ɣ i ɳ
غټ	ɣ a ʈ
غپا	ɣ a p ɑ
غپل	ɣ a p ə l
غپول	ɣ a p a w ə l
غپېدل	ɣ a p e d ə l
غړومبل	ɣ ɺ̢ u m b ə l
غړی	ɣ ə ɽ a ɪ
غږېدل	ɣ a ɡ e d̪ ə l
غښتل	ɣ ə x t̪ ə l
غڼه	ɣ ə ɳ a
غېږ	ɣ e ɡ
فرانس	f r ɑ ŋ s
فرانسه	p r ɑ n s a
فردوس	f ɪ r d̪ a w s
قاموس	k ɑ m o s
قطر	k a t ə r
كاچوغه	k ɑ t͡ʃ o ɣ a
كره	k a r a
كوتره	k a w t̪ ə r a
لار	l ɑ r
لاريون	l ɑ r j u n
لاس	l ɑ s
لامبل	l ɑ m b ə l
لامبو	l ɑ m b o
لرغونپوهنه	l ə r ɣ u n p o h ə n a
لرل	l a r ə l
لرګی	l ə r ɡ a i
لرې	l ə r e
لس	l a s
لشه	l a ʃ a
لمانځل	l m ɑ n d͡z ə l
لمر	l a m a r
لمريز	l m a r i z
لمسول	l ə m s ə w ə l
لمسی	l m a s a i
لمن	l a m ə n
لمونځ	l m u n d͡z
لوبه	l o b a
لوبول	l o b a w ə l
لوبېدل	l o b e d ə l
لور	l o r
لوست	l w ə s t̪
لوستل	l w ə s t̪ ə l
لومړی	l u m ɺ ˞ a i
لوند	l u n d̪
لوڅ	l u t͡s
لوړ	l w a ɻ
لوړل	l o ɽ ə l
لوښي	l o ʃ i
لوی	l o i
لوېديځ	l o e d̪ i d͡z
ليدل	l i d ə l
ليکوال	l i k w ɑ l
لپاره	l a p ɑ r a
لپه	l a p a
لړم	l a ɻ a m
لړه	l ə ɽ a
لږ	l ə ɡ
لېور	l e w a r
لېونی	l e w a n a i
لېونۍ	l e w ə n ə i
لېوۀ	l e w ə
لېږل	l e ɡ ə l
مالک	m ɑ l ɪ k
مالګه	m ɑ l ɡ a
ماما	m ɑ m ɑ
ماښام	m ɑ x ɑ m
ماڼۍ	m ɑ ɳ ə i
مخوېينه	m ə x w e j ə n a
مذهب	m a z a b
مرخېړی	m a r x e ɺ̢ a i
مرستونی	m r a s t̪ u n a ɪ
مرغ	m r a ɣ
مرغه	m a r ɣ a
مرغړی	m a r ɣ a ɺ̢ a i
مرغۀ	m ə r ɣ ə
مرګ	m a r ɡ
مزری	m z a r a ɪ
مسه	m̩ s a
مشرانوجرګه	m ə ʃ ə r ɑ n o d͡ʒ a r ɡ a
مصر	m i s a r
معدن	m ɑ d̪ ə n
ملګری	m ə l ɡ ə r a i
ملګرې	m ə l ɡ ə r e
منل	m a n ə l
مننه	m ə n ɘ n ə
منو	m a n o
مني	m a n i
منټ	m ɪ n ə ʈ
منځ	m a n d z
منځنی	m ə n d͡z ə n ə i
منډه	m ə n ɖ a
مور	m o r
موسيقي	m u s i k i
موندل	m u n d̪ ə l
مونږ	m u n ɡ
موټک	m u ʈ a k
موږ	m i ʒ
موږک	m u ɡ ə k
مياشت	m j ɑ ʃ t̪
ميليون	m i l j u n
مينه	m i n a
ميېر	m j e r
مټ	m ə ʈ
مټونګى	m ə ʈ u n ɡ a i
مړه	m ə ɽ a
مړۍ	m a ɺ̢ ə i̯
مړې	m ə ɽ e
میاشت	m i ɑ ʃ t
میرزا	m i r z ɑ
مېجی	m e ʒ a i
مېخ	m e x
مېشت	m e ʃ t̪
مېشيکو	m e ʃ i k o
مېشکوړ	m e ʃ k o ɻ
مېلمه	m e l m a
مېله	m e l a
مېلوه	m e l a w a
مېچن	m e t͡ʃ ə n
مېړګی	m e ɻ ɡ a i
مېړۀ	m e ɻ ə
مېښه	m e x a
نا	n ɑ
نارنجي	n ɑ r ə n d͡ʒ i
ناسم	n ɑ s ə m
ناړولی	n ɑ ɻ a w ɘ l a i
نبي	n a b i
نجلۍ	n d ʒ ə l ə i
نرکاشه	n ə r k ɑ ʃ a
نزدې	n i z d e
نس	n a s
نسواري	n a s w ɑ r i
نشت	n ə ʃ t̪
نطفه	n ʊ t̪ f a
نمونځ	ⁿm u ŋ d͡z
ننګ	n ə ŋ ɡ
نه	n ə
نو	n o
نولس	n u l a s
نوملړ	n u m l a ɻ
نوي	n a w i
نوکغوڅی	n u k ɣ w ə t͡s a i
نوی	n ə w a i
نيا	n j ɑ
نياو	n j ɑ w
نيلي	n i l i
نيمبو	n i m b u
نيوکه	n i w ə k a
نړۍ	n ə ɽ ə i
نږدې	n i ɡ d e
نژدې	n i ʒ d e
نښتر	n ə x t̪ a r
هدف	a d ə p
هسک	h a s k
هغه	h a ɣ ə
هلته	h a l t a
هلک	h a l ə k
هماليۀ	h ɪ m ɑ l ə j ə
همېل	a m e l
هو	h o
هورې	h u r e
هوښيار	h u x j ɑ r
هوکړه	h o k ɻ a
هيله	h i l a
هڅه	h a t͡s a
هڅکه	h a t͡s k a
هګۍ	h ə ɡ ə i
هېر	e r
هېلۍ	h e l ə i
هېواد	h e w ɑ d̪
وئ	w ə i
واورتون	w ɑ w r a t̪ u n
واوره	w ɑ u̯ r a
واټ	w ɑ ʈ
واک	w ɑ k
واکمن	w ɑ k m a n
وتل	w a t̪ ə l
وخ	w a x
ودان	w ə d̪ ɑ n
ودانول	w a d ɑ n a w ə l
ور	w a r
ورشو	w a r ʃ o
ورو	w r o ʊ
وروستل	w a r w a s t ə l
ورولم	w a r w a l ə m
وريجې	w r i d͡ʒ e
وريژې	w r i ʒ e
ورځ	w r a d͡z
ورکول	w a r k a w ə l
وزير	w ə z i r
وزیرستان	w ə z i r ɪ s t̪ ɑ n
ولسوالي	w ə l ə s w ɑ l i
ولسوالۍ	w ə l ə s w ɑ l ə i
وله	w a l a
وم	w ə m
ونه	w ə n a
ووړکی	w o ɺ̢ k a i
ووړکۍ	w o ɺ̢ k ə i
ووړی	w o ɺ ˞ a i
ويده	w i d ə
ويشتل	w i ʃ t ə l
وينم	w i n ə m
وينګ	w a j a ŋ ɡ
ويه	j a j a
وييونه	w i j u n a
وييپانګه	w ə j i p ɑ ŋ ɡ a
ويی	w ə j a i
وټه	w ə ʈ a
وړ	w ə ɻ
وړوکی	w a ɺ̢ u k a i
وړيا	w ə ɻ j ɑ
وږی	w ə ɡ a i
وګړواکي	w ə ɡ ə ɻ w ɑ k i
وګړپوهنه	w ə ɡ ə ɻ p o h ə n a
وګړی	w ə ɡ ə ɻ a i
وېره	w e r a
وېرول	w e r a w ə l
وېرېدل	w e r e d ə l
وېښتان	w e ʃ t̪ ɑ n
وېښته	w e x t ə
يم	j ə m
يهک	j h a k
يو	j a w
يوم	j u m
يونی	y u n a i
يوولس	j a w o l a s
يې	j e
ټاپو	ʈ ɑ p u
ټبر	ʈ a b a r
ټماټر	ʈ a m ɑ ʈ ə r
ټنډه	ʈ ə n ɖ a
ټوپکی	ʈ u p a k a i
ټوکر	ʈ u k ə r
ټوکه	ʈ o k a
ټوکي	ʈ o k i
ټينګ	ʈ i ŋ ɡ
ټپاکی	ʈ u p ɑ k a i
پارسه	p ɑ r s a
پارسیوان	p ɑ r s i w ɑ n
پامدور	p ɑ m a d̪ o r
پايله	p ɑ i l a
پايول	p ɑ y a w ə l
پاړو	p ɑ ɻ u
پاکستان	p ɑ k ɪ s t̪ ɑ n
پاڼه	p ɑ ɳ a
پت	p a t̪
پتخ	p a t a x
پتخه	p a t̪ ə x a
پتنګ	p a t̪ a ŋ ɡ
پخلی	p ə x l a i̯
پخول	p a x a w ə l
پخېدل	p ə x e d ə l
پرتله	p a r t̪ a l a
پرتوګ	p a r t̪ u ɡ
پروت	p r o t̪
پروړه	p r o ɻ a
پرېز	p a r e z
پرېکړه	p r e k ɻ a
پسرلی	p ə s ə r l a i
پسهٔ	p s ə
پسې	p ə s e
پشۍ	p ə ʃ ə i̯
پلاز	p l ɑ z
پلازمېنه	p l ɑ z m e n a
پلاله	p a l ɑ l a
پلم	p ɪ l m
پلورل	p l o r ə l
پمنکی	p a m a n k a ɪ
پنير	p a n i r
پنځلس	p i n d z ə l a s
پنځه	p i n d z ə
پنځوس	p ə n d z o s
پنځپوهنه	p ə ŋ d͡z p o h ə n a
پنډوس	p ə n ɖ u s
په	p ə
پوخ	p o ʊ x
پوله	p u l a
پوليس	p o l i s
پونده	p u n d a
پوه	p o h
پوهاند	p o h ɑ n d
پوهنتون	p o h a n t̪ u n
پوهنه	p o h ə n a
پوهېدل	p o h e d ə l
پوهېږي	p o h e ɡ i
پوڅه	p o t͡s a
پوښتنه	p o x t̪ ə n a
پيسې	p a i s e
پيشو	p i ʃ o
پيل	p a ɪ l
پړانګ	p ɽ ɑ ŋ ɡ
پړسوب	p a ɻ s o b
پښتنه	p a x t̪ a n a
پښتو	p a ç t̪ o
پښتون	p a x t̪ u n
پښه	p x a
پکان	p a k ɑ n
پیل	p i l
پې	p e
پېرل	p e r ə l
پېړۍ	p e ɻ ə i
ځار	d͡z ɑ r
ځان	d z ɑ n
ځای	d͡z i
ځغستل	d͡z ɣ ə s t ə l
ځغلم	d z ɣ ə l ə m
ځغلول	d z ɣ ə l a w ə l
ځل	d͡z ə l
ځلمی	z ɘ l m ɑ i
ځم	d z ə m
ځمکپوهنه	d͡z m ə k p o h ə n a
ځنډ	d z a n ɖ
ځنګل	d͡z ə ŋ ɡ ə l
ځوان	d͡z w ɑ n
ځواک	d͡z w ɑ k
ځيرک	d͡z i r a k
ځينې	d z i n e
ځکه	d͡z ə k a
ځی	d͡z a i
ځیږ	z i ɡ
ځې	d͡z e
ځېل	d͡z e l
څادر	t͡s ɑ d̪ a r
څارونکى	t͡s ɑ r u n k a ɪ ɪ
څاروى	t͡s ɑ r w a ɪ
څاوار	t͡s ɑ w ɑ r
څاپېړه	t͡s ɑ p e ɽ a
څاښکه	s ɑ x k a
څرخول	t s a r x a w ə l
څرګند	t͡s ə r ɡ ə ŋ d̪
څلور	t͡s a l o r
څلوېښت	t s a l w e x t
څنډه	t s ə n ɖ a
څنګ	t s a n ɡ
څنګل	t͡s ə ŋ ɡ ə l
څوارلس	t s w ɑ r l a s
څومره	t͡s u m r a
څونوټ	t͡s o n o ʈ
څوک	t͡s o k
څټک	t͡s a ʈ a k
څپلۍ	t͡s a p l ə i
څپېړه	t͡s a p e ɽ a
څښاک	t͡s x ɑ k
څکل	t s k a l
څکه	t͡s ə k a
څېره	t s e r a
څېړنه	t͡s e ɻ ə n a
چاينک	t͡ʃ ɑ i n ə k
چای	t͡ʃ ɑ i
چورلکه	t͡ʃ u r l ə k a
چوپړ	t͡ʃ o p ə ɻ
چوڼيا	t͡ʃ u ɳ j ɑ
چيچل	t ʃ i t ʃ ə l
ډانډ	ɖ ɑ ŋ ɖ
ډاکو	ɖ ɑ k u
ډبل	ɖ a b ə l
ډز	ɖ a z
ډله	ɖ a l a
ډنډ	ɖ a n ɖ
ډنګر	ɖ a ŋ ɡ ə r
ډول	ɖ a w l
ډولي	ɖ ə ʊ l i
ډوډۍ	ɖ o ɖ ə i
ډک	ɖ a k
ډګه	ɖ a ɡ a
ډېر	ɖ e r
ړومبی	ɺ ˞ u m b a i
ړوند	ɽ u n d
ږغېدل	ʐ a ɣ e d ə l
ږمنځ	ɡ ə m ə n z
ژامه	ʒ ɑ m a
ژباړل	ʒ b ɑ ɻ ə l
ژبه	ʒ ə b ə
ژبپوهنه	ʒ ə b p o h ə n a
ژبکۍ	ʒ a b a k ə i
ژرنده	d͡ʒ r a n d̪ a
ژور	d͡ʒ a w a r
ژوند	ʒ w ə n d̪
ژوندينکه	ʒ w a n d̪ i n a k a
ژوندپوهنه	ʒ w a n d p o h ə n a
ژوندی	ʒ w ə n d̪ a i
ژونکه	ʒ w a n a k a
ژوپوهنه	ʒ o p o h ə n a
ژګاګ	ʒ ɪ ɡ ɑ ɡ
ژېړ	z j a ɻ
ښار	x ɑ r
ښارو	x ɑ r o
ښاغلی	x ɑ ɣ ə l a i
ښامار	x ɑ m ɑ r
ښايي	x ɑ y i
ښه	x a
ښوونځی	x o w ə n z a i
ښوونکی	x o w u n k a ɪ
ښوونکې	x o w u n k e
ښځه	x ə d͡z a
ښځينه	x ə z i n a
ښکار	x k ɑ r
ښکاره	x k ɑ r a
ښکلی	x k w ə l a i
ښکنځل	x k ə n d͡z ə l
ښۀ	x ə
کابل	k ɑ b ə l
کال	k ɑ l
کالنی	k ɑ l a n a i
کالي	k ɑ l i
کاپيوره	k ɑ p i w a r a
کاګل	k ɑ ɡ ə l
کب	k a b
کتاب	k i t̪ ɑ b
کتل	k a t ə l
کرټ	k r ə ʈ
کرکره	k a r k a r a
کسم	k ə s ə m
کلتور	k ʊ l t̪ u r
کله	k ɘ l a
کلک	k l a k
کلکوالى	k l a k w ɑ l a ɪ
کلی	k ə l a ɪ
کندهار	k a n d̪ a h ɑ r
کنوه	k ɪ n w a
کنګال	k a n ɡ ɑ l
که	k ə
کوبا	k u b ɑ
کور	k o r
کوربه	k o r b a
کورنۍ	k o r a n ə i̯
کوس	k w ə s
کول	k a w ə l
کومی	k u m a i
کونه	k w ə n a
کونړ	k u n a ɻ
کونګرى	k u n ɡ r a ɪ
کوټ	k o ʈ
کوټه	k o ʈ a
کوچنی	k u t͡ʃ n a i
کوڼ	k u ɳ
کړ	k ə ɻ
کړه	k ɻ ə
کښې	k x e
کینخي	k i n a x i
کې	k e
کېدل	k e d ə l
ګام	ɡ ɑ m
ګاډی	ɡ ɑ ɖ a ɪ
ګاڼه	ɡ ɑ ɳ a
ګبين	ɡ a b i n
ګرد	ɡ ə r d
ګردی	ɡ ə r d̪ a i
ګرمي	ɡ a r m i
ګروه	ɡ r o h
ګرځول	ɡ ə r d͡z a w ə l
ګرځېدل	ɡ ə r d͡z e d̪ ə l
ګل	ɡ w ə l
ګلابي	ɡ w ə l ɑ b i
ګنده	s x ɑ
ګنډل	ɡ a n ɖ ə l
ګهيځ	ɡ ə h i d͡z
ګودر	ɡ u d̪ a r
ګورل	ɡ o r ə l
ګورم	ɡ o r ə m
ګوړه	ɡ w ə ɽ a
ګيټۍ	ɡ i ʈ ə i
ګټل	ɡ a ʈ ə l
ګټه	ɡ ə ʈ a
ګډون	ɡ a ɖ u n
ګډی	ɡ ə ɖ a ɪ
ګډېدل	ɡ a ɖ e d ə l
ګړدود	ɡ ə ɻ d̪ o d̪
ګړندی	ɡ ə ɺ̢ a n ɖ a i
ګڼ	ɡ a ɳ
ګڼل	ɡ a ɳ ə l
ګېنډی	ɡ e n ɖ a ɪ
ګېډه	ɡ e ɖ a
